Departamento;Provincia;tmean;tmax;tmin;humr;ptot;Ano;Semana;tmean_clima;tmax_clima;tmin_clima;humr_clima;ptot_clima;Tipo caso;Casos
PIURA;AYABACA;17.7;22.2;14.8;87.6;19;2018;1;18.3;22.8;15.2;84.5;5.8;;
PIURA;HUANCABAMBA;15.6;19.9;12.6;89.1;19.5;2018;1;16.1;20.5;12.8;85.9;5.7;;
PIURA;MORROPON;22;27;18.3;78.7;4.9;2018;1;22.7;28;18.8;77.5;3.3;;
PIURA;PAITA;23.3;28.3;20.5;76.6;0.9;2018;1;23.8;28.7;20.9;76.9;1.5;;
PIURA;PIURA;24.2;30.5;20.2;71.8;1.2;2018;1;25;31.3;20.8;70.8;2.1;TOTAL;10
PIURA;SECHURA;23;28.1;20.1;77.3;3.6;2018;1;23.7;28.7;20.7;77.2;1.1;;
PIURA;SULLANA;24.2;30.4;20.1;72.3;0.4;2018;1;24.8;31;20.8;71.1;1.9;TOTAL;1
PIURA;TALARA;23.5;29.1;20.3;74.5;0.8;2018;1;23.9;29.2;20.9;75.1;1.4;TOTAL;1
PIURA;AYABACA;17.7;21.9;15.2;87.9;22.3;2018;2;18.2;22.7;15.1;84.6;7;;
PIURA;HUANCABAMBA;15.8;19.7;13.3;88.9;44.3;2018;2;16;20.5;12.8;85.9;6.2;TOTAL;1
PIURA;MORROPON;22;26.8;18.7;81.8;13.8;2018;2;22.9;28.1;18.9;77.2;3.8;TOTAL;1
PIURA;PAITA;23.1;28.2;20.5;78.3;1.2;2018;2;24.1;29;21.2;76.8;1.3;;
PIURA;PIURA;24;30.1;20.2;75.2;5.2;2018;2;25.2;31.6;21;70.6;2.2;TOTAL;8
PIURA;SECHURA;22.7;27.5;19.8;81.6;4.8;2018;2;24;29;21;77.2;1.4;;
PIURA;SULLANA;24.2;30.1;20.6;73.4;0.8;2018;2;24.9;30.9;21;71.6;2.2;TOTAL;2
PIURA;TALARA;23.4;28.5;20.4;76.1;0.4;2018;2;24.1;29.2;21.1;75.1;1.1;TOTAL;1
PIURA;AYABACA;17.3;21.7;14.5;87.6;18.3;2018;3;18.1;22.6;15.1;85.3;8.5;;
PIURA;HUANCABAMBA;15.3;19.4;12.5;89.4;16.6;2018;3;16;20.4;12.7;86.5;6.7;;
PIURA;MORROPON;22.4;27.4;18.7;75.3;7;2018;3;23;28.2;19.1;76.9;4.8;;
PIURA;PAITA;23.7;28.8;20.5;73.9;2.5;2018;3;24.4;29.2;21.6;76.5;2.7;;
PIURA;PIURA;25;31.1;20.6;66.3;6.3;2018;3;25.5;31.7;21.4;70;3.5;TOTAL;15
PIURA;SECHURA;23.7;28.7;20.5;74.1;2.5;2018;3;24.4;29.3;21.3;76.4;2;;
PIURA;SULLANA;24.5;30.8;20.3;68.2;8.1;2018;3;25.1;30.9;21.3;71.7;3.8;TOTAL;1
PIURA;TALARA;23.7;29.4;20.6;70.8;4;2018;3;24.3;29.3;21.4;75;2.4;TOTAL;1
PIURA;AYABACA;18.3;22.9;15;83.1;2.4;2018;4;18.3;22.7;15.3;85.4;7.7;;
PIURA;HUANCABAMBA;16.2;20.8;12.8;84;2.3;2018;4;16.1;20.5;13;86.5;6.1;;
PIURA;MORROPON;23.6;29.1;19.3;72.9;2.4;2018;4;23.2;28.3;19.4;77.1;5.2;TOTAL;2
PIURA;PAITA;24.5;29.9;21.2;74.2;0.2;2018;4;24.8;29.6;21.9;75.6;1.3;;
PIURA;PIURA;26.1;32.9;21.3;65.3;0.6;2018;4;25.8;32;21.7;69.5;2.3;TOTAL;9
PIURA;SECHURA;24.5;30.1;21;74.2;0.4;2018;4;24.8;29.7;21.7;75.3;1.2;;
PIURA;SULLANA;25.5;31.7;21.2;67.8;0.8;2018;4;25.2;30.9;21.5;72.1;2.8;TOTAL;5
PIURA;TALARA;24.5;30;21.3;71.6;0.2;2018;4;24.6;29.4;21.7;75.1;1.1;TOTAL;2
PIURA;AYABACA;18.9;23.2;15.7;84.6;0.7;2018;5;18.2;22.4;15.5;87.9;8.3;;
PIURA;HUANCABAMBA;16.7;21.2;13.1;86.1;0.8;2018;5;16.2;20.4;13.2;88.4;6.5;;
PIURA;MORROPON;23.9;29.1;19.9;74.3;0.2;2018;5;23.2;27.8;19.8;80;7.1;TOTAL;1
PIURA;PAITA;25.2;30.2;22.2;71.6;0.5;2018;5;25.1;29.6;22.5;76.2;3.9;TOTAL;1
PIURA;PIURA;26.7;33.1;22.3;64.4;0.1;2018;5;25.9;31.5;22.2;71.9;5.7;TOTAL;10
PIURA;SECHURA;24.9;30.2;21.6;72.4;0.5;2018;5;25.2;29.9;22.3;75.5;4.9;TOTAL;2
PIURA;SULLANA;26.1;31.6;22.2;67.9;0.1;2018;5;25.2;30.4;21.9;75;6.4;TOTAL;4
PIURA;TALARA;25.4;30.5;22.5;69.7;0.4;2018;5;24.8;29.1;22.1;76.8;5.2;TOTAL;1
PIURA;AYABACA;18;21.9;15.9;90.7;4.3;2018;6;18.1;22.1;15.6;89.1;15.9;;
PIURA;HUANCABAMBA;16.4;20.5;13.9;90.7;5.9;2018;6;16.2;20.3;13.4;88.9;10.8;;
PIURA;MORROPON;23.1;27.6;19.9;77;3.3;2018;6;23.1;27.4;19.9;82;13.1;TOTAL;1
PIURA;PAITA;24.8;28.8;22.4;72.3;6.6;2018;6;25.3;29.5;22.7;77.3;6.8;;
PIURA;PIURA;25.8;31.1;22.2;67;1.6;2018;6;25.8;30.9;22.4;74.3;10.7;TOTAL;10
PIURA;SECHURA;24.8;29.3;21.9;70.9;1.8;2018;6;25.4;29.9;22.6;76.1;4.1;TOTAL;1
PIURA;SULLANA;24.8;29.6;21.8;72.8;0.9;2018;6;25;29.8;22;77.6;13.3;TOTAL;3
PIURA;TALARA;25;29.4;22.5;71.2;5.3;2018;6;24.9;29;22.3;78;8.5;TOTAL;2
PIURA;AYABACA;18.3;22.5;15.3;86.5;5.8;2018;7;18.3;22.5;15.5;87.8;8.9;;
PIURA;HUANCABAMBA;16.2;20.6;12.7;88.2;6.6;2018;7;16.2;20.5;13.1;87.4;5.8;;
PIURA;MORROPON;23.5;28.7;19.7;76;6.4;2018;7;23.4;28;20;80;6.3;;
PIURA;PAITA;25.8;30.6;22.8;71.3;3.7;2018;7;25.7;30.2;22.9;75.7;1.5;;
PIURA;PIURA;26.6;32.9;22.4;66;3.1;2018;7;26.3;31.8;22.6;71.9;3.2;TOTAL;14
PIURA;SECHURA;25.6;30.8;22.5;71;2.4;2018;7;25.8;30.6;22.7;74.6;0.8;;
PIURA;SULLANA;25.6;31.1;21.8;70.6;1.3;2018;7;25.4;30.4;22.1;75.7;3.9;TOTAL;6
PIURA;TALARA;25.4;30.4;22.5;71.8;0.8;2018;7;25.2;29.5;22.5;76.6;1.8;TOTAL;1
PIURA;AYABACA;18.1;22.6;15.5;87.9;25.9;2018;8;18.2;22.3;15.6;89.3;16;;
PIURA;HUANCABAMBA;16;20.5;13.4;88.4;15.7;2018;8;16.2;20.3;13.4;89.2;10.3;;
PIURA;MORROPON;23.7;28.6;20.2;75.6;4.1;2018;8;23.3;27.6;20.1;81.5;11.5;;
PIURA;PAITA;26.1;30.9;23;68.2;1.2;2018;8;25.8;30.2;23;75.7;4.3;;
PIURA;PIURA;26.9;33;22.5;64;1.2;2018;8;26.1;31.4;22.6;73.3;8.2;TOTAL;13
PIURA;SECHURA;26;31.1;22.6;68.3;0.9;2018;8;25.9;30.5;22.9;74.7;3;;
PIURA;SULLANA;25.9;31.5;22.1;69.1;3.2;2018;8;25.3;30.3;22.1;76.5;11.9;TOTAL;1
PIURA;TALARA;25.7;30.3;22.6;70.4;1;2018;8;25.2;29.6;22.6;76.7;5.9;;
PIURA;AYABACA;18.1;22.6;14.6;80.4;10.6;2018;9;18.3;22.5;15.6;88.9;20.2;;
PIURA;HUANCABAMBA;15.8;20.5;12.1;82.3;7.5;2018;9;16.3;20.5;13.4;88.7;13.3;;
PIURA;MORROPON;24.1;29.5;19;66.6;6;2018;9;23.3;27.7;20.1;81.6;19;;
PIURA;PAITA;26;31.3;22.3;65.1;0.7;2018;9;25.7;30.1;23;76;6.5;TOTAL;1
PIURA;PIURA;27.3;33.8;22;56.8;1.3;2018;9;26.1;31.5;22.5;73.6;13.5;TOTAL;10
PIURA;SECHURA;25.6;31.1;21.6;66.6;0.8;2018;9;25.8;30.5;22.8;74.7;4.9;TOTAL;1
PIURA;SULLANA;26.4;32.5;21.8;62;3.3;2018;9;25.4;30.4;22.1;76.5;15.7;TOTAL;1
PIURA;TALARA;25.8;31.2;22;64.8;0.3;2018;9;25.2;29.6;22.6;76.8;9.1;TOTAL;1
PIURA;AYABACA;18.7;23.3;15.2;79.6;1.8;2018;10;18.4;22.5;15.7;88.8;18.1;;
PIURA;HUANCABAMBA;16.5;20.9;13.3;85.1;1.3;2018;10;16.3;20.5;13.4;88.6;13.3;;
PIURA;MORROPON;24.5;29.8;19.7;65.4;0.6;2018;10;23.4;27.7;20.2;81.8;18.5;TOTAL;1
PIURA;PAITA;25.8;31;22.2;65;0.2;2018;10;25.8;30.3;23.1;75.6;9.1;;
PIURA;PIURA;27.3;33.8;22;56;0.8;2018;10;26.2;31.5;22.7;73.5;14.5;TOTAL;9
PIURA;SECHURA;25.3;30.6;21.5;65.9;0.9;2018;10;26;30.8;22.9;74.1;7.4;TOTAL;1
PIURA;SULLANA;26.4;32.6;21.8;61.4;0.6;2018;10;25.4;30.4;22.3;76.9;16.1;TOTAL;5
PIURA;TALARA;25.7;31.1;22.1;64.3;0.2;2018;10;25.4;29.8;22.7;76.4;10;;
PIURA;AYABACA;19.2;23.7;15.8;81;2.5;2018;11;18.3;22.5;15.6;89;17.5;;
PIURA;HUANCABAMBA;16.6;21;12.9;83.9;1.5;2018;11;16.3;20.5;13.3;88.4;12.8;;
PIURA;MORROPON;24.6;29.9;20.2;68;1.3;2018;11;23.4;27.8;20.2;81.8;16.4;TOTAL;1
PIURA;PAITA;25.4;30.3;22.2;68.4;0.3;2018;11;25.8;30.3;23;75.5;5.7;;
PIURA;PIURA;27.3;33.7;22.4;59.1;0.8;2018;11;26.3;31.6;22.7;73.1;10.2;TOTAL;5
PIURA;SECHURA;25.3;30.7;21.5;68.6;0.7;2018;11;25.8;30.6;22.9;74.8;6;TOTAL;1
PIURA;SULLANA;26.6;32.5;22.5;63.4;0.4;2018;11;25.4;30.4;22.2;76.7;13.6;TOTAL;2
PIURA;TALARA;25.8;30.8;22.7;65.9;0.1;2018;11;25.3;29.7;22.7;76.4;7.9;TOTAL;1
PIURA;AYABACA;18.5;22.7;15.7;87.5;45;2018;12;18.3;22.4;15.7;90;25.4;;
PIURA;HUANCABAMBA;16.4;20.5;13.5;89.1;34.2;2018;12;16.2;20.3;13.4;89.6;18.1;;
PIURA;MORROPON;23.8;28.6;20;74.9;16.7;2018;12;23.2;27.5;20.1;82.9;28.8;TOTAL;3
PIURA;PAITA;25.1;30.2;22.3;69.9;0.9;2018;12;25.5;30;22.9;76.5;10.5;TOTAL;1
PIURA;PIURA;26.4;32.5;22.2;65.3;2.4;2018;12;26;31.2;22.5;74.7;22;TOTAL;14
PIURA;SECHURA;24.7;29.6;21.6;72;1.2;2018;12;25.5;30.1;22.6;76.4;7.8;TOTAL;4
PIURA;SULLANA;26;31.7;22.3;68.4;2;2018;12;25.3;30.3;22.2;77.7;24.2;TOTAL;2
PIURA;TALARA;25.3;30.5;22.4;69.5;0.6;2018;12;25.2;29.6;22.5;77.1;11.8;TOTAL;1
PIURA;AYABACA;18.5;22.8;15.5;86.8;13.8;2018;13;18.3;22.6;15.5;89.1;18.1;;
PIURA;HUANCABAMBA;16.2;20.6;13.3;89.4;7.6;2018;13;16.3;20.5;13.2;88.7;13.8;;
PIURA;MORROPON;23.7;28.6;19.8;75;5.5;2018;13;23.2;27.6;19.9;82.5;17.9;;
PIURA;PAITA;24.6;29.7;21.6;72.6;0.4;2018;13;25.3;29.9;22.5;76.2;9.1;;
PIURA;PIURA;26.3;32.3;21.8;65.9;1.3;2018;13;25.8;31.3;22.2;74.4;14.1;TOTAL;10
PIURA;SECHURA;24.4;29.6;21.1;73.7;1.4;2018;13;25.1;29.8;22.2;76.6;7.9;TOTAL;1
PIURA;SULLANA;26;31.6;22;68;1;2018;13;25.3;30.5;22;76.7;15.8;;
PIURA;TALARA;25;30.4;21.9;69.9;0.5;2018;13;25;29.6;22.3;76.5;11.7;;
PIURA;AYABACA;17.7;21.5;15.4;90.7;48.6;2018;14;18.4;22.6;15.5;88.6;19;;
PIURA;HUANCABAMBA;15.8;19.6;13.2;89.4;29.7;2018;14;16.3;20.6;13.2;88.2;15.3;;
PIURA;MORROPON;22.8;27.2;19.6;81.6;34.2;2018;14;23.1;27.6;19.6;82.2;15.1;TOTAL;3
PIURA;PAITA;23.7;28.5;21.3;79;40.3;2018;14;24.8;29.6;22;76.4;5.6;TOTAL;1
PIURA;PIURA;24.8;30.2;21.3;76.8;31.6;2018;14;25.5;31.1;21.7;74.8;9.9;TOTAL;18
PIURA;SECHURA;23.6;28.3;20.9;80.1;14.1;2018;14;24.3;29;21.5;78.6;3.6;TOTAL;2
PIURA;SULLANA;24.5;29.8;21.3;78.7;41.8;2018;14;25.1;30.4;21.7;76.6;14.8;TOTAL;2
PIURA;TALARA;24;28.8;21.4;78.2;14.4;2018;14;24.8;29.6;22;76;8.1;;
PIURA;AYABACA;17.9;22.3;15;87.9;13.8;2018;15;18.3;22.5;15.5;88.4;14.1;;
PIURA;HUANCABAMBA;15.9;20.3;12.6;87.5;22.2;2018;15;16.3;20.5;13.2;88.3;11;;
PIURA;MORROPON;23.1;27.9;19;76.3;6.5;2018;15;23;27.6;19.5;81.2;10.3;TOTAL;2
PIURA;PAITA;24.2;29.7;20.7;72.9;2.8;2018;15;24.6;29.4;21.7;75.8;3.7;;
PIURA;PIURA;25.3;31.4;20.9;69.7;2;2018;15;25.4;31.1;21.6;73.4;7;TOTAL;42
PIURA;SECHURA;24.1;29.5;20.5;73.7;3.9;2018;15;24.1;29;21.2;77.7;3.2;TOTAL;4
PIURA;SULLANA;24.9;30.7;20.8;71.9;1.7;2018;15;25.1;30.4;21.6;75.3;9.7;TOTAL;7
PIURA;TALARA;24.4;29.8;20.9;71.3;0.7;2018;15;24.8;29.6;21.8;74.7;4.3;TOTAL;1
PIURA;AYABACA;18.7;23.8;14.7;80.1;2.2;2018;16;18.4;22.7;15.2;87.1;7.3;;
PIURA;HUANCABAMBA;16.5;21.4;12.8;82.6;1.2;2018;16;16.2;20.6;12.9;87.3;6.5;;
PIURA;MORROPON;23.7;29.6;18.6;68.7;0.7;2018;16;22.9;27.7;19.1;80;3.5;;
PIURA;PAITA;24.1;29.5;20.6;70;0.1;2018;16;24.2;29.3;21.2;75.5;1.2;;
PIURA;PIURA;25.8;32.5;20.6;62.8;0.3;2018;16;25.2;31.2;21.1;72.3;2;TOTAL;42
PIURA;SECHURA;23.6;29.2;19.9;72.3;0.5;2018;16;23.6;28.6;20.7;77.9;1.2;TOTAL;1
PIURA;SULLANA;25.6;32;20.8;64.8;0.2;2018;16;25;30.6;21.2;73.9;2.4;TOTAL;6
PIURA;TALARA;24.7;30.4;21.2;66.5;0.2;2018;16;24.6;29.7;21.5;73.9;1.3;TOTAL;1
PIURA;AYABACA;18.6;23.4;14.8;82.1;10.8;2018;17;18.3;22.6;15.2;87.1;7.9;;
PIURA;HUANCABAMBA;16.4;21.1;12.6;84.1;19.4;2018;17;16.2;20.5;12.9;87.4;6.8;;
PIURA;MORROPON;24;29.5;19.2;70.2;4.5;2018;17;22.7;27.5;18.9;79.8;4.6;TOTAL;2
PIURA;PAITA;24.6;29.7;21.3;70.5;0.6;2018;17;24;28.9;21;75.5;1.4;;
PIURA;PIURA;26.2;32.5;21.4;63.8;2.8;2018;17;24.9;30.8;20.8;72.3;2;TOTAL;41
PIURA;SECHURA;24;29.4;20.7;73.2;3.1;2018;17;23.3;28.2;20.4;78.1;1.4;;
PIURA;SULLANA;26.3;32.2;21.9;63.7;1.1;2018;17;24.9;30.4;21.1;73.7;2.6;TOTAL;2
PIURA;TALARA;25.2;30.6;21.9;66.4;0.2;2018;17;24.4;29.5;21.3;73.8;1.4;TOTAL;1
PIURA;AYABACA;18.8;23.7;15.2;82.9;11;2018;18;18.4;22.8;15.1;85.9;4.7;;
PIURA;HUANCABAMBA;16.5;21;13;85.1;17.5;2018;18;16.2;20.7;12.8;86.5;4.7;;
PIURA;MORROPON;23.7;29.3;19.2;73.5;5.4;2018;18;22.6;27.6;18.7;79.1;2.1;;
PIURA;PAITA;24.3;29.7;21;72.5;8;2018;18;23.8;28.9;20.7;75.6;1.2;;
PIURA;PIURA;25.7;32.4;21;67;3.3;2018;18;24.7;30.9;20.5;72;1.3;TOTAL;6
PIURA;SECHURA;23.1;28.2;20;77.1;4.8;2018;18;23.1;28;20.2;78.1;1.2;;
PIURA;SULLANA;25.9;32.1;21.5;67.5;2.2;2018;18;24.8;30.6;20.8;72.8;1.4;TOTAL;5
PIURA;TALARA;24.7;30.3;21.5;71.3;6.9;2018;18;24.2;29.6;21;73.6;1.3;;
PIURA;AYABACA;18.2;23;14.6;86;27.4;2018;19;18.5;23.1;15.1;84.6;6.4;;
PIURA;HUANCABAMBA;16;20.4;12.9;88.5;29.2;2018;19;16.3;20.9;12.7;85.4;7.3;;
PIURA;MORROPON;22.8;28.2;18.4;75.9;12.3;2018;19;22.5;27.7;18.4;78.4;3.9;TOTAL;1
PIURA;PAITA;23.2;28.1;20.1;75.5;8.5;2018;19;23.4;28.5;20.4;76;2.1;TOTAL;2
PIURA;PIURA;24.6;31.1;20;69.7;7.8;2018;19;24.4;30.7;20.1;71.7;2.8;TOTAL;5
PIURA;SECHURA;22.3;27.3;19.3;77.9;4.3;2018;19;22.8;27.7;19.9;78.1;2;;
PIURA;SULLANA;24.8;30.9;20.6;70.5;16.7;2018;19;24.7;30.7;20.5;72.1;3;TOTAL;4
PIURA;TALARA;23.8;29.1;20.7;73.6;28.7;2018;19;24;29.4;20.8;73.7;2.5;;
PIURA;AYABACA;18.2;22.7;15.2;87;15.4;2018;20;18.4;23.1;14.9;84;4.2;;
PIURA;HUANCABAMBA;16;20.1;13;88.5;21.6;2018;20;16.1;20.8;12.5;84.7;3.9;TOTAL;1
PIURA;MORROPON;22;27;18.2;78.5;5.4;2018;20;22.1;27.3;18;78.3;2.1;TOTAL;1
PIURA;PAITA;22.6;27.5;19.7;75.7;2.9;2018;20;23.1;28.1;20;76.1;1.5;;
PIURA;PIURA;23.7;29.6;19.4;71.6;2.7;2018;20;24;30.3;19.7;71.8;1;TOTAL;11
PIURA;SECHURA;21.8;26.6;19;77.8;3.6;2018;20;22.4;27.2;19.6;78.3;1;;
PIURA;SULLANA;24.1;29.9;20;72;3.5;2018;20;24.3;30.4;20.1;71.8;1.2;TOTAL;1
PIURA;TALARA;23.2;28.5;20.3;74.7;2.9;2018;20;23.6;29.1;20.4;73.8;1.1;TOTAL;1
PIURA;AYABACA;17.9;22.2;14.6;85.1;3.4;2018;21;18.1;22.7;14.7;84.4;4.3;;
PIURA;HUANCABAMBA;15.7;19.9;12.7;87.4;5;2018;21;15.9;20.5;12.4;85.4;4.7;;
PIURA;MORROPON;21.8;26.9;17.9;77.7;4.8;2018;21;21.7;26.9;17.6;78.1;2.4;;
PIURA;PAITA;22.2;27.4;19;75.7;0.4;2018;21;22.6;27.6;19.6;76.5;1.5;;
PIURA;PIURA;23.3;29.6;18.8;71.4;4.7;2018;21;23.5;29.7;19.2;71.8;1.5;TOTAL;20
PIURA;SECHURA;21.1;25.7;18.5;79.8;4.4;2018;21;22;26.7;19.2;78.7;1.5;TOTAL;2
PIURA;SULLANA;23.9;30;19.4;70.4;0.7;2018;21;23.9;30;19.6;71.5;1.9;TOTAL;3
PIURA;TALARA;22.9;28.5;19.6;73.4;0.7;2018;21;23.2;28.7;19.9;73.9;2.1;;
PIURA;AYABACA;18.4;23.6;14.5;82;1.2;2018;22;18;22.9;14.5;82.6;3.2;;
PIURA;HUANCABAMBA;16;20.7;12.5;85.9;1.2;2018;22;15.8;20.6;12;84;3.9;;
PIURA;MORROPON;21.6;27.4;17.1;75.5;0.4;2018;22;21.5;26.8;17.3;77.5;1.4;TOTAL;1
PIURA;PAITA;21.6;26.5;18.4;76.8;0.1;2018;22;22.2;27.2;19.2;76.8;1;;
PIURA;PIURA;22.9;29.6;18.1;70.2;0;2018;22;23.2;29.5;18.8;71.7;1;TOTAL;4
PIURA;SECHURA;20.8;25.6;17.9;78.8;0.4;2018;22;21.6;26.3;18.8;78.7;0.8;;
PIURA;SULLANA;23.6;30.4;18.9;69.5;0.1;2018;22;23.6;29.9;19.2;71.1;0.8;TOTAL;3
PIURA;TALARA;22.5;28.1;19.1;73.5;0.3;2018;22;22.8;28.4;19.5;74;0.7;;
PIURA;AYABACA;18.4;23.7;14.6;79.9;0.7;2018;23;18.1;23.1;14.3;81.3;2.4;;
PIURA;HUANCABAMBA;15.9;21.1;12.1;83.6;2.7;2018;23;15.7;20.8;11.8;83;3.4;;
PIURA;MORROPON;21.2;26.8;16.8;76.6;0.2;2018;23;21.3;26.8;17;77.1;1.1;TOTAL;2
PIURA;PAITA;21.1;25.9;18;79.1;0.1;2018;23;22;26.9;19;77.2;0.7;;
PIURA;PIURA;22.3;28.8;17.8;72.8;0;2018;23;23;29.3;18.6;71.9;0.6;TOTAL;7
PIURA;SECHURA;20.6;25.3;17.7;80.1;0.3;2018;23;21.4;26.1;18.7;79;0.8;;
PIURA;SULLANA;23;29.8;18.2;71;0;2018;23;23.4;29.8;19;70.9;0.5;TOTAL;1
PIURA;TALARA;22;27.7;18.4;75.3;0;2018;23;22.6;28.2;19.3;74.3;0.5;TOTAL;1
PIURA;AYABACA;18.2;23;14.5;80.4;0.9;2018;24;18;23.2;14;79.6;2.6;;
PIURA;HUANCABAMBA;15.6;20.3;12.1;84.3;0.6;2018;24;15.6;20.9;11.4;81.5;3.1;;
PIURA;MORROPON;20.6;25.8;16.7;78.3;0.1;2018;24;20.9;26.4;16.5;76.9;1.4;;
PIURA;PAITA;20.9;25.5;18.1;78.4;0;2018;24;21.5;26.4;18.5;77.7;0.5;;
PIURA;PIURA;22;28.1;17.8;72.8;0;2018;24;22.5;28.9;18.1;72;0.9;TOTAL;4
PIURA;SECHURA;20.4;24.7;17.9;79.5;0.2;2018;24;21;25.6;18.3;79.1;0.7;;
PIURA;SULLANA;22.7;29.3;18.1;70.9;0.2;2018;24;23;29.4;18.5;71;0.9;TOTAL;1
PIURA;TALARA;21.6;27.2;18.3;75.4;0.1;2018;24;22.1;27.8;18.8;74.8;0.8;;
PIURA;AYABACA;17.6;23.8;12.7;74.2;0.1;2018;25;17.9;23.1;14.1;79.5;1.6;;
PIURA;HUANCABAMBA;14.8;20.8;9.9;76.8;0.1;2018;25;15.5;20.8;11.5;81.1;2.2;;
PIURA;MORROPON;20.3;25.9;15.7;77.1;0;2018;25;20.7;26;16.5;77.5;1.2;TOTAL;1
PIURA;PAITA;20.3;25;17.5;80.9;0.1;2018;25;21.3;26;18.4;78;0.7;;
PIURA;PIURA;21.7;27.8;17.4;73.8;0;2018;25;22.2;28.3;18;72.8;0.6;TOTAL;1
PIURA;SECHURA;19.9;24.5;17.2;80.9;0;2018;25;20.8;25.2;18.2;79.5;0.7;;
PIURA;SULLANA;22.4;29;17.9;72;0;2018;25;22.8;29.1;18.3;71.2;0.5;TOTAL;1
PIURA;TALARA;21.3;26.7;18;77.3;0;2018;25;22;27.6;18.7;74.8;0.7;;
PIURA;AYABACA;17.3;22.4;13.4;79.5;0.5;2018;26;17.8;23.2;13.9;78.5;1.6;;
PIURA;HUANCABAMBA;14.7;20;10.5;81.8;0.8;2018;26;15.4;20.9;11.2;80.3;1.9;;
PIURA;MORROPON;20.1;25.7;15.8;78.2;0.2;2018;26;20.5;25.9;16.2;77.5;0.8;;
PIURA;PAITA;20.5;25.4;17.5;79.1;0.2;2018;26;21.1;25.9;18.1;78.1;0.4;;
PIURA;PIURA;21.6;27.9;17.3;73.2;0.3;2018;26;22;28.2;17.7;72.8;0.5;TOTAL;2
PIURA;SECHURA;20;24.7;17.3;79.9;0.5;2018;26;20.6;25.1;17.9;79.6;0.6;;
PIURA;SULLANA;22.1;28.8;17.7;72.1;0.1;2018;26;22.6;29;18.1;71.2;0.5;;
PIURA;TALARA;21.1;26.8;17.8;77;0.3;2018;26;21.7;27.3;18.4;75;0.5;;
PIURA;AYABACA;17.6;23.6;12.6;76.2;0.2;2018;27;17.8;23.4;13.6;77.3;1.4;;
PIURA;HUANCABAMBA;15.1;21.1;10;78.4;0.2;2018;27;15.3;21;10.9;79.2;1.7;;
PIURA;MORROPON;20;25.6;15.1;77.2;0;2018;27;20.2;25.8;15.9;77.3;0.8;TOTAL;1
PIURA;PAITA;20.4;25;17.4;79.6;0;2018;27;20.8;25.6;17.9;78.3;0.4;;
PIURA;PIURA;21.6;27.7;17.1;73;0;2018;27;21.8;28;17.5;72.9;0.3;TOTAL;5
PIURA;SECHURA;20;24.5;17.3;79.9;0;2018;27;20.3;24.8;17.7;79.7;0.4;TOTAL;1
PIURA;SULLANA;22.2;28.7;17.5;71.6;0;2018;27;22.3;28.9;17.8;71.3;0.3;;
PIURA;TALARA;21.2;26.7;17.9;76.3;0;2018;27;21.5;27.1;18.1;75.1;0.4;;
PIURA;AYABACA;18.2;24.2;13.8;73.8;0.1;2018;28;17.8;23.4;13.6;76.8;1.9;;
PIURA;HUANCABAMBA;15.5;21.3;11.2;77.3;0.1;2018;28;15.3;21.1;10.9;78.6;2;;
PIURA;MORROPON;20.4;25.9;15.8;76.3;0;2018;28;20.1;25.7;15.7;77;1.1;;
PIURA;PAITA;20.2;24.7;17.2;79.9;0;2018;28;20.5;25.3;17.5;78.3;1.2;TOTAL;1
PIURA;PIURA;21.6;27.8;16.9;72.9;0;2018;28;21.5;27.8;17.2;72.7;1.1;;
PIURA;SECHURA;19.8;24.2;16.9;80.1;0;2018;28;20;24.5;17.4;79.5;0.9;;
PIURA;SULLANA;22.2;28.7;17.4;71.3;0;2018;28;22.1;28.8;17.5;70.8;1;TOTAL;1
PIURA;TALARA;21;26.3;17.6;76.6;0;2018;28;21.2;26.9;17.8;75;0.8;;
PIURA;AYABACA;18;23.5;13.9;75.3;0.1;2018;29;17.8;23.6;13.5;75.5;1;;
PIURA;HUANCABAMBA;15.3;20.7;11.2;78.9;0.1;2018;29;15.3;21.2;10.7;77.5;1.5;;
PIURA;MORROPON;19.8;25.1;15.7;78.1;0;2018;29;19.9;25.6;15.5;76.8;0.5;;
PIURA;PAITA;20;24.5;17.2;79.4;0;2018;29;20.3;25.1;17.3;78.4;0.4;;
PIURA;PIURA;21.2;27.2;16.8;73.6;0;2018;29;21.3;27.7;17;72.8;0.3;TOTAL;1
PIURA;SECHURA;19.8;24.2;17.1;79.3;0;2018;29;19.8;24.4;17.2;79.5;0.5;;
PIURA;SULLANA;21.7;28.1;17.1;71.6;0;2018;29;22;28.7;17.3;70.7;0.2;TOTAL;1
PIURA;TALARA;20.7;26;17.4;76.2;0;2018;29;21.1;26.8;17.6;75;0.2;;
PIURA;AYABACA;18.2;24;13.6;74.7;0.1;2018;30;18;23.9;13.6;74.8;1;;
PIURA;HUANCABAMBA;15.5;21.3;11.2;78;0.2;2018;30;15.4;21.4;10.9;76.8;2;;
PIURA;MORROPON;20.3;25.8;16.1;78.5;0;2018;30;20;25.7;15.6;76.9;0.6;;
PIURA;PAITA;20.4;25.1;17.8;80.7;0;2018;30;20.3;25.1;17.3;78.5;0.2;;
PIURA;PIURA;21.8;28;17.6;74.2;0;2018;30;21.3;27.7;17;73;0.2;;
PIURA;SECHURA;20.2;24.8;17.8;80.6;0;2018;30;19.8;24.3;17.2;79.6;0.2;;
PIURA;SULLANA;22.2;28.8;17.7;72.5;0;2018;30;22;28.7;17.3;70.8;0.2;;
PIURA;TALARA;21.1;26.9;17.8;77.5;0;2018;30;21;26.8;17.6;75.1;0.2;;
PIURA;AYABACA;17.9;23.7;13.4;77.4;3.8;2018;31;17.9;24.1;13.2;73.8;1;;
PIURA;HUANCABAMBA;15.4;21;10.7;79.4;3;2018;31;15.4;21.6;10.5;75.6;1.2;;
PIURA;MORROPON;20;25.3;15.8;79.6;3.1;2018;31;19.7;25.5;15.2;76.6;0.8;;
PIURA;PAITA;20.5;25.5;17.9;79.2;0.5;2018;31;20;24.8;17.1;78.5;0.2;;
PIURA;PIURA;21.4;27.5;17.4;75;2.2;2018;31;21.1;27.5;16.7;72.9;0.3;TOTAL;1
PIURA;SECHURA;20;24.8;17.5;80.2;3;2018;31;19.6;24.1;16.9;79.4;0.4;;
PIURA;SULLANA;22.1;28.6;17.7;72.9;0.7;2018;31;21.7;28.6;17;70.8;0.1;;
PIURA;TALARA;21.1;27;17.9;77.2;0.4;2018;31;20.8;26.6;17.3;75.1;0.1;;
PIURA;AYABACA;18.7;24.8;14.4;72.4;0.1;2018;32;18;24.3;13.3;72.9;1;;
PIURA;HUANCABAMBA;15.9;21.9;11.5;75.9;0.5;2018;32;15.5;21.7;10.7;75.1;1.3;;
PIURA;MORROPON;20.3;25.9;15.7;76.2;0;2018;32;19.8;25.8;15.2;76;0.6;;
PIURA;PAITA;20.1;24.8;17.2;78.2;0;2018;32;20;24.9;17;78;0.2;;
PIURA;PIURA;21.4;27.8;16.7;72;0;2018;32;21.1;27.8;16.6;72.2;0.2;TOTAL;1
PIURA;SECHURA;19.8;24.4;16.9;78.2;0;2018;32;19.6;24.3;16.9;78.8;0.1;;
PIURA;SULLANA;22;28.9;17.1;70.2;0;2018;32;21.8;28.9;17;70;0.1;;
PIURA;TALARA;20.8;26.5;17.4;75.6;0;2018;32;20.8;26.7;17.3;74.7;0.1;;
PIURA;AYABACA;18.2;24.6;13.4;72.4;0.1;2018;33;18.1;24.4;13.3;73.2;0.9;;
PIURA;HUANCABAMBA;15.6;21.8;10.6;74.9;0.4;2018;33;15.6;21.8;10.7;75.4;1.6;;
PIURA;MORROPON;20;25.9;15.4;76.4;0;2018;33;20;25.9;15.2;76;0.7;;
PIURA;PAITA;20;24.9;17.2;79.3;0;2018;33;20;25;17;78.2;0.2;;
PIURA;PIURA;21.4;27.9;16.9;72.5;0;2018;33;21.2;27.9;16.7;72.2;0.2;;
PIURA;SECHURA;19.9;24.6;17.1;78.4;0;2018;33;19.6;24.4;16.9;78.8;0.2;;
PIURA;SULLANA;21.8;29;17.1;71.3;0;2018;33;21.9;28.9;17.1;70.2;0.2;TOTAL;1
PIURA;TALARA;20.5;26.4;17.2;77.1;0;2018;33;20.8;26.7;17.3;75;0.1;;
PIURA;AYABACA;18.6;25.3;13.6;70.3;0.1;2018;34;18.1;24.4;13.3;73;0.8;;
PIURA;HUANCABAMBA;15.7;22.2;10.4;73.2;0.1;2018;34;15.7;21.9;10.8;75.2;1.3;;
PIURA;MORROPON;20;25.9;15.4;76.3;0;2018;34;20;25.9;15.3;75.9;0.8;;
PIURA;PAITA;20;24.9;17.1;78.6;0;2018;34;19.9;25;16.9;78.1;0.2;;
PIURA;PIURA;21.3;27.9;16.7;72.1;0;2018;34;21.2;27.9;16.7;72;0.4;TOTAL;2
PIURA;SECHURA;19.7;24.5;16.9;78.3;0;2018;34;19.5;24.4;16.8;78.8;0.4;;
PIURA;SULLANA;22;29.1;17.1;70.4;0;2018;34;21.9;29;17.1;70;0.2;;
PIURA;TALARA;20.6;26.6;17.2;76;0;2018;34;20.7;26.7;17.2;74.8;0.1;;
PIURA;AYABACA;18.5;25.3;13.4;69.8;0.4;2018;35;18.2;24.4;13.6;73.8;0.9;;
PIURA;HUANCABAMBA;15.8;22.1;10.7;73.4;0.4;2018;35;15.8;21.9;11.1;75.8;2;;
PIURA;MORROPON;20.1;26.1;15.3;75.7;0.2;2018;35;20;26;15.4;76;1.1;;
PIURA;PAITA;19.7;24.6;16.6;79.4;0;2018;35;20;25.1;16.9;78;0.2;;
PIURA;PIURA;21.3;28;16.7;71.9;0.1;2018;35;21.3;28;16.7;71.8;0.3;;
PIURA;SECHURA;19.7;24.5;16.7;78.2;0;2018;35;19.6;24.5;16.8;78.5;0.4;;
PIURA;SULLANA;21.8;29;17;70.4;0;2018;35;21.9;29.1;17.1;69.9;0.1;TOTAL;1
PIURA;TALARA;20.3;26;16.8;76.7;0;2018;35;20.7;26.7;17.2;74.8;0.1;;
PIURA;AYABACA;18.6;25.4;13.3;69.4;5.3;2018;36;18.2;24.3;13.6;74.5;2.2;;
PIURA;HUANCABAMBA;15.9;22.3;10.6;73.2;4.1;2018;36;15.9;21.8;11.1;76.4;3.8;;
PIURA;MORROPON;20.5;26.6;15.4;75.2;1.8;2018;36;20.2;26.2;15.5;75.8;1.6;;
PIURA;PAITA;20.1;25.2;17.1;79.1;0.4;2018;36;20.1;25.2;17;77.8;0.4;;
PIURA;PIURA;21.7;28.7;17;71.6;1.2;2018;36;21.5;28.3;16.9;71.4;0.5;;
PIURA;SECHURA;20;25;17;78.3;0.8;2018;36;19.7;24.7;16.8;78.4;0.5;;
PIURA;SULLANA;22.2;29.6;17.3;70.3;0.5;2018;36;22.1;29.3;17.3;69.6;0.5;;
PIURA;TALARA;20.8;26.9;17.3;76.1;0.1;2018;36;20.9;26.8;17.3;74.7;0.4;;
PIURA;AYABACA;18.2;24.5;13.5;73.6;1;2018;37;18.3;24.4;13.6;74.7;3;;
PIURA;HUANCABAMBA;16;22.1;11.3;75.4;2.2;2018;37;15.9;21.9;11.2;76.7;5;;
PIURA;MORROPON;20.4;26.4;15.7;74.9;1;2018;37;20.3;26.3;15.6;75.5;2.1;;
PIURA;PAITA;20.5;25.6;17.3;77.6;0.2;2018;37;20.1;25.3;17;77.5;0.4;;
PIURA;PIURA;21.8;28.6;17;70.4;0.3;2018;37;21.5;28.4;16.9;71.1;0.7;TOTAL;1
PIURA;SECHURA;19.9;25;16.8;78.1;0.4;2018;37;19.7;24.8;16.8;78.3;0.8;;
PIURA;SULLANA;22.3;29.6;17.5;69.6;0;2018;37;22.2;29.4;17.4;69.4;0.6;TOTAL;1
PIURA;TALARA;21.2;27.4;17.7;74.7;0.1;2018;37;20.9;26.9;17.4;74.4;0.4;;
PIURA;AYABACA;18.6;24.8;14.2;76;1.1;2018;38;18.3;24.2;13.8;76.2;1.7;;
PIURA;HUANCABAMBA;16.2;22;11.8;79.3;5.3;2018;38;16;21.8;11.5;77.8;2.7;;
PIURA;MORROPON;20.5;26.6;15.9;75.6;0.5;2018;38;20.5;26.4;15.8;75.7;1.4;;
PIURA;PAITA;20.2;25.6;17;77.3;0;2018;38;20.3;25.6;17.2;77.2;0.9;;
PIURA;PIURA;21.6;28.7;16.7;71.1;0.1;2018;38;21.7;28.7;17.1;71;0.6;;
PIURA;SECHURA;19.6;24.8;16.6;79.1;0.3;2018;38;19.8;24.9;16.9;78.3;0.6;;
PIURA;SULLANA;22.4;29.9;17.4;68.8;0.1;2018;38;22.4;29.6;17.6;69.2;0.8;;
PIURA;TALARA;21.2;27.2;17.5;73.9;0;2018;38;21.1;27.2;17.6;74.2;0.6;;
PIURA;AYABACA;18.9;25.1;14.2;75;0.8;2018;39;18.2;23.9;14;77.7;2.2;;
PIURA;HUANCABAMBA;16.5;22.6;11.6;77.2;0.8;2018;39;16;21.5;11.7;79.4;3.6;;
PIURA;MORROPON;21.1;27.6;16.2;74.7;0.5;2018;39;20.5;26.5;15.9;75.6;1.2;;
PIURA;PAITA;20.4;25.7;17.3;78.8;0;2018;39;20.3;25.5;17.2;77.3;0.4;;
PIURA;PIURA;22.2;29.7;17.3;70.8;0;2018;39;21.7;28.7;17;70.9;0.4;;
PIURA;SECHURA;20;25.6;17;79.1;0;2018;39;19.8;25;16.9;78.1;0.6;;
PIURA;SULLANA;22.7;30.7;17.7;69.6;0;2018;39;22.4;29.6;17.6;69.3;0.4;TOTAL;1
PIURA;TALARA;21.2;27.4;17.7;75.6;0;2018;39;21.1;27.1;17.6;74.2;0.3;;
PIURA;AYABACA;18.3;23.6;14.9;82.6;12.6;2018;40;18.3;23.9;14.1;78;2;;
PIURA;HUANCABAMBA;16;20.8;12.8;86.8;20.1;2018;40;16;21.5;11.8;80.3;3.7;;
PIURA;MORROPON;20.8;26;16.9;78.5;4.4;2018;40;20.7;26.6;16;75.4;1.3;;
PIURA;PAITA;20.3;25.1;17.7;80.8;0.2;2018;40;20.4;25.7;17.3;76.9;0.3;;
PIURA;PIURA;21.9;28.3;17.7;73.4;0.2;2018;40;21.9;28.9;17.1;70.5;0.5;;
PIURA;SECHURA;20.1;25.1;17.5;80.4;0.1;2018;40;19.9;25.1;17;78.1;0.3;;
PIURA;SULLANA;22.4;29.3;18.1;71.5;0.2;2018;40;22.5;29.8;17.7;68.7;0.5;TOTAL;1
PIURA;TALARA;20.8;26.5;17.8;77.9;0.2;2018;40;21.2;27.3;17.7;73.8;0.3;;
PIURA;AYABACA;17.9;23;14.2;79.2;3.9;2018;41;18.1;23.6;14;79.2;3.9;;
PIURA;HUANCABAMBA;15.8;20.4;12.3;80.2;4.9;2018;41;15.9;21.2;11.8;80.9;4.9;;
PIURA;MORROPON;20.4;25.8;16.4;76.1;0.2;2018;41;20.7;26.7;16;75.4;2;;
PIURA;PAITA;20.3;25.3;17.5;77.4;0.2;2018;41;20.4;25.8;17.3;76.9;0.8;;
PIURA;PIURA;21.6;28.2;17.3;71.4;0.3;2018;41;21.9;29;17.2;70.5;1.1;TOTAL;1
PIURA;SECHURA;20.5;25.7;17.5;76.1;0.4;2018;41;20;25.2;17;78;0.9;;
PIURA;SULLANA;22.1;29;17.6;68.9;0.7;2018;41;22.5;29.9;17.7;68.7;0.7;;
PIURA;TALARA;20.8;26.7;17.5;74.2;0.1;2018;41;21.2;27.3;17.7;73.8;0.9;;
PIURA;AYABACA;17.9;23;14.4;82.2;7.3;2018;42;18;23.4;13.9;79.1;5.3;;
PIURA;HUANCABAMBA;15.6;20.2;12.3;87.2;14.5;2018;42;15.8;21;11.7;80.6;8.7;;
PIURA;MORROPON;20.3;25.8;16.2;78.5;3.2;2018;42;20.6;26.6;16;75.6;4.7;;
PIURA;PAITA;20.7;26;17.9;77;0.4;2018;42;20.4;25.7;17.3;77.4;1.4;;
PIURA;PIURA;22;28.8;17.6;71.1;0.2;2018;42;21.8;28.9;17.1;71;2.5;TOTAL;1
PIURA;SECHURA;20.6;25.8;17.8;77;0.9;2018;42;20;25.2;17.1;78.3;2.1;;
PIURA;SULLANA;22.3;29.7;17.8;69.3;0;2018;42;22.4;29.8;17.6;69.2;1.7;TOTAL;3
PIURA;TALARA;21.1;27.4;17.8;74.5;0;2018;42;21.1;27.2;17.6;74.5;1.3;TOTAL;2
PIURA;AYABACA;18.3;23.8;14.1;77.5;1.8;2018;43;18;23.2;14.1;80.9;4.5;;
PIURA;HUANCABAMBA;15.9;20.9;11.9;80.5;2.2;2018;43;15.8;20.8;11.9;83.1;8.2;;
PIURA;MORROPON;20.8;27;16.1;75.1;0.4;2018;43;20.7;26.8;16.2;76;3.2;;
PIURA;PAITA;20.5;26;17.4;77.6;0.1;2018;43;20.6;26;17.6;77.3;0.9;;
PIURA;PIURA;22.1;29.6;17.1;69.9;0;2018;43;22.1;29.3;17.4;70.8;1.4;;
PIURA;SECHURA;20.3;25.8;17.3;77.6;0.1;2018;43;20.3;25.7;17.4;77.8;1.4;;
PIURA;SULLANA;22.8;30.7;17.5;67;0;2018;43;22.5;30;17.8;69.4;0.6;TOTAL;2
PIURA;TALARA;21.2;27.6;17.4;74;0;2018;43;21.3;27.4;17.8;74.5;0.6;;
PIURA;AYABACA;18.4;23.4;14.9;82.3;4.5;2018;44;18;23.2;14.1;80.9;2.6;;
PIURA;HUANCABAMBA;16.1;20.8;12.7;84.8;6.1;2018;44;15.8;20.8;11.9;82.3;5.1;;
PIURA;MORROPON;21.3;27;17;76.6;1.7;2018;44;20.8;26.9;16.2;75.6;1.4;;
PIURA;PAITA;21.2;26;18.4;77.6;1.1;2018;44;20.9;26.3;17.9;77.1;0.5;;
PIURA;PIURA;22.6;29.5;18.1;71.2;1.3;2018;44;22.2;29.4;17.5;70.6;0.5;TOTAL;1
PIURA;SECHURA;21.1;26.2;18;77.1;2.4;2018;44;20.6;25.9;17.6;77.8;0.7;;
PIURA;SULLANA;23;30.4;18.4;69.8;0.1;2018;44;22.8;30.2;17.9;69.2;0.3;TOTAL;2
PIURA;TALARA;21.6;27.5;18.4;75.3;0.4;2018;44;21.5;27.7;18;74.4;0.4;;
PIURA;AYABACA;18.1;22.9;14.5;84.3;15.5;2018;45;17.9;23.1;14.1;81.6;5.3;;
PIURA;HUANCABAMBA;16;20.7;12.3;85.6;20.5;2018;45;15.8;20.7;12;83.4;8.2;;
PIURA;MORROPON;21.5;27.1;17.1;77.9;7.4;2018;45;20.7;26.6;16.3;76.4;3.4;;
PIURA;PAITA;22.2;27.2;19.2;77.8;4.7;2018;45;20.9;26.2;17.8;77.4;0.9;;
PIURA;PIURA;23.2;30;18.5;72.4;5.6;2018;45;22.1;29.2;17.6;71.3;1.4;;
PIURA;SECHURA;21.8;26.9;18.9;78.1;2.9;2018;45;20.5;25.7;17.6;78.2;1.3;;
PIURA;SULLANA;23.7;30.7;18.8;70.4;1.4;2018;45;22.7;29.9;17.9;69.5;0.6;TOTAL;1
PIURA;TALARA;22.7;28.5;19.1;74.8;1.6;2018;45;21.4;27.6;18;74.5;0.5;;
PIURA;AYABACA;18.7;23.6;15.3;86;12.1;2018;46;18;23.2;14.1;81.1;5.4;;
PIURA;HUANCABAMBA;16.5;21.2;13.3;89.4;11.1;2018;46;15.8;20.9;11.7;82.5;8.8;;
PIURA;MORROPON;21.6;26.9;17.6;78.5;4.1;2018;46;21;27.1;16.4;75.7;2.8;;
PIURA;PAITA;22.2;27.1;19.3;76.4;0.7;2018;46;21.2;26.5;18.1;77.3;0.9;;
PIURA;PIURA;23.2;29.9;18.8;71.8;2.7;2018;46;22.5;29.6;17.8;71;1.1;;
PIURA;SECHURA;22;27.1;19.1;76;0.4;2018;46;20.9;26.2;17.9;77.7;0.9;;
PIURA;SULLANA;23.6;30.5;19;70.2;1.2;2018;46;22.9;30.2;18.1;69.6;0.7;TOTAL;1
PIURA;TALARA;22.7;28.5;19.2;74.2;0.3;2018;46;21.6;27.8;18.2;74.7;0.7;;
PIURA;AYABACA;18.6;23.2;15.7;86.5;25.6;2018;47;17.9;23.1;13.9;80.3;4.4;;
PIURA;HUANCABAMBA;16.2;20;13.8;91.8;50.3;2018;47;15.7;20.7;11.6;81.8;5.6;;
PIURA;MORROPON;21.1;25.9;17.6;83;12.2;2018;47;21;27;16.4;75.4;2.6;;
PIURA;PAITA;22.1;26.7;19.6;79.8;2.7;2018;47;21.2;26.5;18.1;77.6;1.2;;
PIURA;PIURA;22.9;28.9;18.9;76.1;2.2;2018;47;22.5;29.5;17.8;71;1.2;;
PIURA;SECHURA;22;26.6;19.4;79;4.8;2018;47;21;26.2;18;78.2;1.6;;
PIURA;SULLANA;23.4;30;19.2;73.3;0.5;2018;47;23;30.2;18.2;69.4;1.2;TOTAL;1
PIURA;TALARA;22.6;28.4;19.5;76.4;1.6;2018;47;21.8;27.8;18.2;74.6;0.9;;
PIURA;AYABACA;18.2;23.1;14.3;82;6.6;2018;48;18.1;23.2;14.2;81.2;3.9;;
PIURA;HUANCABAMBA;15.9;20.8;11.7;83.3;7;2018;48;15.9;20.8;12;83;5.5;;
PIURA;MORROPON;20.8;25.9;16.5;80.1;4;2018;48;21.3;27.2;16.8;75.9;2;;
PIURA;PAITA;21.7;26.4;18.7;79.3;0.5;2018;48;21.7;27;18.6;76.9;0.8;;
PIURA;PIURA;22.4;28.3;18;75.6;2.5;2018;48;22.9;29.9;18.3;70.9;1.1;TOTAL;1
PIURA;SECHURA;21.8;26.5;18.7;78;1.2;2018;48;21.4;26.7;18.4;77.7;1;;
PIURA;SULLANA;23;29.4;18.3;72.3;1;2018;48;23.3;30.5;18.6;69.2;1;TOTAL;2
PIURA;TALARA;22.1;27.8;18.6;75.9;0;2018;48;22.2;28.2;18.7;74;0.6;;
PIURA;AYABACA;17.9;24;12.8;74.6;0.9;2018;49;18.1;23.1;14.4;81.9;4.6;;
PIURA;HUANCABAMBA;15.4;21.1;10;76.8;4.8;2018;49;15.8;20.6;12.1;83.8;6;;
PIURA;MORROPON;20.9;27.2;15.2;73.5;0.3;2018;49;21.6;27.3;17.2;76.3;2.9;;
PIURA;PAITA;21.5;26.9;17.8;78;0.2;2018;49;22.2;27.4;19.1;77;1.6;;
PIURA;PIURA;22.6;29.9;17.3;70.6;0;2018;49;23.3;30.2;18.7;71;1.4;TOTAL;1
PIURA;SECHURA;21.9;27.3;18.1;76.6;0.1;2018;49;21.9;27.1;18.9;78;1.5;;
PIURA;SULLANA;22.9;30.6;17.5;68;0;2018;49;23.7;30.7;19;69.4;1.1;;
PIURA;TALARA;21.8;28.2;17.8;74;0.1;2018;49;22.6;28.5;19.1;74.3;0.7;;
PIURA;AYABACA;18.5;23.6;14.9;81.9;5;2018;50;18.2;23;14.8;83.2;5.8;;
PIURA;HUANCABAMBA;16.3;21;13;84.8;10.1;2018;50;16;20.5;12.5;85.5;7.1;;
PIURA;MORROPON;22.7;28.4;18.1;73.5;3.7;2018;50;21.9;27.5;17.6;76.5;2.7;;
PIURA;PAITA;23.5;28.6;20.3;74.2;2.9;2018;50;22.5;27.6;19.5;77.1;1.5;;
PIURA;PIURA;24.7;31.5;19.9;67.3;2.3;2018;50;23.7;30.5;19.2;70.9;1.4;;
PIURA;SECHURA;23.5;28.9;20.1;73.2;3.2;2018;50;22.2;27.4;19.2;77.8;1.4;;
PIURA;SULLANA;24.4;31.2;19.8;68.5;1.4;2018;50;23.9;30.8;19.5;69.9;1.1;TOTAL;1
PIURA;TALARA;23.5;29.1;20.1;72.8;1.4;2018;50;22.8;28.5;19.5;74.6;1;;
PIURA;AYABACA;18.3;22.4;15.5;87;6.9;2018;51;18.1;22.8;14.7;83.6;4.5;;
PIURA;HUANCABAMBA;16.2;20.5;13.2;87.3;4.9;2018;51;15.9;20.4;12.4;85.7;4.6;;
PIURA;MORROPON;22.7;27.4;19.1;80.3;4.7;2018;51;22.2;27.7;17.9;76.8;1.8;;
PIURA;PAITA;24;28.1;21.4;79.8;3.7;2018;51;22.9;27.9;19.9;77.1;1.4;;
PIURA;PIURA;24.8;30.3;21;74.5;5.3;2018;51;24.1;30.7;19.6;70.9;1;;
PIURA;SECHURA;24.1;28.6;21.3;77.8;4;2018;51;22.8;27.9;19.7;77.3;0.7;;
PIURA;SULLANA;24.6;29.9;21;75.8;5;2018;51;24.2;30.9;19.8;70.1;0.9;TOTAL;4
PIURA;TALARA;23.9;28.6;21.2;78.8;4.4;2018;51;23.2;28.8;19.9;74.5;0.9;;
PIURA;AYABACA;18.6;22.8;15.5;84.1;0.9;2018;52;18.2;22.9;15;84.1;6.5;;
PIURA;HUANCABAMBA;16.5;21.1;13;84.3;0.6;2018;52;16;20.6;12.6;85.7;7.9;;
PIURA;MORROPON;22.9;28;19;78.8;0.2;2018;52;22.5;27.8;18.4;77.2;3.6;;
PIURA;PAITA;23.9;28.6;20.9;79.6;0.3;2018;52;23.4;28.4;20.4;77.2;1.6;;
PIURA;PIURA;25;31.3;20.8;73.2;0.4;2018;52;24.6;31;20.2;71.1;2;;
PIURA;SECHURA;24.2;29.2;21.1;77.1;0.3;2018;52;23.3;28.3;20.2;77.5;1.3;;
PIURA;SULLANA;24.6;30.5;20.7;74.9;0.5;2018;52;24.5;30.9;20.4;70.9;1.8;TOTAL;3
PIURA;TALARA;23.8;28.7;20.9;79.1;0.2;2018;52;23.5;29;20.4;75.1;1.4;;
PIURA;AYABACA;19.5;24.4;15.8;79.6;0.6;2019;1;18.3;22.8;15.2;84.5;5.8;;
PIURA;HUANCABAMBA;17.1;22.3;13.3;80.7;0.3;2019;1;16.1;20.5;12.8;85.9;5.7;;
PIURA;MORROPON;23.7;29.4;19.3;75.6;0.3;2019;1;22.7;28;18.8;77.5;3.3;;
PIURA;PAITA;24.6;29.6;21.5;75.8;0.3;2019;1;23.8;28.7;20.9;76.9;1.5;;
PIURA;PIURA;26;32.8;21.3;68.9;0.5;2019;1;25;31.3;20.8;70.8;2.1;;
PIURA;SECHURA;24.6;29.8;21.4;75.6;0.3;2019;1;23.7;28.7;20.7;77.2;1.1;;
PIURA;SULLANA;25.6;32;21.3;70.3;0.1;2019;1;24.8;31;20.8;71.1;1.9;;
PIURA;TALARA;24.6;30.1;21.5;74;0.2;2019;1;23.9;29.2;20.9;75.1;1.4;;
PIURA;AYABACA;17.9;21.9;15.4;87.9;9.7;2019;2;18.2;22.7;15.1;84.6;7;;
PIURA;HUANCABAMBA;16.1;20.5;13;84.6;4.8;2019;2;16;20.5;12.8;85.9;6.2;;
PIURA;MORROPON;23.2;27.9;19.7;79;2;2019;2;22.9;28.1;18.9;77.2;3.8;;
PIURA;PAITA;25.1;29.3;22.7;78.1;1.6;2019;2;24.1;29;21.2;76.8;1.3;;
PIURA;PIURA;25.9;31.5;22.6;72.6;0.8;2019;2;25.2;31.6;21;70.6;2.2;;
PIURA;SECHURA;25.6;30;22.9;74.8;0.6;2019;2;24;29;21;77.2;1.4;;
PIURA;SULLANA;24.8;29.7;21.8;78.2;1;2019;2;24.9;30.9;21;71.6;2.2;;
PIURA;TALARA;24.6;28.7;22.1;79.1;1.2;2019;2;24.1;29.2;21.1;75.1;1.1;;
PIURA;AYABACA;18.1;22.4;15.3;87.4;7.9;2019;3;18.1;22.6;15.1;85.3;8.5;;
PIURA;HUANCABAMBA;16.1;20.3;13.3;87.9;3;2019;3;16;20.4;12.7;86.5;6.7;;
PIURA;MORROPON;23.2;28.1;19.5;76.7;2.2;2019;3;23;28.2;19.1;76.9;4.8;;
PIURA;PAITA;25.2;29.7;22.3;74.4;1.2;2019;3;24.4;29.2;21.6;76.5;2.7;;
PIURA;PIURA;25.9;31.8;21.7;68.8;1.5;2019;3;25.5;31.7;21.4;70;3.5;;
PIURA;SECHURA;25.2;30;22.1;74.3;0.3;2019;3;24.4;29.3;21.3;76.4;2;;
PIURA;SULLANA;25;30.4;21.3;73.4;1.4;2019;3;25.1;30.9;21.3;71.7;3.8;;
PIURA;TALARA;24.8;29.6;21.9;74.5;0.5;2019;3;24.3;29.3;21.4;75;2.4;;
PIURA;AYABACA;19.3;23.9;15.8;81.2;0.9;2019;4;18.3;22.7;15.3;85.4;7.7;;
PIURA;HUANCABAMBA;17.1;21.7;13.9;83.2;0.5;2019;4;16.1;20.5;13;86.5;6.1;;
PIURA;MORROPON;24.6;30.3;20;70.2;0.3;2019;4;23.2;28.3;19.4;77.1;5.2;;
PIURA;PAITA;25.6;30.4;22.4;73.6;0.4;2019;4;24.8;29.6;21.9;75.6;1.3;;
PIURA;PIURA;27.1;33.9;22.2;64.2;0.5;2019;4;25.8;32;21.7;69.5;2.3;;
PIURA;SECHURA;25.9;31;22.4;71.8;0.3;2019;4;24.8;29.7;21.7;75.3;1.2;;
PIURA;SULLANA;26.1;31.9;21.8;69.4;0.4;2019;4;25.2;30.9;21.5;72.1;2.8;;
PIURA;TALARA;25.4;30.3;22.2;72.2;0.2;2019;4;24.6;29.4;21.7;75.1;1.1;;
PIURA;AYABACA;18.8;22.8;16.4;88.5;28;2019;5;18.2;22.4;15.5;87.9;8.3;;
PIURA;HUANCABAMBA;17;20.7;14.5;89.3;11.2;2019;5;16.2;20.4;13.2;88.4;6.5;;
PIURA;MORROPON;24.2;28.8;21;76.2;7.4;2019;5;23.2;27.8;19.8;80;7.1;;
PIURA;PAITA;26.3;30.8;23.7;74.8;2.3;2019;5;25.1;29.6;22.5;76.2;3.9;;
PIURA;PIURA;27.2;32.6;23.8;68.1;4.5;2019;5;25.9;31.5;22.2;71.9;5.7;;
PIURA;SECHURA;26.8;31.3;24.1;71.9;1.3;2019;5;25.2;29.9;22.3;75.5;4.9;;
PIURA;SULLANA;26.2;31.1;23.1;73.4;7.7;2019;5;25.2;30.4;21.9;75;6.4;;
PIURA;TALARA;25.7;30.1;23.3;75.5;1.4;2019;5;24.8;29.1;22.1;76.8;5.2;TOTAL;1
PIURA;AYABACA;18.6;22.5;16.5;91.1;22.7;2019;6;18.1;22.1;15.6;89.1;15.9;;
PIURA;HUANCABAMBA;16.8;21;14.4;89.9;10.4;2019;6;16.2;20.3;13.4;88.9;10.8;;
PIURA;MORROPON;23.7;28.2;20.9;83.2;20.2;2019;6;23.1;27.4;19.9;82;13.1;;
PIURA;PAITA;26.1;29.5;24.2;80.3;8.4;2019;6;25.3;29.5;22.7;77.3;6.8;;
PIURA;PIURA;26.6;31.5;23.7;75.4;17.2;2019;6;25.8;30.9;22.4;74.3;10.7;;
PIURA;SECHURA;26.7;31.1;24.3;75;6.2;2019;6;25.4;29.9;22.6;76.1;4.1;;
PIURA;SULLANA;25.2;29.5;22.9;83.2;21.7;2019;6;25;29.8;22;77.6;13.3;;
PIURA;TALARA;24.8;27.8;23.2;86.8;17.2;2019;6;24.9;29;22.3;78;8.5;TOTAL;2
PIURA;AYABACA;18.8;22.9;16.1;89.9;8.4;2019;7;18.3;22.5;15.5;87.8;8.9;;
PIURA;HUANCABAMBA;16.8;21.1;13.9;88.8;4.7;2019;7;16.2;20.5;13.1;87.4;5.8;;
PIURA;MORROPON;23.9;28.2;20.7;82.3;5.3;2019;7;23.4;28;20;80;6.3;;
PIURA;PAITA;26.4;30.7;23.6;76.9;2.4;2019;7;25.7;30.2;22.9;75.7;1.5;;
PIURA;PIURA;26.7;31.7;23.3;75;4.6;2019;7;26.3;31.8;22.6;71.9;3.2;;
PIURA;SECHURA;26.7;31;23.8;76.3;1.7;2019;7;25.8;30.6;22.7;74.6;0.8;;
PIURA;SULLANA;25.7;30;22.7;79.5;3.7;2019;7;25.4;30.4;22.1;75.7;3.9;;
PIURA;TALARA;25.3;28.9;22.8;81.9;1.7;2019;7;25.2;29.5;22.5;76.6;1.8;;
PIURA;AYABACA;18.9;23;16.6;90.6;16.7;2019;8;18.2;22.3;15.6;89.3;16;;
PIURA;HUANCABAMBA;17;21.1;14.3;89;5;2019;8;16.2;20.3;13.4;89.2;10.3;;
PIURA;MORROPON;23.6;27.4;21;86.6;22.9;2019;8;23.3;27.6;20.1;81.5;11.5;;
PIURA;PAITA;26.6;30.6;23.9;76.8;5.9;2019;8;25.8;30.2;23;75.7;4.3;;
PIURA;PIURA;26.2;30.6;23.3;80.1;22.3;2019;8;26.1;31.4;22.6;73.3;8.2;TOTAL;1
PIURA;SECHURA;26.4;30.4;24;78.1;7.2;2019;8;25.9;30.5;22.9;74.7;3;;
PIURA;SULLANA;25.7;30.1;22.9;81.1;19.8;2019;8;25.3;30.3;22.1;76.5;11.9;;
PIURA;TALARA;25.9;29.7;23.4;79.7;6.6;2019;8;25.2;29.6;22.6;76.7;5.9;;
PIURA;AYABACA;18.7;22.9;16.4;92.1;75.5;2019;9;18.3;22.5;15.6;88.9;20.2;;
PIURA;HUANCABAMBA;16.6;20.6;14.1;91.8;54.4;2019;9;16.3;20.5;13.4;88.7;13.3;;
PIURA;MORROPON;23.5;27.5;20.9;87.8;85;2019;9;23.3;27.7;20.1;81.6;19;;
PIURA;PAITA;26.1;30.4;23.4;79.4;15.4;2019;9;25.7;30.1;23;76;6.5;;
PIURA;PIURA;26.3;31.1;23.2;80.1;45.8;2019;9;26.1;31.5;22.5;73.6;13.5;;
PIURA;SECHURA;26.9;31.9;23.8;73.4;20.1;2019;9;25.8;30.5;22.8;74.7;4.9;;
PIURA;SULLANA;25.5;30.4;22.6;82.2;45.4;2019;9;25.4;30.4;22.1;76.5;15.7;;
PIURA;TALARA;25.3;29.1;22.8;83;16.4;2019;9;25.2;29.6;22.6;76.8;9.1;;
PIURA;AYABACA;18.8;23;16.3;90.4;10.9;2019;10;18.4;22.5;15.7;88.8;18.1;;
PIURA;HUANCABAMBA;16.9;20.9;14;88.8;10.4;2019;10;16.3;20.5;13.4;88.6;13.3;;
PIURA;MORROPON;23.6;27.3;20.8;85.1;17;2019;10;23.4;27.7;20.2;81.8;18.5;;
PIURA;PAITA;26.8;31.7;23.9;71.1;2.7;2019;10;25.8;30.3;23.1;75.6;9.1;;
PIURA;PIURA;26.6;31.3;23.2;74.7;5.7;2019;10;26.2;31.5;22.7;73.5;14.5;TOTAL;1
PIURA;SECHURA;26.6;31.2;23.5;73.6;3.5;2019;10;26;30.8;22.9;74.1;7.4;;
PIURA;SULLANA;25.9;30.5;22.8;77;8.9;2019;10;25.4;30.4;22.3;76.9;16.1;TOTAL;1
PIURA;TALARA;25.8;29.9;23.3;76.5;5;2019;10;25.4;29.8;22.7;76.4;10;;
PIURA;AYABACA;19;23.1;16.4;90;15.2;2019;11;18.3;22.5;15.6;89;17.5;;
PIURA;HUANCABAMBA;17.1;21.1;14.5;88.2;6.5;2019;11;16.3;20.5;13.3;88.4;12.8;;
PIURA;MORROPON;24.2;28.1;21;82.2;10.8;2019;11;23.4;27.8;20.2;81.8;16.4;;
PIURA;PAITA;26.6;31.2;23.9;75.1;9.6;2019;11;25.8;30.3;23;75.5;5.7;;
PIURA;PIURA;27.2;32.4;23.5;71.2;12;2019;11;26.3;31.6;22.7;73.1;10.2;;
PIURA;SECHURA;27;32.1;23.9;70.6;2.8;2019;11;25.8;30.6;22.9;74.8;6;;
PIURA;SULLANA;26;30.8;22.8;77.9;18.1;2019;11;25.4;30.4;22.2;76.7;13.6;TOTAL;1
PIURA;TALARA;25.7;29.6;23.3;79.6;20.9;2019;11;25.3;29.7;22.7;76.4;7.9;TOTAL;1
PIURA;AYABACA;18.7;23.2;16;91.1;66.2;2019;12;18.3;22.4;15.7;90;25.4;;
PIURA;HUANCABAMBA;16.7;20.8;14.1;90.7;57.9;2019;12;16.2;20.3;13.4;89.6;18.1;;
PIURA;MORROPON;24.2;28.6;20.8;78.4;45.5;2019;12;23.2;27.5;20.1;82.9;28.8;;
PIURA;PAITA;26.2;31;23.1;70.3;3.1;2019;12;25.5;30;22.9;76.5;10.5;;
PIURA;PIURA;27.2;32.8;23.1;66.4;11.6;2019;12;26;31.2;22.5;74.7;22;;
PIURA;SECHURA;26.3;31.7;22.8;67.7;4.9;2019;12;25.5;30.1;22.6;76.4;7.8;;
PIURA;SULLANA;26;30.9;22.5;74.4;19.9;2019;12;25.3;30.3;22.2;77.7;24.2;TOTAL;2
PIURA;TALARA;25.3;29.5;22.7;77.6;4.9;2019;12;25.2;29.6;22.5;77.1;11.8;TOTAL;1
PIURA;AYABACA;18.6;22.9;15.9;90.6;19.9;2019;13;18.3;22.6;15.5;89.1;18.1;;
PIURA;HUANCABAMBA;16.8;21;14.1;89.6;10.9;2019;13;16.3;20.5;13.2;88.7;13.8;;
PIURA;MORROPON;23.7;28.3;20.2;78.8;5.8;2019;13;23.2;27.6;19.9;82.5;17.9;;
PIURA;PAITA;25.6;30.5;22.6;69.3;0.9;2019;13;25.3;29.9;22.5;76.2;9.1;;
PIURA;PIURA;26.5;32.4;22.4;66.5;2.2;2019;13;25.8;31.3;22.2;74.4;14.1;TOTAL;1
PIURA;SECHURA;25.4;30.3;22.1;69;0.8;2019;13;25.1;29.8;22.2;76.6;7.9;;
PIURA;SULLANA;25.6;30.6;22.1;72.7;0.7;2019;13;25.3;30.5;22;76.7;15.8;TOTAL;1
PIURA;TALARA;24.9;29.4;22.2;74.3;0.4;2019;13;25;29.6;22.3;76.5;11.7;TOTAL;1
PIURA;AYABACA;18.5;22.2;16;91;81.2;2019;14;18.4;22.6;15.5;88.6;19;;
PIURA;HUANCABAMBA;16.6;20.5;13.9;90.3;65;2019;14;16.3;20.6;13.2;88.2;15.3;;
PIURA;MORROPON;23.2;27.3;20.2;82.8;59.7;2019;14;23.1;27.6;19.6;82.2;15.1;;
PIURA;PAITA;25.2;30.3;21.9;73;2.9;2019;14;24.8;29.6;22;76.4;5.6;;
PIURA;PIURA;25.8;31.3;22.1;73.6;15.6;2019;14;25.5;31.1;21.7;74.8;9.9;;
PIURA;SECHURA;24;28.4;21.4;79.7;6.1;2019;14;24.3;29;21.5;78.6;3.6;;
PIURA;SULLANA;25.4;30.7;21.9;75.8;22.7;2019;14;25.1;30.4;21.7;76.6;14.8;;
PIURA;TALARA;25.1;29.9;22.1;74.6;8.3;2019;14;24.8;29.6;22;76;8.1;;
PIURA;AYABACA;18.8;23.2;15.6;87;8.7;2019;15;18.3;22.5;15.5;88.4;14.1;;
PIURA;HUANCABAMBA;16.7;21;13.4;87.6;3.9;2019;15;16.3;20.5;13.2;88.3;11;;
PIURA;MORROPON;23.5;28.3;19.5;77;3.2;2019;15;23;27.6;19.5;81.2;10.3;;
PIURA;PAITA;25.3;30.7;21.7;68;0.7;2019;15;24.6;29.4;21.7;75.8;3.7;;
PIURA;PIURA;26.1;32.5;21.5;65.9;1.2;2019;15;25.4;31.1;21.6;73.4;7;;
PIURA;SECHURA;24.2;29.5;20.8;73.8;0.7;2019;15;24.1;29;21.2;77.7;3.2;;
PIURA;SULLANA;25.8;31.7;21.5;67.6;0.4;2019;15;25.1;30.4;21.6;75.3;9.7;TOTAL;1
PIURA;TALARA;25.3;30.7;21.9;67.6;1.2;2019;15;24.8;29.6;21.8;74.7;4.3;TOTAL;1
PIURA;AYABACA;18.7;23.1;15.4;87.7;6.3;2019;16;18.4;22.7;15.2;87.1;7.3;;
PIURA;HUANCABAMBA;16.7;20.9;13.4;88;6.1;2019;16;16.2;20.6;12.9;87.3;6.5;;
PIURA;MORROPON;23.6;28.3;19.6;76.4;1.7;2019;16;22.9;27.7;19.1;80;3.5;;
PIURA;PAITA;25.1;30.2;21.9;71.8;1.8;2019;16;24.2;29.3;21.2;75.5;1.2;;
PIURA;PIURA;26.2;32.4;21.7;66.4;0.6;2019;16;25.2;31.2;21.1;72.3;2;;
PIURA;SECHURA;24.3;29.2;21.2;75.3;1;2019;16;23.6;28.6;20.7;77.9;1.2;;
PIURA;SULLANA;25.8;31.6;21.6;69;1.1;2019;16;25;30.6;21.2;73.9;2.4;;
PIURA;TALARA;25.2;30.6;22;70.4;1.7;2019;16;24.6;29.7;21.5;73.9;1.3;;
PIURA;AYABACA;18.8;22.9;16;89;30.7;2019;17;18.3;22.6;15.2;87.1;7.9;;
PIURA;HUANCABAMBA;16.7;20.7;13.9;89.4;38.9;2019;17;16.2;20.5;12.9;87.4;6.8;;
PIURA;MORROPON;23.6;28.3;19.9;78.5;25.2;2019;17;22.7;27.5;18.9;79.8;4.6;;
PIURA;PAITA;25.3;30.1;22.2;72.9;6.9;2019;17;24;28.9;21;75.5;1.4;;
PIURA;PIURA;26.1;32;21.8;70.2;8.9;2019;17;24.9;30.8;20.8;72.3;2;;
PIURA;SECHURA;24.6;29.3;21.8;76.6;3.6;2019;17;23.3;28.2;20.4;78.1;1.4;;
PIURA;SULLANA;25.9;31.3;21.9;71.4;10.9;2019;17;24.9;30.4;21.1;73.7;2.6;TOTAL;3
PIURA;TALARA;25.4;30.2;22.3;72.2;4.3;2019;17;24.4;29.5;21.3;73.8;1.4;;
PIURA;AYABACA;19.2;23.8;15.5;83.8;1.2;2019;18;18.4;22.8;15.1;85.9;4.7;;
PIURA;HUANCABAMBA;16.9;21.6;12.9;84.6;1.1;2019;18;16.2;20.7;12.8;86.5;4.7;;
PIURA;MORROPON;23.7;29.2;19.1;76.1;0.4;2019;18;22.6;27.6;18.7;79.1;2.1;;
PIURA;PAITA;24.7;30.1;21.4;75;0.2;2019;18;23.8;28.9;20.7;75.6;1.2;;
PIURA;PIURA;25.9;32.8;21;69;0.2;2019;18;24.7;30.9;20.5;72;1.3;;
PIURA;SECHURA;24.2;29.3;21;76.8;0.2;2019;18;23.1;28;20.2;78.1;1.2;;
PIURA;SULLANA;25.8;32.1;21.2;70.4;0;2019;18;24.8;30.6;20.8;72.8;1.4;TOTAL;3
PIURA;TALARA;24.9;30.6;21.7;73.5;0.1;2019;18;24.2;29.6;21;73.6;1.3;;
PIURA;AYABACA;18.9;23.3;15.5;84.2;3.2;2019;19;18.5;23.1;15.1;84.6;6.4;;
PIURA;HUANCABAMBA;16.6;21.3;13;84.9;6.6;2019;19;16.3;20.9;12.7;85.4;7.3;;
PIURA;MORROPON;23.2;28.4;18.9;76.5;1.9;2019;19;22.5;27.7;18.4;78.4;3.9;;
PIURA;PAITA;24.4;29.3;21.4;75.7;0.9;2019;19;23.4;28.5;20.4;76;2.1;;
PIURA;PIURA;25.5;31.9;21.1;69.5;0.9;2019;19;24.4;30.7;20.1;71.7;2.8;;
PIURA;SECHURA;23.9;28.6;21;77.6;1.2;2019;19;22.8;27.7;19.9;78.1;2;;
PIURA;SULLANA;25.5;31.5;21.4;70.3;0.9;2019;19;24.7;30.7;20.5;72.1;3;;
PIURA;TALARA;24.6;30.1;21.6;73.9;0.4;2019;19;24;29.4;20.8;73.7;2.5;;
PIURA;AYABACA;18.6;23.4;15.4;85.6;9.6;2019;20;18.4;23.1;14.9;84;4.2;;
PIURA;HUANCABAMBA;16.4;21.2;13.1;85.9;8.6;2019;20;16.1;20.8;12.5;84.7;3.9;;
PIURA;MORROPON;22.9;28.4;18.8;79.1;10.6;2019;20;22.1;27.3;18;78.3;2.1;TOTAL;1
PIURA;PAITA;23.9;29.1;21;77.2;2.9;2019;20;23.1;28.1;20;76.1;1.5;;
PIURA;PIURA;25;31.4;20.6;72.9;4.8;2019;20;24;30.3;19.7;71.8;1;TOTAL;3
PIURA;SECHURA;23.4;28.1;20.6;79.6;2.5;2019;20;22.4;27.2;19.6;78.3;1;;
PIURA;SULLANA;25.1;31.2;20.9;72.9;3.6;2019;20;24.3;30.4;20.1;71.8;1.2;;
PIURA;TALARA;24.3;30;21.2;75.2;2.6;2019;20;23.6;29.1;20.4;73.8;1.1;TOTAL;1
PIURA;AYABACA;18.6;23;15.4;85.6;3.2;2019;21;18.1;22.7;14.7;84.4;4.3;;
PIURA;HUANCABAMBA;16.3;20.8;13;87;1.9;2019;21;15.9;20.5;12.4;85.4;4.7;;
PIURA;MORROPON;22.3;27.7;18.1;76.7;1.1;2019;21;21.7;26.9;17.6;78.1;2.4;;
PIURA;PAITA;23.1;27.9;20;76.8;0.2;2019;21;22.6;27.6;19.6;76.5;1.5;;
PIURA;PIURA;24.1;30.5;19.6;70.6;1.2;2019;21;23.5;29.7;19.2;71.8;1.5;TOTAL;4
PIURA;SECHURA;22.5;27.2;19.6;78.3;1.1;2019;21;22;26.7;19.2;78.7;1.5;;
PIURA;SULLANA;24.5;30.8;20.1;70.3;1.1;2019;21;23.9;30;19.6;71.5;1.9;TOTAL;1
PIURA;TALARA;23.7;29.2;20.4;73.8;0.8;2019;21;23.2;28.7;19.9;73.9;2.1;;
PIURA;AYABACA;18.3;22.6;15.3;85.4;10.9;2019;22;18;22.9;14.5;82.6;3.2;;
PIURA;HUANCABAMBA;16.2;20.6;12.6;86;11.2;2019;22;15.8;20.6;12;84;3.9;;
PIURA;MORROPON;22.3;27.4;18;76.4;4.5;2019;22;21.5;26.8;17.3;77.5;1.4;;
PIURA;PAITA;22.9;28;20;76.8;1.5;2019;22;22.2;27.2;19.2;76.8;1;;
PIURA;PIURA;24.1;30.3;19.7;70.7;3.4;2019;22;23.2;29.5;18.8;71.7;1;TOTAL;2
PIURA;SECHURA;22.3;26.9;19.5;78.4;1;2019;22;21.6;26.3;18.8;78.7;0.8;TOTAL;1
PIURA;SULLANA;24.4;30.5;20.1;70.4;3;2019;22;23.6;29.9;19.2;71.1;0.8;TOTAL;4
PIURA;TALARA;23.3;28.9;20.2;74.5;1.4;2019;22;22.8;28.4;19.5;74;0.7;TOTAL;1
PIURA;AYABACA;18.5;23.6;14.4;79.7;1.8;2019;23;18.1;23.1;14.3;81.3;2.4;;
PIURA;HUANCABAMBA;16;21.5;12;81.9;1.9;2019;23;15.7;20.8;11.8;83;3.4;;
PIURA;MORROPON;21.8;27.9;16.8;73.4;0.5;2019;23;21.3;26.8;17;77.1;1.1;;
PIURA;PAITA;22.3;27.4;19.1;76.7;0.8;2019;23;22;26.9;19;77.2;0.7;;
PIURA;PIURA;23.5;30.4;18.5;69.3;0.4;2019;23;23;29.3;18.6;71.9;0.6;TOTAL;3
PIURA;SECHURA;21.7;26.7;18.5;78.4;0.8;2019;23;21.4;26.1;18.7;79;0.8;;
PIURA;SULLANA;24;30.8;19.3;69.1;0.7;2019;23;23.4;29.8;19;70.9;0.5;TOTAL;1
PIURA;TALARA;23;28.7;19.6;73.4;0.7;2019;23;22.6;28.2;19.3;74.3;0.5;;
PIURA;AYABACA;18.4;23.3;14.3;79.9;3.4;2019;24;18;23.2;14;79.6;2.6;;
PIURA;HUANCABAMBA;16;21.3;11.9;82;5.4;2019;24;15.6;20.9;11.4;81.5;3.1;;
PIURA;MORROPON;22;27.8;17.2;73.5;2.1;2019;24;20.9;26.4;16.5;76.9;1.4;;
PIURA;PAITA;22.6;27.8;19.5;75.9;0.5;2019;24;21.5;26.4;18.5;77.7;0.5;;
PIURA;PIURA;23.7;30.3;19;69.1;0.6;2019;24;22.5;28.9;18.1;72;0.9;TOTAL;2
PIURA;SECHURA;22;26.8;19;78;1;2019;24;21;25.6;18.3;79.1;0.7;;
PIURA;SULLANA;24.2;30.9;19.5;67.6;0.2;2019;24;23;29.4;18.5;71;0.9;TOTAL;1
PIURA;TALARA;23.2;29.1;19.9;72.5;0.4;2019;24;22.1;27.8;18.8;74.8;0.8;;
PIURA;AYABACA;18.8;24.3;15;75.8;0.7;2019;25;17.9;23.1;14.1;79.5;1.6;;
PIURA;HUANCABAMBA;16.2;21.9;12.3;78;1.6;2019;25;15.5;20.8;11.5;81.1;2.2;;
PIURA;MORROPON;21.3;26.9;16.9;74.5;0.4;2019;25;20.7;26;16.5;77.5;1.2;;
PIURA;PAITA;21.7;26.2;18.7;76.8;0.4;2019;25;21.3;26;18.4;78;0.7;;
PIURA;PIURA;22.7;29;18;70.9;0.3;2019;25;22.2;28.3;18;72.8;0.6;TOTAL;1
PIURA;SECHURA;21;25.3;18;78.8;0.2;2019;25;20.8;25.2;18.2;79.5;0.7;;
PIURA;SULLANA;23.5;30.1;18.6;68.6;1;2019;25;22.8;29.1;18.3;71.2;0.5;TOTAL;1
PIURA;TALARA;22.5;27.9;19;73.3;2;2019;25;22;27.6;18.7;74.8;0.7;;
PIURA;AYABACA;18.3;23.7;14.2;77;1.5;2019;26;17.8;23.2;13.9;78.5;1.6;;
PIURA;HUANCABAMBA;15.9;21.4;11.9;79.6;3.4;2019;26;15.4;20.9;11.2;80.3;1.9;;
PIURA;MORROPON;20.8;26.6;16.2;74.1;1.4;2019;26;20.5;25.9;16.2;77.5;0.8;;
PIURA;PAITA;21.2;26.4;18;75.6;1.7;2019;26;21.1;25.9;18.1;78.1;0.4;;
PIURA;PIURA;22.3;28.9;17.4;69.4;2;2019;26;22;28.2;17.7;72.8;0.5;;
PIURA;SECHURA;20.6;25.5;17.4;77.7;5;2019;26;20.6;25.1;17.9;79.6;0.6;;
PIURA;SULLANA;22.9;29.9;18;67.7;2.4;2019;26;22.6;29;18.1;71.2;0.5;TOTAL;1
PIURA;TALARA;22;28.1;18.4;71.8;3.7;2019;26;21.7;27.3;18.4;75;0.5;;
PIURA;AYABACA;18.4;23.8;14.4;78.4;5;2019;27;17.8;23.4;13.6;77.3;1.4;;
PIURA;HUANCABAMBA;15.8;21.5;11.8;80.9;5.2;2019;27;15.3;21;10.9;79.2;1.7;;
PIURA;MORROPON;21;26.7;16.7;77.1;5.1;2019;27;20.2;25.8;15.9;77.3;0.8;;
PIURA;PAITA;21.2;25.9;18.3;78.9;1.9;2019;27;20.8;25.6;17.9;78.3;0.4;;
PIURA;PIURA;22.4;28.9;18;72.7;2.5;2019;27;21.8;28;17.5;72.9;0.3;;
PIURA;SECHURA;20.6;25.3;17.8;80;3.7;2019;27;20.3;24.8;17.7;79.7;0.4;;
PIURA;SULLANA;22.9;29.4;18.5;72.2;3.8;2019;27;22.3;28.9;17.8;71.3;0.3;TOTAL;3
PIURA;TALARA;21.8;27.1;18.7;76.9;4.4;2019;27;21.5;27.1;18.1;75.1;0.4;TOTAL;1
PIURA;AYABACA;17.9;23.7;13.5;76.7;1.5;2019;28;17.8;23.4;13.6;76.8;1.9;;
PIURA;HUANCABAMBA;15.2;20.7;10.7;79.4;1.1;2019;28;15.3;21.1;10.9;78.6;2;;
PIURA;MORROPON;20.4;26;15.7;75.9;0.6;2019;28;20.1;25.7;15.7;77;1.1;;
PIURA;PAITA;20.5;25.1;17.5;78.9;0.4;2019;28;20.5;25.3;17.5;78.3;1.2;;
PIURA;PIURA;21.7;28;17.1;71.9;0.3;2019;28;21.5;27.8;17.2;72.7;1.1;;
PIURA;SECHURA;19.8;24.3;17;80.1;0.4;2019;28;20;24.5;17.4;79.5;0.9;;
PIURA;SULLANA;22.5;29.3;17.8;70.1;0.1;2019;28;22.1;28.8;17.5;70.8;1;;
PIURA;TALARA;21.3;26.9;17.9;75.6;0.4;2019;28;21.2;26.9;17.8;75;0.8;;
PIURA;AYABACA;18.1;23.5;14.3;78.3;2.5;2019;29;17.8;23.6;13.5;75.5;1;;
PIURA;HUANCABAMBA;15.5;20.9;11.7;80.5;4.9;2019;29;15.3;21.2;10.7;77.5;1.5;;
PIURA;MORROPON;20.3;25.6;16.3;78;1.3;2019;29;19.9;25.6;15.5;76.8;0.5;;
PIURA;PAITA;20.4;25.1;17.4;78.4;4.1;2019;29;20.3;25.1;17.3;78.4;0.4;;
PIURA;PIURA;21.5;27.8;17.1;73.6;2.9;2019;29;21.3;27.7;17;72.8;0.3;;
PIURA;SECHURA;19.6;23.9;16.9;81.3;6.3;2019;29;19.8;24.4;17.2;79.5;0.5;;
PIURA;SULLANA;22.4;29;17.8;71;2.4;2019;29;22;28.7;17.3;70.7;0.2;;
PIURA;TALARA;21.3;26.7;17.9;75.3;2.4;2019;29;21.1;26.8;17.6;75;0.2;;
PIURA;AYABACA;17.8;23.4;13.5;77;0.6;2019;30;18;23.9;13.6;74.8;1;;
PIURA;HUANCABAMBA;15.3;21.1;10.9;79.4;0.9;2019;30;15.4;21.4;10.9;76.8;2;;
PIURA;MORROPON;20.1;25.9;15.4;76.4;0.1;2019;30;20;25.7;15.6;76.9;0.6;;
PIURA;PAITA;20.3;25.2;17.2;77.8;0;2019;30;20.3;25.1;17.3;78.5;0.2;;
PIURA;PIURA;21.4;27.9;16.8;72.4;0;2019;30;21.3;27.7;17;73;0.2;TOTAL;1
PIURA;SECHURA;19.6;24.2;16.8;79.8;0.1;2019;30;19.8;24.3;17.2;79.6;0.2;;
PIURA;SULLANA;22.2;29;17.4;69.8;0;2019;30;22;28.7;17.3;70.8;0.2;;
PIURA;TALARA;21.1;26.8;17.6;74.4;0.1;2019;30;21;26.8;17.6;75.1;0.2;;
PIURA;AYABACA;17.8;24.5;12.4;70.3;0;2019;31;17.9;24.1;13.2;73.8;1;;
PIURA;HUANCABAMBA;15.3;21.9;9.6;71.5;0.1;2019;31;15.4;21.6;10.5;75.6;1.2;;
PIURA;MORROPON;19.3;25.5;14.2;75.1;0;2019;31;19.7;25.5;15.2;76.6;0.8;;
PIURA;PAITA;19.2;24;16.1;79.6;0;2019;31;20;24.8;17.1;78.5;0.2;;
PIURA;PIURA;20.5;27.2;15.7;72.9;0;2019;31;21.1;27.5;16.7;72.9;0.3;;
PIURA;SECHURA;18.7;23.4;15.8;80.3;0;2019;31;19.6;24.1;16.9;79.4;0.4;;
PIURA;SULLANA;21.4;28.6;16.3;70.1;0;2019;31;21.7;28.6;17;70.8;0.1;;
PIURA;TALARA;20.3;26.1;16.7;75.4;0;2019;31;20.8;26.6;17.3;75.1;0.1;;
PIURA;AYABACA;17.7;24.8;12.1;68.4;0.1;2019;32;18;24.3;13.3;72.9;1;;
PIURA;HUANCABAMBA;15.2;22;9.6;69.7;0.2;2019;32;15.5;21.7;10.7;75.1;1.3;;
PIURA;MORROPON;19.1;25.3;14.2;73.7;0;2019;32;19.8;25.8;15.2;76;0.6;;
PIURA;PAITA;19.1;24.2;16;77.1;0;2019;32;20;24.9;17;78;0.2;;
PIURA;PIURA;20.3;27.2;15.5;70.8;0;2019;32;21.1;27.8;16.6;72.2;0.2;;
PIURA;SECHURA;18.7;23.5;16;77.5;0;2019;32;19.6;24.3;16.9;78.8;0.1;;
PIURA;SULLANA;21.1;28.6;15.7;68;0;2019;32;21.8;28.9;17;70;0.1;;
PIURA;TALARA;20;26.1;16.2;73.1;0;2019;32;20.8;26.7;17.3;74.7;0.1;;
PIURA;AYABACA;18.2;24.5;13.6;71.8;0.8;2019;33;18.1;24.4;13.3;73.2;0.9;;
PIURA;HUANCABAMBA;15.7;21.6;11.1;74.8;0.8;2019;33;15.6;21.8;10.7;75.4;1.6;;
PIURA;MORROPON;19.8;25.7;15.1;74.8;0.4;2019;33;20;25.9;15.2;76;0.7;;
PIURA;PAITA;19.1;24;16.1;79.2;0.2;2019;33;20;25;17;78.2;0.2;;
PIURA;PIURA;20.7;27.4;15.9;71.8;0.4;2019;33;21.2;27.9;16.7;72.2;0.2;TOTAL;1
PIURA;SECHURA;18.7;23.5;15.8;79.1;0.2;2019;33;19.6;24.4;16.9;78.8;0.2;;
PIURA;SULLANA;21.6;28.6;16.8;69.7;0.5;2019;33;21.9;28.9;17.1;70.2;0.2;;
PIURA;TALARA;20.2;25.7;16.7;75.8;0.5;2019;33;20.8;26.7;17.3;75;0.1;;
PIURA;AYABACA;18.5;25.2;13.5;71.2;0.5;2019;34;18.1;24.4;13.3;73;0.8;;
PIURA;HUANCABAMBA;15.8;22.2;10.9;74.5;0.6;2019;34;15.7;21.9;10.8;75.2;1.3;;
PIURA;MORROPON;20.3;26.5;15.3;74.4;0.2;2019;34;20;25.9;15.3;75.9;0.8;;
PIURA;PAITA;19.7;25;16.4;78;0;2019;34;19.9;25;16.9;78.1;0.2;;
PIURA;PIURA;21.3;28.5;16.2;70.7;0;2019;34;21.2;27.9;16.7;72;0.4;;
PIURA;SECHURA;19.1;24.5;16;78.7;0;2019;34;19.5;24.4;16.8;78.8;0.4;;
PIURA;SULLANA;22;29.6;16.8;69.1;0;2019;34;21.9;29;17.1;70;0.2;;
PIURA;TALARA;20.6;26.7;17;74.9;0;2019;34;20.7;26.7;17.2;74.8;0.1;;
PIURA;AYABACA;19;26;13.7;69.4;0.2;2019;35;18.2;24.4;13.6;73.8;0.9;;
PIURA;HUANCABAMBA;16.3;22.8;11.3;73;0.2;2019;35;15.8;21.9;11.1;75.8;2;;
PIURA;MORROPON;20.5;26.9;15.4;74.4;0.1;2019;35;20;26;15.4;76;1.1;;
PIURA;PAITA;19.6;24.8;16.4;79.4;0.1;2019;35;20;25.1;16.9;78;0.2;;
PIURA;PIURA;21.4;28.7;16.4;71.3;0;2019;35;21.3;28;16.7;71.8;0.3;;
PIURA;SECHURA;19.2;24.5;16.1;78.7;0;2019;35;19.6;24.5;16.8;78.5;0.4;;
PIURA;SULLANA;22.1;29.9;17;69.7;0;2019;35;21.9;29.1;17.1;69.9;0.1;;
PIURA;TALARA;20.4;26.4;16.9;76.2;0;2019;35;20.7;26.7;17.2;74.8;0.1;;
PIURA;AYABACA;18.8;25.5;13.5;71.6;0.3;2019;36;18.2;24.3;13.6;74.5;2.2;;
PIURA;HUANCABAMBA;16.3;22.8;10.9;73.7;0.9;2019;36;15.9;21.8;11.1;76.4;3.8;;
PIURA;MORROPON;20.6;26.8;15.5;75.1;0.3;2019;36;20.2;26.2;15.5;75.8;1.6;;
PIURA;PAITA;19.8;24.9;16.7;78.5;0;2019;36;20.1;25.2;17;77.8;0.4;;
PIURA;PIURA;21.5;28.6;16.7;71;0.1;2019;36;21.5;28.3;16.9;71.4;0.5;;
PIURA;SECHURA;19.5;24.7;16.5;78.1;0;2019;36;19.7;24.7;16.8;78.4;0.5;;
PIURA;SULLANA;22.2;29.8;17;69.2;0.1;2019;36;22.1;29.3;17.3;69.6;0.5;;
PIURA;TALARA;20.6;26.5;17;75.2;0;2019;36;20.9;26.8;17.3;74.7;0.4;;
PIURA;AYABACA;18.9;25.6;13.8;70.5;0.3;2019;37;18.3;24.4;13.6;74.7;3;;
PIURA;HUANCABAMBA;16.3;22.6;11.3;73;0.7;2019;37;15.9;21.9;11.2;76.7;5;TOTAL;1
PIURA;MORROPON;19.9;26.1;15.2;75.3;0.3;2019;37;20.3;26.3;15.6;75.5;2.1;;
PIURA;PAITA;19.7;24.9;16.5;76.5;0.1;2019;37;20.1;25.3;17;77.5;0.4;;
PIURA;PIURA;21;28.1;16.3;71.1;0.1;2019;37;21.5;28.4;16.9;71.1;0.7;TOTAL;2
PIURA;SECHURA;19.2;24.1;16.4;77.7;0;2019;37;19.7;24.8;16.8;78.3;0.8;;
PIURA;SULLANA;21.9;29.3;16.8;68.2;0.1;2019;37;22.2;29.4;17.4;69.4;0.6;;
PIURA;TALARA;20.6;26.6;16.8;73.5;0;2019;37;20.9;26.9;17.4;74.4;0.4;TOTAL;1
PIURA;AYABACA;18.5;24.1;14.5;77.2;1.2;2019;38;18.3;24.2;13.8;76.2;1.7;;
PIURA;HUANCABAMBA;16.2;21.5;12.2;79.2;2.4;2019;38;16;21.8;11.5;77.8;2.7;;
PIURA;MORROPON;20.5;26;16.2;77.2;0.5;2019;38;20.5;26.4;15.8;75.7;1.4;;
PIURA;PAITA;20;25;17;77.7;2.6;2019;38;20.3;25.6;17.2;77.2;0.9;;
PIURA;PIURA;21.7;28.3;17.2;71.6;0.9;2019;38;21.7;28.7;17.1;71;0.6;TOTAL;1
PIURA;SECHURA;19.4;24.3;16.7;78.9;1.5;2019;38;19.8;24.9;16.9;78.3;0.6;;
PIURA;SULLANA;22.5;29.4;18;69.4;1.1;2019;38;22.4;29.6;17.6;69.2;0.8;;
PIURA;TALARA;21;26.7;17.7;74.4;0.9;2019;38;21.1;27.2;17.6;74.2;0.6;;
PIURA;AYABACA;18.5;24.4;14;76.2;2.5;2019;39;18.2;23.9;14;77.7;2.2;;
PIURA;HUANCABAMBA;16.3;21.8;12.1;78.9;5.1;2019;39;16;21.5;11.7;79.4;3.6;;
PIURA;MORROPON;20.9;27.1;16.4;76.6;1.4;2019;39;20.5;26.5;15.9;75.6;1.2;;
PIURA;PAITA;20.4;25.5;17.5;79.1;3;2019;39;20.3;25.5;17.2;77.3;0.4;;
PIURA;PIURA;22;29.2;17.4;72.5;0.8;2019;39;21.7;28.7;17;70.9;0.4;;
PIURA;SECHURA;19.9;25.2;17;79.6;2.1;2019;39;19.8;25;16.9;78.1;0.6;;
PIURA;SULLANA;22.4;30;17.9;71.6;1.2;2019;39;22.4;29.6;17.6;69.3;0.4;;
PIURA;TALARA;21.1;27.1;18.1;76.8;2;2019;39;21.1;27.1;17.6;74.2;0.3;TOTAL;1
PIURA;AYABACA;18;23.2;14.4;81.5;3.5;2019;40;18.3;23.9;14.1;78;2;;
PIURA;HUANCABAMBA;15.9;20.9;12.1;83.5;4.6;2019;40;16;21.5;11.8;80.3;3.7;;
PIURA;MORROPON;20.6;26.6;16.2;76.6;1;2019;40;20.7;26.6;16;75.4;1.3;;
PIURA;PAITA;20.9;26.4;17.6;76;0.6;2019;40;20.4;25.7;17.3;76.9;0.3;;
PIURA;PIURA;21.9;29.3;17.2;71.2;0.3;2019;40;21.9;28.9;17.1;70.5;0.5;;
PIURA;SECHURA;19.9;25.3;17;78.5;0.2;2019;40;19.9;25.1;17;78.1;0.3;;
PIURA;SULLANA;22.6;30;17.6;69.4;0.2;2019;40;22.5;29.8;17.7;68.7;0.5;;
PIURA;TALARA;21.6;27.8;17.9;73.4;0.5;2019;40;21.2;27.3;17.7;73.8;0.3;;
PIURA;AYABACA;17.9;23.1;13.8;81.6;11.5;2019;41;18.1;23.6;14;79.2;3.9;;
PIURA;HUANCABAMBA;15.6;20.6;11.7;84.1;8.6;2019;41;15.9;21.2;11.8;80.9;4.9;;
PIURA;MORROPON;20.3;26;15.7;76.4;5.8;2019;41;20.7;26.7;16;75.4;2;;
PIURA;PAITA;19.4;24.5;16.5;77.3;3.1;2019;41;20.4;25.8;17.3;76.9;0.8;;
PIURA;PIURA;21.2;28.2;16.4;70.7;5.9;2019;41;21.9;29;17.2;70.5;1.1;;
PIURA;SECHURA;19.2;24.3;16.2;76.8;1.8;2019;41;20;25.2;17;78;0.9;;
PIURA;SULLANA;22.2;29.4;17.3;68.2;2.4;2019;41;22.5;29.9;17.7;68.7;0.7;;
PIURA;TALARA;20.7;26.7;17.2;73.1;0.9;2019;41;21.2;27.3;17.7;73.8;0.9;;
PIURA;AYABACA;17.7;23;13.6;80.8;10.6;2019;42;18;23.4;13.9;79.1;5.3;;
PIURA;HUANCABAMBA;15.6;20.5;11.5;83.2;13;2019;42;15.8;21;11.7;80.6;8.7;;
PIURA;MORROPON;20.7;26.9;15.7;74.7;4.7;2019;42;20.6;26.6;16;75.6;4.7;;
PIURA;PAITA;20.5;25.9;17.4;75.3;1.9;2019;42;20.4;25.7;17.3;77.4;1.4;;
PIURA;PIURA;22;29.3;17;68.9;1.1;2019;42;21.8;28.9;17.1;71;2.5;TOTAL;1
PIURA;SECHURA;20.1;25.4;17.1;75.9;4;2019;42;20;25.2;17.1;78.3;2.1;;
PIURA;SULLANA;22.5;30.3;17.5;67.2;0.2;2019;42;22.4;29.8;17.6;69.2;1.7;TOTAL;1
PIURA;TALARA;21.2;27.4;17.7;72.6;1.7;2019;42;21.1;27.2;17.6;74.5;1.3;;
PIURA;AYABACA;17.8;22.8;14.4;83.8;8.6;2019;43;18;23.2;14.1;80.9;4.5;;
PIURA;HUANCABAMBA;15.7;20.1;12.4;86.6;11.7;2019;43;15.8;20.8;11.9;83.1;8.2;;
PIURA;MORROPON;20.5;26.3;16.2;77.1;7.6;2019;43;20.7;26.8;16.2;76;3.2;;
PIURA;PAITA;20.7;26.3;17.6;75.4;3.3;2019;43;20.6;26;17.6;77.3;0.9;;
PIURA;PIURA;21.8;29.1;17.1;71;3.8;2019;43;22.1;29.3;17.4;70.8;1.4;;
PIURA;SECHURA;20;25.3;17.2;77.4;1.6;2019;43;20.3;25.7;17.4;77.8;1.4;;
PIURA;SULLANA;22.7;30.4;17.9;67.7;0.8;2019;43;22.5;30;17.8;69.4;0.6;;
PIURA;TALARA;21.4;27.7;17.9;72.6;2;2019;43;21.3;27.4;17.8;74.5;0.6;;
PIURA;AYABACA;18.2;23.5;14.2;81.3;4.1;2019;44;18;23.2;14.1;80.9;2.6;;
PIURA;HUANCABAMBA;16.1;20.8;12.4;84.1;9;2019;44;15.8;20.8;11.9;82.3;5.1;;
PIURA;MORROPON;21.4;27.6;16.5;73.8;2.2;2019;44;20.8;26.9;16.2;75.6;1.4;;
PIURA;PAITA;21.1;26.5;18;75.7;1;2019;44;20.9;26.3;17.9;77.1;0.5;;
PIURA;PIURA;22.8;30.2;17.7;68.4;0.8;2019;44;22.2;29.4;17.5;70.6;0.5;;
PIURA;SECHURA;20.8;26.2;17.6;76.3;1.1;2019;44;20.6;25.9;17.6;77.8;0.7;;
PIURA;SULLANA;23.3;31.1;18.2;66.5;0.5;2019;44;22.8;30.2;17.9;69.2;0.3;;
PIURA;TALARA;21.9;28.2;18.3;71.9;1.6;2019;44;21.5;27.7;18;74.4;0.4;;
PIURA;AYABACA;18.5;23.4;15;83.4;3.6;2019;45;17.9;23.1;14.1;81.6;5.3;;
PIURA;HUANCABAMBA;16.4;21.1;12.8;85.7;4.3;2019;45;15.8;20.7;12;83.4;8.2;;
PIURA;MORROPON;21.5;27.3;17.1;76.9;1;2019;45;20.7;26.6;16.3;76.4;3.4;;
PIURA;PAITA;21.4;26.3;18.5;77.3;0.2;2019;45;20.9;26.2;17.8;77.4;0.9;;
PIURA;PIURA;22.9;29.9;18.3;71.1;0.4;2019;45;22.1;29.2;17.6;71.3;1.4;;
PIURA;SECHURA;21;26.2;18.1;77.9;0.9;2019;45;20.5;25.7;17.6;78.2;1.3;;
PIURA;SULLANA;23.5;30.6;18.8;69;0.3;2019;45;22.7;29.9;17.9;69.5;0.6;;
PIURA;TALARA;22.1;27.7;18.8;74.2;0.1;2019;45;21.4;27.6;18;74.5;0.5;;
PIURA;AYABACA;18;22.7;15;85.8;6.6;2019;46;18;23.2;14.1;81.1;5.4;;
PIURA;HUANCABAMBA;15.9;20.3;12.7;87.8;4.7;2019;46;15.8;20.9;11.7;82.5;8.8;;
PIURA;MORROPON;21.3;26.7;17.4;79.9;2.4;2019;46;21;27.1;16.4;75.7;2.8;;
PIURA;PAITA;21.6;27.3;19;79;0.3;2019;46;21.2;26.5;18.1;77.3;0.9;;
PIURA;PIURA;23;30.1;18.9;73.7;0.4;2019;46;22.5;29.6;17.8;71;1.1;;
PIURA;SECHURA;21.5;27;18.7;79.4;0.1;2019;46;20.9;26.2;17.9;77.7;0.9;;
PIURA;SULLANA;23.4;30.4;19.1;71.9;0.1;2019;46;22.9;30.2;18.1;69.6;0.7;;
PIURA;TALARA;22.1;28.3;19;76.4;0.3;2019;46;21.6;27.8;18.2;74.7;0.7;;
PIURA;AYABACA;18.2;23.3;14.4;80.2;2.2;2019;47;17.9;23.1;13.9;80.3;4.4;;
PIURA;HUANCABAMBA;16;21.2;11.8;80.7;3.2;2019;47;15.7;20.7;11.6;81.8;5.6;;
PIURA;MORROPON;21.3;27.4;16.3;72.9;0.7;2019;47;21;27;16.4;75.4;2.6;;
PIURA;PAITA;21.5;26.7;18.5;75.6;0.1;2019;47;21.2;26.5;18.1;77.6;1.2;;
PIURA;PIURA;22.7;29.9;17.7;68.2;0.1;2019;47;22.5;29.5;17.8;71;1.2;;
PIURA;SECHURA;21.2;26.4;17.9;75.5;0.1;2019;47;21;26.2;18;78.2;1.6;;
PIURA;SULLANA;23.3;30.8;18.2;67.3;0;2019;47;23;30.2;18.2;69.4;1.2;TOTAL;1
PIURA;TALARA;22.2;28.3;18.6;73;0;2019;47;21.8;27.8;18.2;74.6;0.9;;
PIURA;AYABACA;18.5;23;15.3;84.3;1.6;2019;48;18.1;23.2;14.2;81.2;3.9;;
PIURA;HUANCABAMBA;16.3;20.6;13.4;86.7;2.1;2019;48;15.9;20.8;12;83;5.5;;
PIURA;MORROPON;22;27.3;18;76;0.5;2019;48;21.3;27.2;16.8;75.9;2;;
PIURA;PAITA;22.6;27.6;19.8;75.7;0.5;2019;48;21.7;27;18.6;76.9;0.8;;
PIURA;PIURA;23.8;30.2;19.4;69.9;0.4;2019;48;22.9;29.9;18.3;70.9;1.1;;
PIURA;SECHURA;22.7;27.6;19.8;74.5;1.5;2019;48;21.4;26.7;18.4;77.7;1;;
PIURA;SULLANA;23.9;30.8;19.5;68.9;0.2;2019;48;23.3;30.5;18.6;69.2;1;;
PIURA;TALARA;22.9;28.8;19.6;73.1;0.3;2019;48;22.2;28.2;18.7;74;0.6;TOTAL;1
PIURA;AYABACA;18.2;22.5;15.6;89.3;19.4;2019;49;18.1;23.1;14.4;81.9;4.6;;
PIURA;HUANCABAMBA;16.1;20.3;13.3;90.9;14;2019;49;15.8;20.6;12.1;83.8;6;;
PIURA;MORROPON;22.2;27.6;18.5;80.1;6.3;2019;49;21.6;27.3;17.2;76.3;2.9;;
PIURA;PAITA;23.5;28.6;20.8;77.4;0.9;2019;49;22.2;27.4;19.1;77;1.6;;
PIURA;PIURA;24.4;31.2;20.2;72.5;1.6;2019;49;23.3;30.2;18.7;71;1.4;TOTAL;1
PIURA;SECHURA;23.4;28.4;20.5;77.7;1.1;2019;49;21.9;27.1;18.9;78;1.5;;
PIURA;SULLANA;24;30.2;20.1;74.9;1;2019;49;23.7;30.7;19;69.4;1.1;;
PIURA;TALARA;23.2;28.5;20.3;79;0.8;2019;49;22.6;28.5;19.1;74.3;0.7;;
PIURA;AYABACA;18;22.3;15.2;86.7;3.6;2019;50;18.2;23;14.8;83.2;5.8;;
PIURA;HUANCABAMBA;16;20.3;12.7;87.8;4.9;2019;50;16;20.5;12.5;85.5;7.1;;
PIURA;MORROPON;22.2;27.6;18.1;77.1;0.3;2019;50;21.9;27.5;17.6;76.5;2.7;;
PIURA;PAITA;23.2;28.2;20.3;77.9;0.4;2019;50;22.5;27.6;19.5;77.1;1.5;;
PIURA;PIURA;24.4;31.2;19.9;70.7;0.1;2019;50;23.7;30.5;19.2;70.9;1.4;TOTAL;1
PIURA;SECHURA;23.1;28.2;20.1;77.9;0.4;2019;50;22.2;27.4;19.2;77.8;1.4;;
PIURA;SULLANA;24;30.2;19.9;73.3;0.1;2019;50;23.9;30.8;19.5;69.9;1.1;;
PIURA;TALARA;23.2;28.7;20.1;76.5;0.3;2019;50;22.8;28.5;19.5;74.6;1;;
PIURA;AYABACA;18.3;22.9;15.2;86.9;5.5;2019;51;18.1;22.8;14.7;83.6;4.5;;
PIURA;HUANCABAMBA;16.2;20.3;13.3;88.7;4.3;2019;51;15.9;20.4;12.4;85.7;4.6;;
PIURA;MORROPON;22.3;27.7;18.3;78.7;4.1;2019;51;22.2;27.7;17.9;76.8;1.8;;
PIURA;PAITA;23.1;27.8;20.3;77.6;0.4;2019;51;22.9;27.9;19.9;77.1;1.4;;
PIURA;PIURA;24.3;30.8;19.9;71.8;1.4;2019;51;24.1;30.7;19.6;70.9;1;;
PIURA;SECHURA;23.2;27.9;20.2;77.5;1;2019;51;22.8;27.9;19.7;77.3;0.7;;
PIURA;SULLANA;24.3;30.9;20.1;71;0.3;2019;51;24.2;30.9;19.8;70.1;0.9;;
PIURA;TALARA;23.2;28.8;20;75.1;0.5;2019;51;23.2;28.8;19.9;74.5;0.9;;
PIURA;AYABACA;19.2;23.8;15.9;84.1;7.5;2019;52;18.2;22.9;15;84.1;6.5;;
PIURA;HUANCABAMBA;17.1;21.7;13.9;86.1;5.8;2019;52;16;20.6;12.6;85.7;7.9;;
PIURA;MORROPON;23.5;29.4;19.1;75.7;4.4;2019;52;22.5;27.8;18.4;77.2;3.6;;
PIURA;PAITA;24;29.2;21;77.6;1.7;2019;52;23.4;28.4;20.4;77.2;1.6;;
PIURA;PIURA;25.6;32.6;20.8;69.6;2.8;2019;52;24.6;31;20.2;71.1;2;TOTAL;1
PIURA;SECHURA;24.1;29.2;20.9;76.8;1.7;2019;52;23.3;28.3;20.2;77.5;1.3;;
PIURA;SULLANA;25.3;32;20.9;70.8;4.8;2019;52;24.5;30.9;20.4;70.9;1.8;;
PIURA;TALARA;24;29.9;20.9;75.8;2;2019;52;23.5;29;20.4;75.1;1.4;;
PIURA;AYABACA;18.4;22.4;16;89;11.9;2020;1;18.3;22.8;15.2;84.5;5.8;;
PIURA;HUANCABAMBA;16.5;20.6;13.8;89.1;7.9;2020;1;16.1;20.5;12.8;85.9;5.7;;
PIURA;MORROPON;23.2;28;19.6;78.1;6.2;2020;1;22.7;28;18.8;77.5;3.3;;
PIURA;PAITA;23.7;28.2;21.2;82.2;7.1;2020;1;23.8;28.7;20.9;76.9;1.5;;
PIURA;PIURA;25.1;31;21.3;73.6;10.3;2020;1;25;31.3;20.8;70.8;2.1;;
PIURA;SECHURA;24;28.6;21.3;79.7;5.6;2020;1;23.7;28.7;20.7;77.2;1.1;;
PIURA;SULLANA;24.7;30.6;21.1;75.8;7;2020;1;24.8;31;20.8;71.1;1.9;;
PIURA;TALARA;24;29.3;21.2;78.2;12.7;2020;1;23.9;29.2;20.9;75.1;1.4;;
PIURA;AYABACA;19;24;15.3;79.3;1.7;2020;2;18.2;22.7;15.1;84.6;7;;
PIURA;HUANCABAMBA;16.7;22.1;12.7;80.2;2.6;2020;2;16;20.5;12.8;85.9;6.2;;
PIURA;MORROPON;24.1;30.5;19.1;70.1;0.6;2020;2;22.9;28.1;18.9;77.2;3.8;;
PIURA;PAITA;24.6;30;21.3;75.3;0.4;2020;2;24.1;29;21.2;76.8;1.3;;
PIURA;PIURA;26.1;33.5;21.2;66.4;0.6;2020;2;25.2;31.6;21;70.6;2.2;;
PIURA;SECHURA;24.7;30;21.4;75;0.3;2020;2;24;29;21;77.2;1.4;;
PIURA;SULLANA;25.7;32.3;21.1;68.2;0.4;2020;2;24.9;30.9;21;71.6;2.2;TOTAL;1
PIURA;TALARA;24.7;30.5;21.4;72.1;0.4;2020;2;24.1;29.2;21.1;75.1;1.1;TOTAL;1
PIURA;AYABACA;19.5;24.4;15.9;79.6;1.8;2020;3;18.1;22.6;15.1;85.3;8.5;;
PIURA;HUANCABAMBA;17.1;22.4;13.3;80.3;0.9;2020;3;16;20.4;12.7;86.5;6.7;;
PIURA;MORROPON;24.3;30.7;19.5;71.1;0.9;2020;3;23;28.2;19.1;76.9;4.8;;
PIURA;PAITA;25;29.8;21.9;74.7;0.9;2020;3;24.4;29.2;21.6;76.5;2.7;;
PIURA;PIURA;26.6;33.8;21.7;66.1;1;2020;3;25.5;31.7;21.4;70;3.5;;
PIURA;SECHURA;24.8;30.1;21.2;75;0.3;2020;3;24.4;29.3;21.3;76.4;2;;
PIURA;SULLANA;26.2;32.8;21.8;67.9;0.4;2020;3;25.1;30.9;21.3;71.7;3.8;TOTAL;2
PIURA;TALARA;25.3;30.9;22.1;71.4;0.5;2020;3;24.3;29.3;21.4;75;2.4;;
PIURA;AYABACA;19.1;23.6;16.4;84.1;8.1;2020;4;18.3;22.7;15.3;85.4;7.7;;
PIURA;HUANCABAMBA;17.1;21.8;14.1;84.6;16.4;2020;4;16.1;20.5;13;86.5;6.1;;
PIURA;MORROPON;24.2;29.4;20.3;74.7;7.6;2020;4;23.2;28.3;19.4;77.1;5.2;;
PIURA;PAITA;25.1;29.5;22.5;76.7;0.6;2020;4;24.8;29.6;21.9;75.6;1.3;;
PIURA;PIURA;26.6;32.6;22.7;68.5;0.8;2020;4;25.8;32;21.7;69.5;2.3;;
PIURA;SECHURA;25.6;30.2;22.7;74.5;0.4;2020;4;24.8;29.7;21.7;75.3;1.2;;
PIURA;SULLANA;26.2;32;22.4;69.5;0.8;2020;4;25.2;30.9;21.5;72.1;2.8;;
PIURA;TALARA;25.2;30.2;22.4;73.8;0.4;2020;4;24.6;29.4;21.7;75.1;1.1;TOTAL;1
PIURA;AYABACA;19;23.5;15.9;83.3;14.1;2020;5;18.2;22.4;15.5;87.9;8.3;;
PIURA;HUANCABAMBA;16.8;21.3;13.6;85.2;18.4;2020;5;16.2;20.4;13.2;88.4;6.5;;
PIURA;MORROPON;24.3;29.7;20.2;73.3;8.7;2020;5;23.2;27.8;19.8;80;7.1;;
PIURA;PAITA;25.9;30.6;22.7;74.2;0.8;2020;5;25.1;29.6;22.5;76.2;3.9;;
PIURA;PIURA;27;33.4;22.4;66.4;4.6;2020;5;25.9;31.5;22.2;71.9;5.7;TOTAL;1
PIURA;SECHURA;26;30.8;22.6;74.6;5.2;2020;5;25.2;29.9;22.3;75.5;4.9;;
PIURA;SULLANA;26.4;32.4;22.3;68.2;2.1;2020;5;25.2;30.4;21.9;75;6.4;TOTAL;1
PIURA;TALARA;25.5;30.3;22.5;74.1;0.6;2020;5;24.8;29.1;22.1;76.8;5.2;;
PIURA;AYABACA;19.2;23.8;16.1;83.7;6.1;2020;6;18.1;22.1;15.6;89.1;15.9;;
PIURA;HUANCABAMBA;16.9;21.3;14;86.5;5.6;2020;6;16.2;20.3;13.4;88.9;10.8;;
PIURA;MORROPON;24.8;30.1;20.6;71.1;4;2020;6;23.1;27.4;19.9;82;13.1;;
PIURA;PAITA;26.3;31.3;23.2;70.7;1.5;2020;6;25.3;29.5;22.7;77.3;6.8;;
PIURA;PIURA;27.6;33.9;22.9;63.2;2.5;2020;6;25.8;30.9;22.4;74.3;10.7;TOTAL;1
PIURA;SECHURA;26.2;31.1;22.9;71.3;0.9;2020;6;25.4;29.9;22.6;76.1;4.1;;
PIURA;SULLANA;26.9;32.9;22.7;65.9;2.1;2020;6;25;29.8;22;77.6;13.3;TOTAL;3
PIURA;TALARA;26.1;31.4;22.9;70;1.2;2020;6;24.9;29;22.3;78;8.5;TOTAL;1
PIURA;AYABACA;19.5;24.2;16.1;82.5;6.8;2020;7;18.3;22.5;15.5;87.8;8.9;;
PIURA;HUANCABAMBA;17.2;21.7;13.9;84.7;4.4;2020;7;16.2;20.5;13.1;87.4;5.8;;
PIURA;MORROPON;24.9;30.5;20.4;71.4;3.6;2020;7;23.4;28;20;80;6.3;;
PIURA;PAITA;26.1;31.1;22.9;72.1;1.3;2020;7;25.7;30.2;22.9;75.7;1.5;;
PIURA;PIURA;27.5;34;22.6;64.1;1.7;2020;7;26.3;31.8;22.6;71.9;3.2;TOTAL;2
PIURA;SECHURA;25.9;31;22.4;72.8;0.5;2020;7;25.8;30.6;22.7;74.6;0.8;;
PIURA;SULLANA;26.7;32.7;22.4;67.6;1.1;2020;7;25.4;30.4;22.1;75.7;3.9;TOTAL;3
PIURA;TALARA;26.1;31.4;22.9;70;0.7;2020;7;25.2;29.5;22.5;76.6;1.8;;
PIURA;AYABACA;19.6;24.5;16.6;83.4;17;2020;8;18.2;22.3;15.6;89.3;16;;
PIURA;HUANCABAMBA;17.5;22.5;14.4;83.9;2;2020;8;16.2;20.3;13.4;89.2;10.3;;
PIURA;MORROPON;25.3;31.3;21;70;3.3;2020;8;23.3;27.6;20.1;81.5;11.5;;
PIURA;PAITA;26.6;31.8;23.7;71.3;0.9;2020;8;25.8;30.2;23;75.7;4.3;;
PIURA;PIURA;28;34.8;23.5;63.6;4.9;2020;8;26.1;31.4;22.6;73.3;8.2;TOTAL;6
PIURA;SECHURA;26.7;31.9;23.3;70.3;0.4;2020;8;25.9;30.5;22.9;74.7;3;;
PIURA;SULLANA;26.9;33.2;23;68.9;4.9;2020;8;25.3;30.3;22.1;76.5;11.9;TOTAL;3
PIURA;TALARA;26.5;31.8;23.5;70.8;1.3;2020;8;25.2;29.6;22.6;76.7;5.9;;
PIURA;AYABACA;18.9;22.8;16.5;90.3;28.6;2020;9;18.3;22.5;15.6;88.9;20.2;TOTAL;2
PIURA;HUANCABAMBA;17;21.2;14.5;89.6;11;2020;9;16.3;20.5;13.4;88.7;13.3;;
PIURA;MORROPON;24.3;29;21;77.9;7.3;2020;9;23.3;27.7;20.1;81.6;19;TOTAL;1
PIURA;PAITA;26.6;31.5;23.9;72.5;1.9;2020;9;25.7;30.1;23;76;6.5;;
PIURA;PIURA;27.3;33.1;23.3;68.7;2.4;2020;9;26.1;31.5;22.5;73.6;13.5;TOTAL;3
PIURA;SECHURA;26.8;31.9;23.7;71.4;0.8;2020;9;25.8;30.5;22.8;74.7;4.9;;
PIURA;SULLANA;26.2;31.3;22.8;74.1;6.3;2020;9;25.4;30.4;22.1;76.5;15.7;TOTAL;2
PIURA;TALARA;26.1;30.8;23.4;74.3;1.5;2020;9;25.2;29.6;22.6;76.8;9.1;;
PIURA;AYABACA;19.4;23.7;16.3;86.1;6.1;2020;10;18.4;22.5;15.7;88.8;18.1;;
PIURA;HUANCABAMBA;17.4;21.6;14.6;86.6;5.3;2020;10;16.3;20.5;13.4;88.6;13.3;;
PIURA;MORROPON;24.9;30;21;73.8;4.7;2020;10;23.4;27.7;20.2;81.8;18.5;TOTAL;2
PIURA;PAITA;26.8;31.8;23.9;72.6;3.6;2020;10;25.8;30.3;23.1;75.6;9.1;TOTAL;1
PIURA;PIURA;27.8;34;23.5;65.7;4.2;2020;10;26.2;31.5;22.7;73.5;14.5;TOTAL;6
PIURA;SECHURA;26.7;31.4;23.7;72.5;1.5;2020;10;26;30.8;22.9;74.1;7.4;;
PIURA;SULLANA;26.8;32.2;23.1;70.8;2.7;2020;10;25.4;30.4;22.3;76.9;16.1;TOTAL;4
PIURA;TALARA;26.5;31.6;23.6;72.1;4.3;2020;10;25.4;29.8;22.7;76.4;10;TOTAL;1
PIURA;AYABACA;19;23.3;15.9;87.2;24.3;2020;11;18.3;22.5;15.6;89;17.5;;
PIURA;HUANCABAMBA;17.1;21.5;13.9;87.6;15.2;2020;11;16.3;20.5;13.3;88.4;12.8;;
PIURA;MORROPON;25.1;30.4;21.1;71.2;12;2020;11;23.4;27.8;20.2;81.8;16.4;TOTAL;2
PIURA;PAITA;26.8;31.9;23.8;71.6;2.1;2020;11;25.8;30.3;23;75.5;5.7;TOTAL;1
PIURA;PIURA;28;34.4;23.7;63.6;4.6;2020;11;26.3;31.6;22.7;73.1;10.2;TOTAL;1
PIURA;SECHURA;27.1;32.1;23.8;69.9;1;2020;11;25.8;30.6;22.9;74.8;6;;
PIURA;SULLANA;26.5;31.9;22.8;72.4;3.7;2020;11;25.4;30.4;22.2;76.7;13.6;TOTAL;3
PIURA;TALARA;26.1;31.1;23.2;73.8;3.1;2020;11;25.3;29.7;22.7;76.4;7.9;;
PIURA;AYABACA;18.5;22.5;15.9;88.9;9.9;2020;12;18.3;22.4;15.7;90;25.4;;
PIURA;HUANCABAMBA;16.5;20.6;13.3;86.9;7.5;2020;12;16.2;20.3;13.4;89.6;18.1;;
PIURA;MORROPON;24.9;30.1;20.6;71.8;8.4;2020;12;23.2;27.5;20.1;82.9;28.8;TOTAL;6
PIURA;PAITA;26.8;32.2;23.6;70.2;0.4;2020;12;25.5;30;22.9;76.5;10.5;;
PIURA;PIURA;27.8;34.3;23.5;64;3.2;2020;12;26;31.2;22.5;74.7;22;TOTAL;4
PIURA;SECHURA;27;32.4;23.5;68.7;0.3;2020;12;25.5;30.1;22.6;76.4;7.8;;
PIURA;SULLANA;26.2;31.7;22.9;74.6;3.1;2020;12;25.3;30.3;22.2;77.7;24.2;;
PIURA;TALARA;26.2;31;23.3;73.6;1.5;2020;12;25.2;29.6;22.5;77.1;11.8;;
PIURA;AYABACA;18.8;23.4;15.6;84.1;7.6;2020;13;18.3;22.6;15.5;89.1;18.1;;
PIURA;HUANCABAMBA;16.6;21.1;13;85.4;4.6;2020;13;16.3;20.5;13.2;88.7;13.8;;
PIURA;MORROPON;24.8;30.7;20.3;68.2;5.6;2020;13;23.2;27.6;19.9;82.5;17.9;;
PIURA;PAITA;26.5;31.7;23.4;69.5;0.4;2020;13;25.3;29.9;22.5;76.2;9.1;;
PIURA;PIURA;27.7;34.5;23.1;61.4;2.2;2020;13;25.8;31.3;22.2;74.4;14.1;TOTAL;4
PIURA;SECHURA;26.3;31.5;23;69.6;0.5;2020;13;25.1;29.8;22.2;76.6;7.9;;
PIURA;SULLANA;26.6;32.8;22.6;67.6;1.7;2020;13;25.3;30.5;22;76.7;15.8;;
PIURA;TALARA;26;31.4;22.9;69.7;0.2;2020;13;25;29.6;22.3;76.5;11.7;;
PIURA;AYABACA;19;23.6;15.7;84.7;19.5;2020;14;18.4;22.6;15.5;88.6;19;;
PIURA;HUANCABAMBA;16.8;21.2;13.6;86.8;17.6;2020;14;16.3;20.6;13.2;88.2;15.3;;
PIURA;MORROPON;24.4;29.8;20.2;72.1;18.5;2020;14;23.1;27.6;19.6;82.2;15.1;TOTAL;1
PIURA;PAITA;26;31.2;23;70.2;5.3;2020;14;24.8;29.6;22;76.4;5.6;;
PIURA;PIURA;27.1;33.5;22.7;64.5;20.6;2020;14;25.5;31.1;21.7;74.8;9.9;;
PIURA;SECHURA;25.4;30.3;22.2;72.9;13.1;2020;14;24.3;29;21.5;78.6;3.6;TOTAL;1
PIURA;SULLANA;26.4;32.5;22.6;69;18.5;2020;14;25.1;30.4;21.7;76.6;14.8;;
PIURA;TALARA;25.4;30.3;22.6;72.8;4;2020;14;24.8;29.6;22;76;8.1;;
PIURA;AYABACA;19.4;24.1;16.1;83.2;10.3;2020;15;18.3;22.5;15.5;88.4;14.1;;
PIURA;HUANCABAMBA;17.4;21.7;14.4;85.8;5.8;2020;15;16.3;20.5;13.2;88.3;11;;
PIURA;MORROPON;25.1;30.7;20.8;68.9;6.1;2020;15;23;27.6;19.5;81.2;10.3;TOTAL;3
PIURA;PAITA;26.1;31;23;69.1;0.6;2020;15;24.6;29.4;21.7;75.8;3.7;;
PIURA;PIURA;27.7;34.3;22.9;60.9;3.4;2020;15;25.4;31.1;21.6;73.4;7;TOTAL;1
PIURA;SECHURA;25.5;30.6;22.2;70.7;1;2020;15;24.1;29;21.2;77.7;3.2;;
PIURA;SULLANA;27;33.2;22.7;66.1;3.3;2020;15;25.1;30.4;21.6;75.3;9.7;;
PIURA;TALARA;26;31.1;22.9;68.9;1;2020;15;24.8;29.6;21.8;74.7;4.3;TOTAL;1
PIURA;AYABACA;18.5;22.6;15.8;89.1;39.2;2020;16;18.4;22.7;15.2;87.1;7.3;;
PIURA;HUANCABAMBA;16.6;20.5;14;89.7;21;2020;16;16.2;20.6;12.9;87.3;6.5;;
PIURA;MORROPON;23.9;28.7;20.1;76.8;18.7;2020;16;22.9;27.7;19.1;80;3.5;;
PIURA;PAITA;24.9;30;21.9;74.2;5;2020;16;24.2;29.3;21.2;75.5;1.2;;
PIURA;PIURA;26.3;32.4;22.1;68.7;12;2020;16;25.2;31.2;21.1;72.3;2;;
PIURA;SECHURA;24.9;30.1;21.7;72.1;5.5;2020;16;23.6;28.6;20.7;77.9;1.2;;
PIURA;SULLANA;25.8;31.6;22;73.1;15.8;2020;16;25;30.6;21.2;73.9;2.4;;
PIURA;TALARA;25;29.9;22.2;75.1;5.4;2020;16;24.6;29.7;21.5;73.9;1.3;;
PIURA;AYABACA;18.7;23.8;14.4;80.3;11.1;2020;17;18.3;22.6;15.2;87.1;7.9;;
PIURA;HUANCABAMBA;16.4;21.1;12.5;83.8;3.5;2020;17;16.2;20.5;12.9;87.4;6.8;;
PIURA;MORROPON;23.8;29.5;18.9;70.1;2.6;2020;17;22.7;27.5;18.9;79.8;4.6;;
PIURA;PAITA;24.3;29.7;21;71.4;0.4;2020;17;24;28.9;21;75.5;1.4;;
PIURA;PIURA;26;32.9;21.2;63.4;1.3;2020;17;24.9;30.8;20.8;72.3;2;;
PIURA;SECHURA;23.8;29.2;20.5;73.1;0.5;2020;17;23.3;28.2;20.4;78.1;1.4;;
PIURA;SULLANA;25.8;32.5;21.3;65.8;2.8;2020;17;24.9;30.4;21.1;73.7;2.6;TOTAL;1
PIURA;TALARA;24.8;30.5;21.3;68.4;0.2;2020;17;24.4;29.5;21.3;73.8;1.4;;
PIURA;AYABACA;19;23.7;15.7;82.1;10.9;2020;18;18.4;22.8;15.1;85.9;4.7;;
PIURA;HUANCABAMBA;16.8;21.3;13.6;85.7;8.6;2020;18;16.2;20.7;12.8;86.5;4.7;;
PIURA;MORROPON;23.6;29.3;19.1;70.9;4.7;2020;18;22.6;27.6;18.7;79.1;2.1;TOTAL;5
PIURA;PAITA;24.3;29.5;21;72;0.6;2020;18;23.8;28.9;20.7;75.6;1.2;;
PIURA;PIURA;25.7;32.3;20.9;64.5;3.6;2020;18;24.7;30.9;20.5;72;1.3;;
PIURA;SECHURA;23.8;29;20.6;74;7.1;2020;18;23.1;28;20.2;78.1;1.2;;
PIURA;SULLANA;25.7;32.1;21.2;64.9;2.6;2020;18;24.8;30.6;20.8;72.8;1.4;;
PIURA;TALARA;24.8;30.6;21.4;68.1;3.7;2020;18;24.2;29.6;21;73.6;1.3;;
PIURA;AYABACA;19.3;24.3;15.9;82.6;23.7;2020;19;18.5;23.1;15.1;84.6;6.4;;
PIURA;HUANCABAMBA;16.9;21.5;13.8;86.1;17.9;2020;19;16.3;20.9;12.7;85.4;7.3;;
PIURA;MORROPON;23.6;29.2;19.4;75.6;14.4;2020;19;22.5;27.7;18.4;78.4;3.9;TOTAL;1
PIURA;PAITA;24;28.9;21.2;76.3;6.6;2020;19;23.4;28.5;20.4;76;2.1;;
PIURA;PIURA;25.3;31.5;20.9;71;9;2020;19;24.4;30.7;20.1;71.7;2.8;TOTAL;3
PIURA;SECHURA;23.3;27.7;20.6;80.6;10.7;2020;19;22.8;27.7;19.9;78.1;2;;
PIURA;SULLANA;25.7;32.2;21.3;68.7;6;2020;19;24.7;30.7;20.5;72.1;3;;
PIURA;TALARA;24.6;30.1;21.4;73.1;3.7;2020;19;24;29.4;20.8;73.7;2.5;;
PIURA;AYABACA;19.3;24;15.9;81.1;12.1;2020;20;18.4;23.1;14.9;84;4.2;;
PIURA;HUANCABAMBA;16.9;21.7;13.4;84.1;4.6;2020;20;16.1;20.8;12.5;84.7;3.9;;
PIURA;MORROPON;23.5;29.6;19;73.1;10.1;2020;20;22.1;27.3;18;78.3;2.1;TOTAL;1
PIURA;PAITA;23.9;28.9;21;75.7;0.7;2020;20;23.1;28.1;20;76.1;1.5;;
PIURA;PIURA;25.4;32.4;20.8;67.7;1.8;2020;20;24;30.3;19.7;71.8;1;TOTAL;2
PIURA;SECHURA;23.3;28.4;20.3;77.4;0.7;2020;20;22.4;27.2;19.6;78.3;1;;
PIURA;SULLANA;25.7;32.7;21.2;67.3;0.7;2020;20;24.3;30.4;20.1;71.8;1.2;;
PIURA;TALARA;24.5;30.3;21.4;72.2;0.8;2020;20;23.6;29.1;20.4;73.8;1.1;;
PIURA;AYABACA;19.3;24.4;15.3;77.6;3.7;2020;21;18.1;22.7;14.7;84.4;4.3;;
PIURA;HUANCABAMBA;16.7;21.6;12.7;82.6;2.2;2020;21;15.9;20.5;12.4;85.4;4.7;;
PIURA;MORROPON;22.8;29;17.7;71.5;2.7;2020;21;21.7;26.9;17.6;78.1;2.4;TOTAL;3
PIURA;PAITA;22.7;27.7;19.6;76.1;0.4;2020;21;22.6;27.6;19.6;76.5;1.5;;
PIURA;PIURA;24.3;31.2;19.3;67.5;0.7;2020;21;23.5;29.7;19.2;71.8;1.5;TOTAL;1
PIURA;SECHURA;22.2;27;19.2;77.9;0.2;2020;21;22;26.7;19.2;78.7;1.5;;
PIURA;SULLANA;24.9;32.1;19.9;65.6;0.1;2020;21;23.9;30;19.6;71.5;1.9;;
PIURA;TALARA;23.4;29.3;20;71.6;0.4;2020;21;23.2;28.7;19.9;73.9;2.1;;
PIURA;AYABACA;18.9;23.9;15.1;77.5;4.9;2020;22;18;22.9;14.5;82.6;3.2;;
PIURA;HUANCABAMBA;16.3;21.6;12.2;80.6;3.5;2020;22;15.8;20.6;12;84;3.9;;
PIURA;MORROPON;22.7;29;17.8;71.6;3.4;2020;22;21.5;26.8;17.3;77.5;1.4;;
PIURA;PAITA;22.3;27.2;19.3;79.3;0;2020;22;22.2;27.2;19.2;76.8;1;;
PIURA;PIURA;24.2;31.1;19.4;69.1;0.7;2020;22;23.2;29.5;18.8;71.7;1;;
PIURA;SECHURA;22.3;27.1;19.1;79.3;0.1;2020;22;21.6;26.3;18.8;78.7;0.8;;
PIURA;SULLANA;24.6;31.7;19.8;67.7;0.2;2020;22;23.6;29.9;19.2;71.1;0.8;;
PIURA;TALARA;23;28.7;19.7;74.4;0.1;2020;22;22.8;28.4;19.5;74;0.7;;
PIURA;AYABACA;18.5;23.3;15.3;82.2;13.1;2020;23;18.1;23.1;14.3;81.3;2.4;;
PIURA;HUANCABAMBA;16.1;20.7;13;85.2;11.5;2020;23;15.7;20.8;11.8;83;3.4;;
PIURA;MORROPON;22;27.5;17.6;74.3;4.6;2020;23;21.3;26.8;17;77.1;1.1;TOTAL;1
PIURA;PAITA;22.1;26.9;19.3;77.6;5.2;2020;23;22;26.9;19;77.2;0.7;;
PIURA;PIURA;23.3;29.6;18.8;70.6;4.4;2020;23;23;29.3;18.6;71.9;0.6;TOTAL;1
PIURA;SECHURA;21.8;26.1;19.1;78.6;5.9;2020;23;21.4;26.1;18.7;79;0.8;;
PIURA;SULLANA;24;30.8;19.3;68.3;3.1;2020;23;23.4;29.8;19;70.9;0.5;;
PIURA;TALARA;22.7;28.4;19.5;73.6;3.8;2020;23;22.6;28.2;19.3;74.3;0.5;TOTAL;1
PIURA;AYABACA;18.3;24.5;13.3;74;1.7;2020;24;18;23.2;14;79.6;2.6;;
PIURA;HUANCABAMBA;15.8;21.7;10.6;77.8;4.3;2020;24;15.6;20.9;11.4;81.5;3.1;;
PIURA;MORROPON;21.4;28.3;15.7;69.9;1.7;2020;24;20.9;26.4;16.5;76.9;1.4;;
PIURA;PAITA;21.1;26.3;18;77.1;0.4;2020;24;21.5;26.4;18.5;77.7;0.5;;
PIURA;PIURA;22.7;30;17.5;67.9;0.1;2020;24;22.5;28.9;18.1;72;0.9;;
PIURA;SECHURA;20.7;25.6;17.7;78.4;0.4;2020;24;21;25.6;18.3;79.1;0.7;;
PIURA;SULLANA;23.3;31;18;66.1;0;2020;24;23;29.4;18.5;71;0.9;;
PIURA;TALARA;21.9;28.2;18.3;72.2;0.1;2020;24;22.1;27.8;18.8;74.8;0.8;;
PIURA;AYABACA;18.5;24.4;14.1;73.9;4.3;2020;25;17.9;23.1;14.1;79.5;1.6;;
PIURA;HUANCABAMBA;16;21.7;11.6;78.9;9.7;2020;25;15.5;20.8;11.5;81.1;2.2;;
PIURA;MORROPON;21;27.4;15.7;70.6;5;2020;25;20.7;26;16.5;77.5;1.2;;
PIURA;PAITA;20.8;25.7;17.6;76.9;2.4;2020;25;21.3;26;18.4;78;0.7;;
PIURA;PIURA;22.1;29;17.2;68.5;3.9;2020;25;22.2;28.3;18;72.8;0.6;;
PIURA;SECHURA;20.3;24.9;17.5;78.8;4;2020;25;20.8;25.2;18.2;79.5;0.7;;
PIURA;SULLANA;23;30.2;17.9;66;2.8;2020;25;22.8;29.1;18.3;71.2;0.5;;
PIURA;TALARA;21.8;27.7;18.2;71.6;2.8;2020;25;22;27.6;18.7;74.8;0.7;;
PIURA;AYABACA;18.5;24.1;14.5;73.4;9.1;2020;26;17.8;23.2;13.9;78.5;1.6;;
PIURA;HUANCABAMBA;15.9;21.5;11.8;79.3;7;2020;26;15.4;20.9;11.2;80.3;1.9;;
PIURA;MORROPON;21.2;27.6;15.9;68.7;5.8;2020;26;20.5;25.9;16.2;77.5;0.8;TOTAL;1
PIURA;PAITA;20.6;25.8;17.4;75.6;1.5;2020;26;21.1;25.9;18.1;78.1;0.4;;
PIURA;PIURA;22.1;29.3;17;66.5;3.5;2020;26;22;28.2;17.7;72.8;0.5;TOTAL;1
PIURA;SECHURA;20;24.9;16.9;77.7;0.7;2020;26;20.6;25.1;17.9;79.6;0.6;;
PIURA;SULLANA;22.9;30.4;17.9;64.5;2.5;2020;26;22.6;29;18.1;71.2;0.5;;
PIURA;TALARA;21.7;27.7;18.1;70;2.4;2020;26;21.7;27.3;18.4;75;0.5;;
PIURA;AYABACA;18.2;23.7;14;73.6;4.9;2020;27;17.8;23.4;13.6;77.3;1.4;;
PIURA;HUANCABAMBA;15.7;21;11.7;79.5;5;2020;27;15.3;21;10.9;79.2;1.7;;
PIURA;MORROPON;20.8;26.8;15.8;69.2;2;2020;27;20.2;25.8;15.9;77.3;0.8;;
PIURA;PAITA;20.3;25.3;17;75.4;0.4;2020;27;20.8;25.6;17.9;78.3;0.4;;
PIURA;PIURA;21.7;28.6;16.7;66.8;1;2020;27;21.8;28;17.5;72.9;0.3;TOTAL;2
PIURA;SECHURA;19.6;24.2;16.7;77.9;2.2;2020;27;20.3;24.8;17.7;79.7;0.4;;
PIURA;SULLANA;22.7;29.7;17.5;64.6;0.7;2020;27;22.3;28.9;17.8;71.3;0.3;TOTAL;1
PIURA;TALARA;21.5;27.3;17.7;69.8;1.4;2020;27;21.5;27.1;18.1;75.1;0.4;;
PIURA;AYABACA;17.9;23.5;14.2;78.4;17.6;2020;28;17.8;23.4;13.6;76.8;1.9;;
PIURA;HUANCABAMBA;15.7;20.8;12;81.8;14.6;2020;28;15.3;21.1;10.9;78.6;2;;
PIURA;MORROPON;20.3;26.6;15.8;72.5;6.2;2020;28;20.1;25.7;15.7;77;1.1;;
PIURA;PAITA;19.8;24.7;16.8;76.9;4.2;2020;28;20.5;25.3;17.5;78.3;1.2;;
PIURA;PIURA;21.2;28.2;16.5;69.7;5.1;2020;28;21.5;27.8;17.2;72.7;1.1;;
PIURA;SECHURA;19.1;23.7;16.5;78.9;8;2020;28;20;24.5;17.4;79.5;0.9;;
PIURA;SULLANA;22.2;29.5;17.3;66.7;3.1;2020;28;22.1;28.8;17.5;70.8;1;;
PIURA;TALARA;21;26.8;17.5;72;4.1;2020;28;21.2;26.9;17.8;75;0.8;;
PIURA;AYABACA;18;24;13.5;74.2;6.7;2020;29;17.8;23.6;13.5;75.5;1;;
PIURA;HUANCABAMBA;15.5;21.4;10.9;77.3;9.5;2020;29;15.3;21.2;10.7;77.5;1.5;;
PIURA;MORROPON;20;26;15.1;73.1;1.4;2020;29;19.9;25.6;15.5;76.8;0.5;;
PIURA;PAITA;19.4;24.1;16.5;78.8;0.1;2020;29;20.3;25.1;17.3;78.4;0.4;;
PIURA;PIURA;20.9;27.6;16.2;71.5;0.3;2020;29;21.3;27.7;17;72.8;0.3;;
PIURA;SECHURA;18.9;23.4;16.2;80.2;0.3;2020;29;19.8;24.4;17.2;79.5;0.5;;
PIURA;SULLANA;21.7;28.7;16.8;69;0.1;2020;29;22;28.7;17.3;70.7;0.2;;
PIURA;TALARA;20.4;26;16.9;74.6;0.4;2020;29;21.1;26.8;17.6;75;0.2;;
PIURA;AYABACA;18;24.2;13.4;73.3;3.7;2020;30;18;23.9;13.6;74.8;1;;
PIURA;HUANCABAMBA;15.6;21.4;11;77.9;3.5;2020;30;15.4;21.4;10.9;76.8;2;;
PIURA;MORROPON;20.1;26.7;15;72.3;1.8;2020;30;20;25.7;15.6;76.9;0.6;;
PIURA;PAITA;19.6;24.9;16.4;76.5;0;2020;30;20.3;25.1;17.3;78.5;0.2;;
PIURA;PIURA;21;28.3;16.1;69.7;0.8;2020;30;21.3;27.7;17;73;0.2;;
PIURA;SECHURA;18.8;23.7;16.1;79.6;0.1;2020;30;19.8;24.3;17.2;79.6;0.2;;
PIURA;SULLANA;22;29.7;16.8;65.9;0.4;2020;30;22;28.7;17.3;70.8;0.2;;
PIURA;TALARA;20.8;27.1;17.1;70.9;0.1;2020;30;21;26.8;17.6;75.1;0.2;;
PIURA;AYABACA;18.4;24.5;14.1;71.8;1.7;2020;31;17.9;24.1;13.2;73.8;1;;
PIURA;HUANCABAMBA;15.9;21.8;11.5;76.1;6.8;2020;31;15.4;21.6;10.5;75.6;1.2;;
PIURA;MORROPON;20.2;26.3;15.2;70.8;2.9;2020;31;19.7;25.5;15.2;76.6;0.8;;
PIURA;PAITA;19.2;24.2;16;76.7;0.1;2020;31;20;24.8;17.1;78.5;0.2;;
PIURA;PIURA;20.8;27.8;15.8;69;0.8;2020;31;21.1;27.5;16.7;72.9;0.3;;
PIURA;SECHURA;18.6;23.5;15.7;78.6;0.8;2020;31;19.6;24.1;16.9;79.4;0.4;;
PIURA;SULLANA;21.9;29.1;16.8;66;0;2020;31;21.7;28.6;17;70.8;0.1;TOTAL;1
PIURA;TALARA;20.5;26.3;16.8;71.7;0.1;2020;31;20.8;26.6;17.3;75.1;0.1;;
PIURA;AYABACA;18.2;25.7;12.1;64.8;0.7;2020;32;18;24.3;13.3;72.9;1;;
PIURA;HUANCABAMBA;15.5;22.4;9.7;68.9;0.6;2020;32;15.5;21.7;10.7;75.1;1.3;;
PIURA;MORROPON;20;27.3;14;68;0.1;2020;32;19.8;25.8;15.2;76;0.6;TOTAL;1
PIURA;PAITA;18.9;24.5;15.3;76.9;0;2020;32;20;24.9;17;78;0.2;;
PIURA;PIURA;20.7;28.7;15.1;68;0.1;2020;32;21.1;27.8;16.6;72.2;0.2;TOTAL;1
PIURA;SECHURA;18.3;23.6;15.1;79;0;2020;32;19.6;24.3;16.9;78.8;0.1;;
PIURA;SULLANA;21.8;30.2;15.9;64;0;2020;32;21.8;28.9;17;70;0.1;;
PIURA;TALARA;20.3;26.9;16.1;70.4;0.1;2020;32;20.8;26.7;17.3;74.7;0.1;;
PIURA;AYABACA;18.7;25.6;13.1;68.4;0.5;2020;33;18.1;24.4;13.3;73.2;0.9;;
PIURA;HUANCABAMBA;16.2;22.6;10.7;73;1.3;2020;33;15.6;21.8;10.7;75.4;1.6;;
PIURA;MORROPON;20.3;27;14.7;70.2;0.2;2020;33;20;25.9;15.2;76;0.7;;
PIURA;PAITA;19.1;24.4;15.8;77.7;0;2020;33;20;25;17;78.2;0.2;;
PIURA;PIURA;21;28.5;15.8;68.7;0.1;2020;33;21.2;27.9;16.7;72.2;0.2;TOTAL;1
PIURA;SECHURA;18.7;23.8;15.7;78.8;0;2020;33;19.6;24.4;16.9;78.8;0.2;;
PIURA;SULLANA;21.9;29.7;16.5;65.8;0;2020;33;21.9;28.9;17.1;70.2;0.2;TOTAL;2
PIURA;TALARA;20.2;26.4;16.4;72.2;0.1;2020;33;20.8;26.7;17.3;75;0.1;;
PIURA;AYABACA;18.2;23.9;14.4;73.3;4.2;2020;34;18.1;24.4;13.3;73;0.8;;
PIURA;HUANCABAMBA;15.8;21;12;80.3;8.9;2020;34;15.7;21.9;10.8;75.2;1.3;;
PIURA;MORROPON;19.8;25.8;15.3;72.9;2.3;2020;34;20;25.9;15.3;75.9;0.8;;
PIURA;PAITA;19;23.9;16.2;77.8;1.2;2020;34;19.9;25;16.9;78.1;0.2;;
PIURA;PIURA;20.4;27.2;16;70.8;2.8;2020;34;21.2;27.9;16.7;72;0.4;;
PIURA;SECHURA;18.5;23.1;16;79.5;5.7;2020;34;19.5;24.4;16.8;78.8;0.4;;
PIURA;SULLANA;21.4;28.7;16.6;66.5;1.4;2020;34;21.9;29;17.1;70;0.2;TOTAL;1
PIURA;TALARA;20.2;26.4;16.8;71.9;0.7;2020;34;20.7;26.7;17.2;74.8;0.1;;
PIURA;AYABACA;18.1;25;12.6;68.1;0.3;2020;35;18.2;24.4;13.6;73.8;0.9;;
PIURA;HUANCABAMBA;15.4;22.1;9.6;72;0.3;2020;35;15.8;21.9;11.1;75.8;2;;
PIURA;MORROPON;19.8;26.8;14.2;71.2;0.1;2020;35;20;26;15.4;76;1.1;;
PIURA;PAITA;19;24.2;15.9;77.8;0;2020;35;20;25.1;16.9;78;0.2;;
PIURA;PIURA;20.6;28.2;15.8;70;0;2020;35;21.3;28;16.7;71.8;0.3;;
PIURA;SECHURA;18.7;23.8;16;78.8;0.1;2020;35;19.6;24.5;16.8;78.5;0.4;;
PIURA;SULLANA;21.4;29.4;16.1;66.5;0;2020;35;21.9;29.1;17.1;69.9;0.1;;
PIURA;TALARA;20;26.4;16.3;72.4;0.1;2020;35;20.7;26.7;17.2;74.8;0.1;;
PIURA;AYABACA;18.3;24.7;13.7;69.2;3.1;2020;36;18.2;24.3;13.6;74.5;2.2;;
PIURA;HUANCABAMBA;15.9;21.7;11.7;75.4;5.8;2020;36;15.9;21.8;11.1;76.4;3.8;;
PIURA;MORROPON;19.5;26;14.8;71;0.8;2020;36;20.2;26.2;15.5;75.8;1.6;;
PIURA;PAITA;19.1;24.3;16;75.9;0.2;2020;36;20.1;25.2;17;77.8;0.4;;
PIURA;PIURA;20.4;27.7;15.6;68.7;0.6;2020;36;21.5;28.3;16.9;71.4;0.5;;
PIURA;SECHURA;18.6;23.4;15.8;77.9;0.9;2020;36;19.7;24.7;16.8;78.4;0.5;;
PIURA;SULLANA;21.3;29.1;16.1;65.8;0.1;2020;36;22.1;29.3;17.3;69.6;0.5;;
PIURA;TALARA;20.1;26.4;16.4;71.1;0.3;2020;36;20.9;26.8;17.3;74.7;0.4;;
PIURA;AYABACA;18.8;25.9;13.3;66.5;1.3;2020;37;18.3;24.4;13.6;74.7;3;;
PIURA;HUANCABAMBA;16.2;22.6;11.1;72.6;2.8;2020;37;15.9;21.9;11.2;76.7;5;;
PIURA;MORROPON;20.6;27.4;15.2;68.6;0.2;2020;37;20.3;26.3;15.6;75.5;2.1;;
PIURA;PAITA;19.3;24.6;16;76.6;0.2;2020;37;20.1;25.3;17;77.5;0.4;;
PIURA;PIURA;21.3;28.9;16;67.3;0.3;2020;37;21.5;28.4;16.9;71.1;0.7;;
PIURA;SECHURA;18.9;24.1;15.8;77.9;0.2;2020;37;19.7;24.8;16.8;78.3;0.8;;
PIURA;SULLANA;22.1;30.3;16.7;64.8;0.8;2020;37;22.2;29.4;17.4;69.4;0.6;;
PIURA;TALARA;20.4;26.7;16.7;71.6;0.2;2020;37;20.9;26.9;17.4;74.4;0.4;;
PIURA;AYABACA;18.8;25.2;14;69.8;4.6;2020;38;18.3;24.2;13.8;76.2;1.7;;
PIURA;HUANCABAMBA;16.3;22.2;11.7;75.8;3.7;2020;38;16;21.8;11.5;77.8;2.7;;
PIURA;MORROPON;20.9;27.7;15.6;68.6;1.2;2020;38;20.5;26.4;15.8;75.7;1.4;;
PIURA;PAITA;19.7;25.3;16.3;75.9;0.1;2020;38;20.3;25.6;17.2;77.2;0.9;;
PIURA;PIURA;21.7;29.5;16.2;66.3;0.6;2020;38;21.7;28.7;17.1;71;0.6;;
PIURA;SECHURA;19.2;24.7;16;77;0.1;2020;38;19.8;24.9;16.9;78.3;0.6;;
PIURA;SULLANA;22.6;30.8;17.1;64;0.7;2020;38;22.4;29.6;17.6;69.2;0.8;;
PIURA;TALARA;20.9;27.3;17;70.9;0.1;2020;38;21.1;27.2;17.6;74.2;0.6;;
PIURA;AYABACA;19;25.1;14.4;69.6;2.8;2020;39;18.2;23.9;14;77.7;2.2;;
PIURA;HUANCABAMBA;16.2;21.9;11.8;76.7;3.7;2020;39;16;21.5;11.7;79.4;3.6;;
PIURA;MORROPON;21.3;28;16;67.6;0.9;2020;39;20.5;26.5;15.9;75.6;1.2;;
PIURA;PAITA;19.8;25.2;16.5;76.4;0.4;2020;39;20.3;25.5;17.2;77.3;0.4;;
PIURA;PIURA;22.1;29.8;16.6;65.6;0.2;2020;39;21.7;28.7;17;70.9;0.4;TOTAL;1
PIURA;SECHURA;19.4;24.8;16.1;76.7;0.1;2020;39;19.8;25;16.9;78.1;0.6;;
PIURA;SULLANA;22.9;30.9;17.5;63.3;0.5;2020;39;22.4;29.6;17.6;69.3;0.4;;
PIURA;TALARA;20.9;27.2;17.2;70.8;1.2;2020;39;21.1;27.1;17.6;74.2;0.3;;
PIURA;AYABACA;18.4;24.5;13.8;73.4;3.3;2020;40;18.3;23.9;14.1;78;2;;
PIURA;HUANCABAMBA;15.8;21.3;11.5;78.9;7.8;2020;40;16;21.5;11.8;80.3;3.7;;
PIURA;MORROPON;20.6;27.3;15.6;72.4;3.2;2020;40;20.7;26.6;16;75.4;1.3;;
PIURA;PAITA;20;25.5;16.8;76.4;0.2;2020;40;20.4;25.7;17.3;76.9;0.3;;
PIURA;PIURA;21.7;29.5;16.8;68.5;0.8;2020;40;21.9;28.9;17.1;70.5;0.5;;
PIURA;SECHURA;19.6;24.9;16.8;77.6;0.2;2020;40;19.9;25.1;17;78.1;0.3;;
PIURA;SULLANA;22.4;30.6;17.1;66;0.2;2020;40;22.5;29.8;17.7;68.7;0.5;;
PIURA;TALARA;20.8;27.3;17.1;72.4;0.8;2020;40;21.2;27.3;17.7;73.8;0.3;;
PIURA;AYABACA;18.7;25.3;13.6;69.7;5.4;2020;41;18.1;23.6;14;79.2;3.9;;
PIURA;HUANCABAMBA;16.2;22.2;11.4;74.1;6.1;2020;41;15.9;21.2;11.8;80.9;4.9;;
PIURA;MORROPON;21;27.9;15.9;70.5;2.3;2020;41;20.7;26.7;16;75.4;2;;
PIURA;PAITA;20.1;26;16.8;76.5;0.6;2020;41;20.4;25.8;17.3;76.9;0.8;;
PIURA;PIURA;22.1;30;17;67.8;1.4;2020;41;21.9;29;17.2;70.5;1.1;TOTAL;2
PIURA;SECHURA;19.9;25.8;16.7;77;1.4;2020;41;20;25.2;17;78;0.9;;
PIURA;SULLANA;22.8;30.8;17.6;65.5;1.4;2020;41;22.5;29.9;17.7;68.7;0.7;TOTAL;1
PIURA;TALARA;21.1;27.5;17.5;71.9;0.7;2020;41;21.2;27.3;17.7;73.8;0.9;;
PIURA;AYABACA;19.1;25.6;13.8;67.9;1;2020;42;18;23.4;13.9;79.1;5.3;;
PIURA;HUANCABAMBA;16.5;22.7;11.6;72.6;1.8;2020;42;15.8;21;11.7;80.6;8.7;;
PIURA;MORROPON;21.7;28.5;16.2;68.1;0.2;2020;42;20.6;26.6;16;75.6;4.7;;
PIURA;PAITA;20.5;25.8;17.2;77;0;2020;42;20.4;25.7;17.3;77.4;1.4;;
PIURA;PIURA;22.6;30.3;17.2;67;0;2020;42;21.8;28.9;17.1;71;2.5;;
PIURA;SECHURA;20.1;25.6;16.8;77.7;0;2020;42;20;25.2;17.1;78.3;2.1;;
PIURA;SULLANA;23.2;31.1;18;65.6;0;2020;42;22.4;29.8;17.6;69.2;1.7;;
PIURA;TALARA;21.6;27.7;17.9;72.5;0;2020;42;21.1;27.2;17.6;74.5;1.3;;
PIURA;AYABACA;19.3;25.1;14.7;71.6;6.4;2020;43;18;23.2;14.1;80.9;4.5;;
PIURA;HUANCABAMBA;16.6;22.2;12.3;77.9;9.6;2020;43;15.8;20.8;11.9;83.1;8.2;;
PIURA;MORROPON;21.9;28.8;16.5;69.2;1.8;2020;43;20.7;26.8;16.2;76;3.2;;
PIURA;PAITA;20.7;26.3;17.5;76.1;0.3;2020;43;20.6;26;17.6;77.3;0.9;TOTAL;1
PIURA;PIURA;22.7;30.7;17.4;66.9;0.3;2020;43;22.1;29.3;17.4;70.8;1.4;TOTAL;1
PIURA;SECHURA;20.3;25.7;17.2;77;0.4;2020;43;20.3;25.7;17.4;77.8;1.4;;
PIURA;SULLANA;23.5;31.9;18.2;64.6;0.2;2020;43;22.5;30;17.8;69.4;0.6;;
PIURA;TALARA;21.7;28.2;18;71.6;0.1;2020;43;21.3;27.4;17.8;74.5;0.6;;
PIURA;AYABACA;19;24.7;14.8;73.3;0.9;2020;44;18;23.2;14.1;80.9;2.6;;
PIURA;HUANCABAMBA;16.7;21.9;12.6;74.1;4.7;2020;44;15.8;20.8;11.9;82.3;5.1;;
PIURA;MORROPON;21.8;28.7;16.7;69.3;0.5;2020;44;20.8;26.9;16.2;75.6;1.4;;
PIURA;PAITA;20.6;26.4;17.5;77.3;0.4;2020;44;20.9;26.3;17.9;77.1;0.5;;
PIURA;PIURA;22.6;30.7;17.5;68;0.4;2020;44;22.2;29.4;17.5;70.6;0.5;TOTAL;2
PIURA;SECHURA;20.2;25.7;17.2;78.6;0.4;2020;44;20.6;25.9;17.6;77.8;0.7;;
PIURA;SULLANA;23.6;31.8;18.2;65.1;0;2020;44;22.8;30.2;17.9;69.2;0.3;;
PIURA;TALARA;21.8;28.4;18.1;72.2;0.2;2020;44;21.5;27.7;18;74.4;0.4;;
PIURA;AYABACA;18.6;25.4;13.2;65.6;0.4;2020;45;17.9;23.1;14.1;81.6;5.3;;
PIURA;HUANCABAMBA;16.4;22.7;11.1;66.4;0.3;2020;45;15.8;20.7;12;83.4;8.2;;
PIURA;MORROPON;20.4;27.9;14.3;65.8;0;2020;45;20.7;26.6;16.3;76.4;3.4;;
PIURA;PAITA;18.9;24.7;15.3;77.3;0;2020;45;20.9;26.2;17.8;77.4;0.9;;
PIURA;PIURA;20.9;29.2;15.1;66.2;0;2020;45;22.1;29.2;17.6;71.3;1.4;;
PIURA;SECHURA;18.8;24.7;15.2;77.2;0;2020;45;20.5;25.7;17.6;78.2;1.3;;
PIURA;SULLANA;21.7;30.3;15.6;64.2;0;2020;45;22.7;29.9;17.9;69.5;0.6;;
PIURA;TALARA;20;26.7;15.8;71.6;0;2020;45;21.4;27.6;18;74.5;0.5;;
PIURA;AYABACA;18.5;24.4;14.2;67.7;1.6;2020;46;18;23.2;14.1;81.1;5.4;;
PIURA;HUANCABAMBA;16.1;21.5;12.4;76.2;7.2;2020;46;15.8;20.9;11.7;82.5;8.8;;
PIURA;MORROPON;20.6;26.9;16;69.1;0.7;2020;46;21;27.1;16.4;75.7;2.8;TOTAL;1
PIURA;PAITA;19.7;25.1;16.6;76.6;0.3;2020;46;21.2;26.5;18.1;77.3;0.9;;
PIURA;PIURA;21.5;28.7;16.7;67.4;0.6;2020;46;22.5;29.6;17.8;71;1.1;;
PIURA;SECHURA;19.6;24.6;16.5;77.1;0.5;2020;46;20.9;26.2;17.9;77.7;0.9;;
PIURA;SULLANA;22;30;17;64.4;0.2;2020;46;22.9;30.2;18.1;69.6;0.7;;
PIURA;TALARA;20.3;26.9;16.7;72;0.2;2020;46;21.6;27.8;18.2;74.7;0.7;;
PIURA;AYABACA;18.2;23.4;14.6;73.4;6.1;2020;47;17.9;23.1;13.9;80.3;4.4;;
PIURA;HUANCABAMBA;15.6;20.1;12.6;80.9;13.2;2020;47;15.7;20.7;11.6;81.8;5.6;;
PIURA;MORROPON;20.7;26.5;16.6;72;3.3;2020;47;21;27;16.4;75.4;2.6;;
PIURA;PAITA;20.5;25.3;17.3;76.8;1.6;2020;47;21.2;26.5;18.1;77.6;1.2;;
PIURA;PIURA;21.8;28.4;17.4;69.3;2.3;2020;47;22.5;29.5;17.8;71;1.2;TOTAL;1
PIURA;SECHURA;20;25;17.1;79;2.6;2020;47;21;26.2;18;78.2;1.6;;
PIURA;SULLANA;22.7;29.7;18.1;65;0.7;2020;47;23;30.2;18.2;69.4;1.2;;
PIURA;TALARA;21.4;27.2;17.8;71.3;0.4;2020;47;21.8;27.8;18.2;74.6;0.9;;
PIURA;AYABACA;18.9;24.6;14.7;74.5;10;2020;48;18.1;23.2;14.2;81.2;3.9;;
PIURA;HUANCABAMBA;16.3;21.2;12.7;82.6;27;2020;48;15.9;20.8;12;83;5.5;;
PIURA;MORROPON;21.3;27.8;16.5;71.4;4.7;2020;48;21.3;27.2;16.8;75.9;2;;
PIURA;PAITA;20.8;26.1;17.5;76.1;1.7;2020;48;21.7;27;18.6;76.9;0.8;;
PIURA;PIURA;22.4;29.8;17.5;68.4;3.3;2020;48;22.9;29.9;18.3;70.9;1.1;;
PIURA;SECHURA;20.5;25.8;17.3;77.5;4;2020;48;21.4;26.7;18.4;77.7;1;;
PIURA;SULLANA;23.3;31.2;18.2;65.1;1.4;2020;48;23.3;30.5;18.6;69.2;1;;
PIURA;TALARA;21.6;27.9;18;71.5;0.2;2020;48;22.2;28.2;18.7;74;0.6;;
PIURA;AYABACA;18;22.3;15.2;86.3;19.2;2020;49;18.1;23.1;14.4;81.9;4.6;;
PIURA;HUANCABAMBA;15.6;19.3;12.9;91.6;25;2020;49;15.8;20.6;12.1;83.8;6;;
PIURA;MORROPON;21;25.8;17.5;81.8;11.8;2020;49;21.6;27.3;17.2;76.3;2.9;TOTAL;3
PIURA;PAITA;21.3;25.9;18.6;80.6;1.7;2020;49;22.2;27.4;19.1;77;1.6;;
PIURA;PIURA;22.6;28.6;18.6;75.5;3.6;2020;49;23.3;30.2;18.7;71;1.4;;
PIURA;SECHURA;21.2;25.9;18.4;80.3;1.1;2020;49;21.9;27.1;18.9;78;1.5;;
PIURA;SULLANA;23.5;30;19.1;70.3;2.4;2020;49;23.7;30.7;19;69.4;1.1;;
PIURA;TALARA;22.2;27.9;18.9;74.8;0.4;2020;49;22.6;28.5;19.1;74.3;0.7;;
PIURA;AYABACA;17.8;22.2;15.3;89.3;31.5;2020;50;18.2;23;14.8;83.2;5.8;;
PIURA;HUANCABAMBA;15.8;19.8;13.2;90.7;16.4;2020;50;16;20.5;12.5;85.5;7.1;;
PIURA;MORROPON;21;25.7;18;86;7;2020;50;21.9;27.5;17.6;76.5;2.7;;
PIURA;PAITA;21.9;26.5;19.4;82.3;5.4;2020;50;22.5;27.6;19.5;77.1;1.5;;
PIURA;PIURA;22.5;28.2;19.1;81.3;3.3;2020;50;23.7;30.5;19.2;70.9;1.4;;
PIURA;SECHURA;21.3;25.6;19;84.5;2.6;2020;50;22.2;27.4;19.2;77.8;1.4;;
PIURA;SULLANA;23.2;29.6;19.4;76.9;5.2;2020;50;23.9;30.8;19.5;69.9;1.1;;
PIURA;TALARA;22.6;28;19.7;78.6;7.3;2020;50;22.8;28.5;19.5;74.6;1;;
PIURA;AYABACA;17.8;22.3;14.9;88.2;14.4;2020;51;18.1;22.8;14.7;83.6;4.5;;
PIURA;HUANCABAMBA;15.6;19.7;12.7;90;11.3;2020;51;15.9;20.4;12.4;85.7;4.6;;
PIURA;MORROPON;21.2;26.1;17.7;82.8;7.1;2020;51;22.2;27.7;17.9;76.8;1.8;TOTAL;2
PIURA;PAITA;22.3;27.3;19.5;78;5.7;2020;51;22.9;27.9;19.9;77.1;1.4;;
PIURA;PIURA;23;29.1;19.2;76.1;3.5;2020;51;24.1;30.7;19.6;70.9;1;;
PIURA;SECHURA;22;27;19.2;78.7;2.5;2020;51;22.8;27.9;19.7;77.3;0.7;;
PIURA;SULLANA;23.3;29.8;19.3;74;2.6;2020;51;24.2;30.9;19.8;70.1;0.9;;
PIURA;TALARA;22.6;28;19.6;76.1;3;2020;51;23.2;28.8;19.9;74.5;0.9;TOTAL;1
PIURA;AYABACA;18;22.3;15.4;87.9;5.5;2020;52;18.2;22.9;15;84.1;6.5;;
PIURA;HUANCABAMBA;15.9;19.8;13.3;89.8;6.9;2020;52;16;20.6;12.6;85.7;7.9;;
PIURA;MORROPON;21.9;26.8;18.4;79.9;2.5;2020;52;22.5;27.8;18.4;77.2;3.6;;
PIURA;PAITA;22.7;28.1;19.6;76.3;0.9;2020;52;23.4;28.4;20.4;77.2;1.6;;
PIURA;PIURA;23.9;30.2;19.5;72.4;1.2;2020;52;24.6;31;20.2;71.1;2;TOTAL;1
PIURA;SECHURA;22.4;27.6;19.2;77.7;0.8;2020;52;23.3;28.3;20.2;77.5;1.3;;
PIURA;SULLANA;24.3;30.5;20.1;69.8;1;2020;52;24.5;30.9;20.4;70.9;1.8;;
PIURA;TALARA;23.3;29.1;20.1;72.7;0.4;2020;52;23.5;29;20.4;75.1;1.4;;
PIURA;AYABACA;17.6;22.2;14.3;83.5;5.7;2020;53;18.5;23.3;15.2;82.5;4;;
PIURA;HUANCABAMBA;15.5;20.1;11.5;84.2;7.1;2020;53;16.3;21.1;12.6;83.7;3.2;;
PIURA;MORROPON;22.2;27.8;17.6;75.4;1.9;2020;53;23;28.5;18.7;76.2;1.9;;
PIURA;PAITA;22.9;28.5;19.7;75.8;0.2;2020;53;23.7;28.7;20.8;77.5;0.8;;
PIURA;PIURA;24.4;31.5;19.6;68.9;0.5;2020;53;25;31.6;20.7;71;1.5;;
PIURA;SECHURA;22.9;28.4;19.6;76.4;0.4;2020;53;23.8;28.9;20.6;77.2;0.5;;
PIURA;SULLANA;24.3;31.2;19.6;68.9;0.7;2020;53;24.9;31.4;20.8;70.9;1.2;;
PIURA;TALARA;23.2;29.2;19.7;72.2;0.3;2020;53;23.9;29.3;20.8;75;1;;
PIURA;AYABACA;17.8;22.2;14.7;84.2;13;2021;1;18.3;22.8;15.2;84.5;5.8;;
PIURA;HUANCABAMBA;15.4;19.5;12.5;87.2;12.6;2021;1;16.1;20.5;12.8;85.9;5.7;;
PIURA;MORROPON;22.5;27.5;18.6;74.5;3.9;2021;1;22.7;28;18.8;77.5;3.3;TOTAL;6
PIURA;PAITA;23.2;28.6;20.2;74.1;1.6;2021;1;23.8;28.7;20.9;76.9;1.5;;
PIURA;PIURA;24.9;31.3;20.4;66.3;1.1;2021;1;25;31.3;20.8;70.8;2.1;;
PIURA;SECHURA;23.1;28.1;20;75.6;0.8;2021;1;23.7;28.7;20.7;77.2;1.1;;
PIURA;SULLANA;24.9;31.4;20.6;65.9;1.2;2021;1;24.8;31;20.8;71.1;1.9;;
PIURA;TALARA;23.6;29.4;20.5;69.6;0.6;2021;1;23.9;29.2;20.9;75.1;1.4;;
PIURA;AYABACA;18;22.5;15.1;85.3;16.3;2021;2;18.2;22.7;15.1;84.6;7;;
PIURA;HUANCABAMBA;16;20.4;13;87.6;11.2;2021;2;16;20.5;12.8;85.9;6.2;;
PIURA;MORROPON;22.9;28.1;19.1;73.6;15.4;2021;2;22.9;28.1;18.9;77.2;3.8;TOTAL;1
PIURA;PAITA;24;28.8;21;72.8;12.4;2021;2;24.1;29;21.2;76.8;1.3;;
PIURA;PIURA;25.1;31.3;20.8;67.1;9;2021;2;25.2;31.6;21;70.6;2.2;TOTAL;1
PIURA;SECHURA;23.5;28.3;20.5;75.1;6.9;2021;2;24;29;21;77.2;1.4;;
PIURA;SULLANA;24.9;31.2;20.7;67.7;6.7;2021;2;24.9;30.9;21;71.6;2.2;;
PIURA;TALARA;24.2;29.7;21.1;70.5;5.6;2021;2;24.1;29.2;21.1;75.1;1.1;;
PIURA;AYABACA;17.8;22.1;14.9;87.7;12.9;2021;3;18.1;22.6;15.1;85.3;8.5;;
PIURA;HUANCABAMBA;15.7;19.9;12.7;89.2;10.7;2021;3;16;20.4;12.7;86.5;6.7;;
PIURA;MORROPON;22.8;27.6;19;77.9;9.4;2021;3;23;28.2;19.1;76.9;4.8;;
PIURA;PAITA;24.1;29.1;21.2;73.6;2;2021;3;24.4;29.2;21.6;76.5;2.7;;
PIURA;PIURA;24.9;30.7;20.8;71.6;3.6;2021;3;25.5;31.7;21.4;70;3.5;TOTAL;2
PIURA;SECHURA;23.7;28.5;20.7;76.3;1.6;2021;3;24.4;29.3;21.3;76.4;2;;
PIURA;SULLANA;24.8;30.5;21;71;2.9;2021;3;25.1;30.9;21.3;71.7;3.8;;
PIURA;TALARA;24.2;29.2;21.2;72.5;2.1;2021;3;24.3;29.3;21.4;75;2.4;;
PIURA;AYABACA;18.3;22.5;15.4;86.3;10.6;2021;4;18.3;22.7;15.3;85.4;7.7;;
PIURA;HUANCABAMBA;16.1;20.1;13.3;89;8.6;2021;4;16.1;20.5;13;86.5;6.1;;
PIURA;MORROPON;23.2;28.1;19.5;77.2;5.3;2021;4;23.2;28.3;19.4;77.1;5.2;;
PIURA;PAITA;25.3;30.1;22.3;71.8;2.6;2021;4;24.8;29.6;21.9;75.6;1.3;;
PIURA;PIURA;25.9;32;21.7;68.2;4;2021;4;25.8;32;21.7;69.5;2.3;TOTAL;1
PIURA;SECHURA;24.9;30;21.8;73.6;3.3;2021;4;24.8;29.7;21.7;75.3;1.2;;
PIURA;SULLANA;25.5;31.1;21.7;69.9;3.1;2021;4;25.2;30.9;21.5;72.1;2.8;;
PIURA;TALARA;25;29.7;22.1;72.8;1.8;2021;4;24.6;29.4;21.7;75.1;1.1;;
PIURA;AYABACA;18.8;23.8;15.4;81.1;2.8;2021;5;18.2;22.4;15.5;87.9;8.3;;
PIURA;HUANCABAMBA;16.5;21.3;13.2;84;6.1;2021;5;16.2;20.4;13.2;88.4;6.5;;
PIURA;MORROPON;23.8;29.3;19.5;70.1;2.3;2021;5;23.2;27.8;19.8;80;7.1;;
PIURA;PAITA;25.1;30.1;21.9;69.9;1.8;2021;5;25.1;29.6;22.5;76.2;3.9;;
PIURA;PIURA;26.3;33;21.4;62.5;1.8;2021;5;25.9;31.5;22.2;71.9;5.7;TOTAL;4
PIURA;SECHURA;24.6;29.9;21.2;71.2;0.6;2021;5;25.2;29.9;22.3;75.5;4.9;;
PIURA;SULLANA;25.9;32.4;21.4;65.1;1.6;2021;5;25.2;30.4;21.9;75;6.4;;
PIURA;TALARA;25.2;30.7;22;68.4;1.2;2021;5;24.8;29.1;22.1;76.8;5.2;;
PIURA;AYABACA;18.7;23.2;15.9;85.9;6.5;2021;6;18.1;22.1;15.6;89.1;15.9;;
PIURA;HUANCABAMBA;16.7;21.1;13.4;86.1;2.3;2021;6;16.2;20.3;13.4;88.9;10.8;;
PIURA;MORROPON;24.4;30;20.1;71.2;3.4;2021;6;23.1;27.4;19.9;82;13.1;TOTAL;1
PIURA;PAITA;25.6;30.7;22.6;70.8;0.5;2021;6;25.3;29.5;22.7;77.3;6.8;;
PIURA;PIURA;27;33.8;22.5;63.5;2.1;2021;6;25.8;30.9;22.4;74.3;10.7;;
PIURA;SECHURA;25.8;31.3;22.2;69.4;0.2;2021;6;25.4;29.9;22.6;76.1;4.1;;
PIURA;SULLANA;26;32.1;22.2;69;1.3;2021;6;25;29.8;22;77.6;13.3;;
PIURA;TALARA;25.5;30.7;22.5;70;0.3;2021;6;24.9;29;22.3;78;8.5;;
PIURA;AYABACA;18.5;23.3;15.1;81.3;5;2021;7;18.3;22.5;15.5;87.8;8.9;;
PIURA;HUANCABAMBA;16.2;21.1;12;81.4;5.4;2021;7;16.2;20.5;13.1;87.4;5.8;;
PIURA;MORROPON;24.4;30.5;19.1;67.6;6.4;2021;7;23.4;28;20;80;6.3;TOTAL;6
PIURA;PAITA;25.4;30.7;22;72.2;0.3;2021;7;25.7;30.2;22.9;75.7;1.5;;
PIURA;PIURA;26.9;34;21.8;62.8;0.4;2021;7;26.3;31.8;22.6;71.9;3.2;TOTAL;6
PIURA;SECHURA;25.5;30.9;21.9;71.9;0.3;2021;7;25.8;30.6;22.7;74.6;0.8;;
PIURA;SULLANA;26;32.5;21.7;68.1;0.3;2021;7;25.4;30.4;22.1;75.7;3.9;TOTAL;1
PIURA;TALARA;25.5;31;22;69.7;0.8;2021;7;25.2;29.5;22.5;76.6;1.8;;
PIURA;AYABACA;18.7;23.6;15.1;78.4;4.6;2021;8;18.2;22.3;15.6;89.3;16;;
PIURA;HUANCABAMBA;16.3;20.8;12.8;84;3.6;2021;8;16.2;20.3;13.4;89.2;10.3;;
PIURA;MORROPON;24.3;30.3;19.3;63;3;2021;8;23.3;27.6;20.1;81.5;11.5;TOTAL;11
PIURA;PAITA;25.3;30.8;21.7;65.5;0.6;2021;8;25.8;30.2;23;75.7;4.3;;
PIURA;PIURA;27;34.1;21.7;55.6;1.1;2021;8;26.1;31.4;22.6;73.3;8.2;TOTAL;2
PIURA;SECHURA;25.2;30.9;21.3;65.8;0.3;2021;8;25.9;30.5;22.9;74.7;3;;
PIURA;SULLANA;26.4;33.1;21.7;58.8;0.8;2021;8;25.3;30.3;22.1;76.5;11.9;TOTAL;1
PIURA;TALARA;25.6;31.4;22.1;62;0.7;2021;8;25.2;29.6;22.6;76.7;5.9;;
PIURA;AYABACA;17.9;21.7;15.7;91.6;74.9;2021;9;18.3;22.5;15.6;88.9;20.2;;
PIURA;HUANCABAMBA;16;19.6;13.7;91.8;29.9;2021;9;16.3;20.5;13.4;88.7;13.3;TOTAL;1
PIURA;MORROPON;23.3;27.5;20.5;82.7;65.5;2021;9;23.3;27.7;20.1;81.6;19;TOTAL;11
PIURA;PAITA;24.8;28.9;22.5;81.1;18.1;2021;9;25.7;30.1;23;76;6.5;;
PIURA;PIURA;25.5;30.4;22.6;78.6;50.2;2021;9;26.1;31.5;22.5;73.6;13.5;TOTAL;5
PIURA;SECHURA;25;29.1;22.5;78.7;4.3;2021;9;25.8;30.5;22.8;74.7;4.9;;
PIURA;SULLANA;24.8;29.8;22.1;81.6;112.6;2021;9;25.4;30.4;22.1;76.5;15.7;TOTAL;1
PIURA;TALARA;24.8;29;22.5;80.7;61.4;2021;9;25.2;29.6;22.6;76.8;9.1;TOTAL;1
PIURA;AYABACA;17.7;21.4;15.5;91;57.6;2021;10;18.4;22.5;15.7;88.8;18.1;;
PIURA;HUANCABAMBA;15.7;19.4;13.2;90.7;59.8;2021;10;16.3;20.5;13.4;88.6;13.3;;
PIURA;MORROPON;22.8;26.5;20.2;84.8;64.5;2021;10;23.4;27.7;20.2;81.8;18.5;TOTAL;12
PIURA;PAITA;25;28.7;22.6;82.8;13.3;2021;10;25.8;30.3;23.1;75.6;9.1;;
PIURA;PIURA;25.2;29.6;22.2;80.2;29.7;2021;10;26.2;31.5;22.7;73.5;14.5;TOTAL;8
PIURA;SECHURA;25.2;29.4;22.4;80.1;10.6;2021;10;26;30.8;22.9;74.1;7.4;;
PIURA;SULLANA;24.6;29.1;21.7;81.5;39.8;2021;10;25.4;30.4;22.3;76.9;16.1;;
PIURA;TALARA;24.8;28.6;22.3;80.9;33.5;2021;10;25.4;29.8;22.7;76.4;10;TOTAL;1
PIURA;AYABACA;17.7;21.8;15.1;90.7;50.2;2021;11;18.3;22.5;15.6;89;17.5;;
PIURA;HUANCABAMBA;15.7;19.8;12.7;89.1;62.6;2021;11;16.3;20.5;13.3;88.4;12.8;;
PIURA;MORROPON;23.1;27.4;19.5;81;36.4;2021;11;23.4;27.8;20.2;81.8;16.4;TOTAL;17
PIURA;PAITA;25.4;29.8;22.2;76.3;7.5;2021;11;25.8;30.3;23;75.5;5.7;;
PIURA;PIURA;25.6;30.9;21.6;73.8;17.3;2021;11;26.3;31.6;22.7;73.1;10.2;TOTAL;7
PIURA;SECHURA;26;31.4;22.2;70;9.8;2021;11;25.8;30.6;22.9;74.8;6;;
PIURA;SULLANA;24.7;29.4;21.4;80.9;32.6;2021;11;25.4;30.4;22.2;76.7;13.6;TOTAL;2
PIURA;TALARA;25.1;29.2;22;78.3;15.5;2021;11;25.3;29.7;22.7;76.4;7.9;TOTAL;46
PIURA;AYABACA;18.1;22.5;15.1;88.2;12.7;2021;12;18.3;22.4;15.7;90;25.4;;
PIURA;HUANCABAMBA;16.1;20.3;13.1;88.2;10.3;2021;12;16.2;20.3;13.4;89.6;18.1;;
PIURA;MORROPON;23.7;28.6;19.7;74.7;6.4;2021;12;23.2;27.5;20.1;82.9;28.8;TOTAL;10
PIURA;PAITA;25.2;30.4;21.6;71.5;0.2;2021;12;25.5;30;22.9;76.5;10.5;;
PIURA;PIURA;26.1;32.1;21.5;67.5;2.4;2021;12;26;31.2;22.5;74.7;22;TOTAL;6
PIURA;SECHURA;25;30.4;21.5;72;0.9;2021;12;25.5;30.1;22.6;76.4;7.8;;
PIURA;SULLANA;25.1;30.3;21.2;73.9;1.8;2021;12;25.3;30.3;22.2;77.7;24.2;TOTAL;2
PIURA;TALARA;24.9;30;21.6;72.1;0.6;2021;12;25.2;29.6;22.5;77.1;11.8;TOTAL;60
PIURA;AYABACA;18.4;22.5;15.7;88.1;8.9;2021;13;18.3;22.6;15.5;89.1;18.1;;
PIURA;HUANCABAMBA;16.4;20.5;13.6;88.2;4.4;2021;13;16.3;20.5;13.2;88.7;13.8;;
PIURA;MORROPON;23.7;28.9;19.7;75;5.3;2021;13;23.2;27.6;19.9;82.5;17.9;TOTAL;9
PIURA;PAITA;24.9;30.1;21.8;69.9;0.4;2021;13;25.3;29.9;22.5;76.2;9.1;;
PIURA;PIURA;26.1;32.4;21.7;66.3;2.8;2021;13;25.8;31.3;22.2;74.4;14.1;TOTAL;8
PIURA;SECHURA;24.4;30;21.1;72.3;2.2;2021;13;25.1;29.8;22.2;76.6;7.9;;
PIURA;SULLANA;25.2;30.6;21.4;72.3;3;2021;13;25.3;30.5;22;76.7;15.8;;
PIURA;TALARA;24.8;29.9;21.9;69.7;1.6;2021;13;25;29.6;22.3;76.5;11.7;TOTAL;38
PIURA;AYABACA;18.3;22.7;15;87.1;17;2021;14;18.4;22.6;15.5;88.6;19;;
PIURA;HUANCABAMBA;16.3;20.8;12.8;86.5;14.2;2021;14;16.3;20.6;13.2;88.2;15.3;;
PIURA;MORROPON;23.7;29.2;19.5;75.7;13.1;2021;14;23.1;27.6;19.6;82.2;15.1;TOTAL;27
PIURA;PAITA;24.9;30.2;21.8;72.3;3;2021;14;24.8;29.6;22;76.4;5.6;;
PIURA;PIURA;26.1;32.5;21.8;69;7.7;2021;14;25.5;31.1;21.7;74.8;9.9;TOTAL;7
PIURA;SECHURA;24.2;29.2;21.2;75.5;9.2;2021;14;24.3;29;21.5;78.6;3.6;;
PIURA;SULLANA;25.3;30.9;21.6;74.2;16.9;2021;14;25.1;30.4;21.7;76.6;14.8;TOTAL;3
PIURA;TALARA;24.9;30.1;21.9;72.9;7.9;2021;14;24.8;29.6;22;76;8.1;TOTAL;26
PIURA;AYABACA;18.5;22.8;15.3;86.2;20.8;2021;15;18.3;22.5;15.5;88.4;14.1;;
PIURA;HUANCABAMBA;16.4;20.9;13.1;85;14.9;2021;15;16.3;20.5;13.2;88.3;11;;
PIURA;MORROPON;23.6;29.3;19.2;72.9;7.7;2021;15;23;27.6;19.5;81.2;10.3;TOTAL;22
PIURA;PAITA;24.2;29.5;20.9;71.2;2.2;2021;15;24.6;29.4;21.7;75.8;3.7;TOTAL;1
PIURA;PIURA;25.6;32.2;20.9;66.8;3.4;2021;15;25.4;31.1;21.6;73.4;7;TOTAL;15
PIURA;SECHURA;23.3;28.7;20;74.6;3.3;2021;15;24.1;29;21.2;77.7;3.2;;
PIURA;SULLANA;25.1;31.1;21.1;71.6;14;2021;15;25.1;30.4;21.6;75.3;9.7;;
PIURA;TALARA;24.6;30.1;21.4;69.7;8.4;2021;15;24.8;29.6;21.8;74.7;4.3;TOTAL;16
PIURA;AYABACA;18.4;23;15.2;87.3;9.7;2021;16;18.4;22.7;15.2;87.1;7.3;;
PIURA;HUANCABAMBA;16.4;21;13.1;86.3;2.7;2021;16;16.2;20.6;12.9;87.3;6.5;;
PIURA;MORROPON;23.6;29.5;19;72.1;4.1;2021;16;22.9;27.7;19.1;80;3.5;TOTAL;53
PIURA;PAITA;23.6;29.6;20.2;72;0.1;2021;16;24.2;29.3;21.2;75.5;1.2;;
PIURA;PIURA;25.3;32.5;20.2;66.4;2.3;2021;16;25.2;31.2;21.1;72.3;2;TOTAL;15
PIURA;SECHURA;22.7;28.4;19.3;75.5;0.8;2021;16;23.6;28.6;20.7;77.9;1.2;;
PIURA;SULLANA;25.1;31.5;20.6;69.7;1.5;2021;16;25;30.6;21.2;73.9;2.4;;
PIURA;TALARA;24.5;30.4;21;69.2;0.5;2021;16;24.6;29.7;21.5;73.9;1.3;TOTAL;32
PIURA;AYABACA;18;22.1;15.2;87.8;18.3;2021;17;18.3;22.6;15.2;87.1;7.9;;
PIURA;HUANCABAMBA;15.9;19.9;13;87.7;14.4;2021;17;16.2;20.5;12.9;87.4;6.8;;
PIURA;MORROPON;22.4;27.9;18.2;73.9;5.9;2021;17;22.7;27.5;18.9;79.8;4.6;TOTAL;78
PIURA;PAITA;22.8;28.4;19.7;72.3;2.4;2021;17;24;28.9;21;75.5;1.4;TOTAL;8
PIURA;PIURA;24.1;30.9;19.4;67.5;4.6;2021;17;24.9;30.8;20.8;72.3;2;TOTAL;22
PIURA;SECHURA;21.9;27.5;18.7;75;1.1;2021;17;23.3;28.2;20.4;78.1;1.4;TOTAL;2
PIURA;SULLANA;24.1;30.1;20;69.7;5.2;2021;17;24.9;30.4;21.1;73.7;2.6;TOTAL;1
PIURA;TALARA;23.3;28.8;20.1;71;4.7;2021;17;24.4;29.5;21.3;73.8;1.4;TOTAL;22
PIURA;AYABACA;17.7;22.6;14.2;86.3;23.7;2021;18;18.4;22.8;15.1;85.9;4.7;;
PIURA;HUANCABAMBA;15.6;20.1;12;87.4;30.4;2021;18;16.2;20.7;12.8;86.5;4.7;TOTAL;1
PIURA;MORROPON;22.2;28;17.5;74.3;13;2021;18;22.6;27.6;18.7;79.1;2.1;TOTAL;104
PIURA;PAITA;22.8;28;19.9;73;2.5;2021;18;23.8;28.9;20.7;75.6;1.2;TOTAL;11
PIURA;PIURA;24.1;30.7;19.5;67.6;4.7;2021;18;24.7;30.9;20.5;72;1.3;TOTAL;32
PIURA;SECHURA;22.1;27.2;19;75.2;7.3;2021;18;23.1;28;20.2;78.1;1.2;;
PIURA;SULLANA;24;30.2;19.9;69.7;2.3;2021;18;24.8;30.6;20.8;72.8;1.4;TOTAL;1
PIURA;TALARA;23.3;28.6;20.3;71.2;1.1;2021;18;24.2;29.6;21;73.6;1.3;TOTAL;24
PIURA;AYABACA;18.3;23.5;14.2;79.7;4.5;2021;19;18.5;23.1;15.1;84.6;6.4;;
PIURA;HUANCABAMBA;16;21;12.2;82.8;5.7;2021;19;16.3;20.9;12.7;85.4;7.3;;
PIURA;MORROPON;22;28.2;17.1;72.2;4.8;2021;19;22.5;27.7;18.4;78.4;3.9;TOTAL;122
PIURA;PAITA;22;27.5;18.6;75.1;1.3;2021;19;23.4;28.5;20.4;76;2.1;TOTAL;11
PIURA;PIURA;23.3;30.5;18.3;68.3;2.3;2021;19;24.4;30.7;20.1;71.7;2.8;TOTAL;29
PIURA;SECHURA;21.2;26.4;18.2;77.7;1.6;2021;19;22.8;27.7;19.9;78.1;2;;
PIURA;SULLANA;23.6;30.6;18.7;68.4;4.9;2021;19;24.7;30.7;20.5;72.1;3;TOTAL;4
PIURA;TALARA;22.7;28.8;19;70.9;3.2;2021;19;24;29.4;20.8;73.7;2.5;TOTAL;43
PIURA;AYABACA;18.1;22.8;14.7;83.8;9.4;2021;20;18.4;23.1;14.9;84;4.2;TOTAL;1
PIURA;HUANCABAMBA;15.9;20.4;12.6;86.1;11.6;2021;20;16.1;20.8;12.5;84.7;3.9;TOTAL;11
PIURA;MORROPON;21.7;27.1;17.3;75.3;7;2021;20;22.1;27.3;18;78.3;2.1;TOTAL;168
PIURA;PAITA;21.6;26.2;18.7;78.2;4.9;2021;20;23.1;28.1;20;76.1;1.5;TOTAL;1
PIURA;PIURA;22.9;29.2;18.5;71.8;3.5;2021;20;24;30.3;19.7;71.8;1;TOTAL;30
PIURA;SECHURA;21.1;25.7;18.5;78.8;9.8;2021;20;22.4;27.2;19.6;78.3;1;;
PIURA;SULLANA;23.3;29.4;19.1;71.8;4;2021;20;24.3;30.4;20.1;71.8;1.2;TOTAL;8
PIURA;TALARA;22.4;27.6;19.3;74.5;4.6;2021;20;23.6;29.1;20.4;73.8;1.1;TOTAL;23
PIURA;AYABACA;18.1;23.2;14.2;81.6;5.1;2021;21;18.1;22.7;14.7;84.4;4.3;;
PIURA;HUANCABAMBA;15.9;20.9;11.8;83.8;4;2021;21;15.9;20.5;12.4;85.4;4.7;TOTAL;6
PIURA;MORROPON;21.7;27.4;17.1;75.6;3.1;2021;21;21.7;26.9;17.6;78.1;2.4;TOTAL;116
PIURA;PAITA;21.7;26.6;18.9;78.9;0.8;2021;21;22.6;27.6;19.6;76.5;1.5;TOTAL;2
PIURA;PIURA;23;29.4;18.6;72.6;1.8;2021;21;23.5;29.7;19.2;71.8;1.5;TOTAL;41
PIURA;SECHURA;21.4;26.1;18.7;79.5;0.3;2021;21;22;26.7;19.2;78.7;1.5;TOTAL;1
PIURA;SULLANA;23.2;29.8;18.8;72.2;1.3;2021;21;23.9;30;19.6;71.5;1.9;TOTAL;5
PIURA;TALARA;22.3;27.9;19;76;1.5;2021;21;23.2;28.7;19.9;73.9;2.1;TOTAL;8
PIURA;AYABACA;18.3;23.2;14.8;82;3.9;2021;22;18;22.9;14.5;82.6;3.2;;
PIURA;HUANCABAMBA;16;20.7;12.4;84.7;5;2021;22;15.8;20.6;12;84;3.9;TOTAL;11
PIURA;MORROPON;21.4;26.9;17.1;76.1;2.6;2021;22;21.5;26.8;17.3;77.5;1.4;TOTAL;123
PIURA;PAITA;21.5;26.2;18.7;78.9;0.9;2021;22;22.2;27.2;19.2;76.8;1;TOTAL;1
PIURA;PIURA;22.7;29;18.4;72.5;0.8;2021;22;23.2;29.5;18.8;71.7;1;TOTAL;21
PIURA;SECHURA;21.1;25.6;18.5;79.5;0.7;2021;22;21.6;26.3;18.8;78.7;0.8;;
PIURA;SULLANA;23;29.5;18.5;72.2;0.2;2021;22;23.6;29.9;19.2;71.1;0.8;TOTAL;4
PIURA;TALARA;22.1;27.9;18.7;76;0.5;2021;22;22.8;28.4;19.5;74;0.7;TOTAL;11
PIURA;AYABACA;17.6;22.2;14.2;85.6;15.2;2021;23;18.1;23.1;14.3;81.3;2.4;TOTAL;1
PIURA;HUANCABAMBA;15.5;19.9;12;86.4;14.4;2021;23;15.7;20.8;11.8;83;3.4;TOTAL;9
PIURA;MORROPON;20.7;25.8;16.7;79;9.7;2021;23;21.3;26.8;17;77.1;1.1;TOTAL;135
PIURA;PAITA;21.4;25.8;18.8;79.7;7.7;2021;23;22;26.9;19;77.2;0.7;;
PIURA;PIURA;22.2;28;18.1;74.9;7.9;2021;23;23;29.3;18.6;71.9;0.6;TOTAL;31
PIURA;SECHURA;21.2;25.5;18.7;78.9;15.8;2021;23;21.4;26.1;18.7;79;0.8;;
PIURA;SULLANA;22.4;28.3;18.2;75;10;2021;23;23.4;29.8;19;70.9;0.5;TOTAL;16
PIURA;TALARA;21.6;26.8;18.6;78.5;14.3;2021;23;22.6;28.2;19.3;74.3;0.5;TOTAL;15
PIURA;AYABACA;17.7;22.4;14.4;82.7;9.4;2021;24;18;23.2;14;79.6;2.6;;
PIURA;HUANCABAMBA;15.5;19.9;12.1;84.6;5.5;2021;24;15.6;20.9;11.4;81.5;3.1;TOTAL;2
PIURA;MORROPON;21.5;26.9;17.2;74.5;3.6;2021;24;20.9;26.4;16.5;76.9;1.4;TOTAL;108
PIURA;PAITA;21.6;26.5;18.7;77.7;0.9;2021;24;21.5;26.4;18.5;77.7;0.5;TOTAL;1
PIURA;PIURA;22.8;29.1;18.5;71.1;1.5;2021;24;22.5;28.9;18.1;72;0.9;TOTAL;30
PIURA;SECHURA;21.3;26.1;18.5;78;1.1;2021;24;21;25.6;18.3;79.1;0.7;;
PIURA;SULLANA;23;29.2;18.7;71.7;4.3;2021;24;23;29.4;18.5;71;0.9;TOTAL;9
PIURA;TALARA;22.1;27.6;18.9;75.5;3;2021;24;22.1;27.8;18.8;74.8;0.8;TOTAL;13
PIURA;AYABACA;17.4;22.6;13.3;80.7;10;2021;25;17.9;23.1;14.1;79.5;1.6;;
PIURA;HUANCABAMBA;15;20.3;10.8;82.6;7.7;2021;25;15.5;20.8;11.5;81.1;2.2;TOTAL;2
PIURA;MORROPON;20.5;26;16;75.8;10.4;2021;25;20.7;26;16.5;77.5;1.2;TOTAL;94
PIURA;PAITA;21;25.7;18.1;78.9;5.9;2021;25;21.3;26;18.4;78;0.7;TOTAL;2
PIURA;PIURA;22;28.2;17.6;72.3;7.3;2021;25;22.2;28.3;18;72.8;0.6;TOTAL;37
PIURA;SECHURA;20.7;25.3;18;78.9;3.8;2021;25;20.8;25.2;18.2;79.5;0.7;;
PIURA;SULLANA;22.2;28.4;17.8;72.5;3.1;2021;25;22.8;29.1;18.3;71.2;0.5;TOTAL;6
PIURA;TALARA;21.5;27;18.2;76.1;3.6;2021;25;22;27.6;18.7;74.8;0.7;TOTAL;12
PIURA;AYABACA;17.5;23;13.3;77.8;7.1;2021;26;17.8;23.2;13.9;78.5;1.6;TOTAL;1
PIURA;HUANCABAMBA;15;20.3;10.8;80.3;5.3;2021;26;15.4;20.9;11.2;80.3;1.9;TOTAL;1
PIURA;MORROPON;20.4;26.3;15.7;74.2;3;2021;26;20.5;25.9;16.2;77.5;0.8;TOTAL;112
PIURA;PAITA;21;25.9;18;77.8;0.6;2021;26;21.1;25.9;18.1;78.1;0.4;TOTAL;1
PIURA;PIURA;21.9;28.4;17.3;71.4;0.9;2021;26;22;28.2;17.7;72.8;0.5;TOTAL;21
PIURA;SECHURA;20.5;25.1;17.6;79.1;0.3;2021;26;20.6;25.1;17.9;79.6;0.6;;
PIURA;SULLANA;22.3;29;17.6;70.8;0.1;2021;26;22.6;29;18.1;71.2;0.5;TOTAL;3
PIURA;TALARA;21.5;27.5;18;74.7;0.4;2021;26;21.7;27.3;18.4;75;0.5;TOTAL;5
PIURA;AYABACA;17.1;23.5;11.8;73.3;1.9;2021;27;17.8;23.4;13.6;77.3;1.4;TOTAL;1
PIURA;HUANCABAMBA;14.7;20.7;9.7;75.7;1.6;2021;27;15.3;21;10.9;79.2;1.7;;
PIURA;MORROPON;19.9;26.1;14.6;73;1;2021;27;20.2;25.8;15.9;77.3;0.8;TOTAL;66
PIURA;PAITA;20.2;24.9;17.3;79.2;0.1;2021;27;20.8;25.6;17.9;78.3;0.4;TOTAL;1
PIURA;PIURA;21.3;27.8;16.6;71.7;0.3;2021;27;21.8;28;17.5;72.9;0.3;TOTAL;23
PIURA;SECHURA;20.1;24.6;17.2;79;0.1;2021;27;20.3;24.8;17.7;79.7;0.4;TOTAL;1
PIURA;SULLANA;21.6;28.3;16.8;71.3;0.1;2021;27;22.3;28.9;17.8;71.3;0.3;TOTAL;5
PIURA;TALARA;20.8;26.4;17.3;75.5;0.3;2021;27;21.5;27.1;18.1;75.1;0.4;TOTAL;2
PIURA;AYABACA;17.9;23.3;14.1;77.5;9.2;2021;28;17.8;23.4;13.6;76.8;1.9;;
PIURA;HUANCABAMBA;15.2;20.6;11.3;81.3;17.4;2021;28;15.3;21.1;10.9;78.6;2;;
PIURA;MORROPON;20.6;26.3;16.1;74.9;9.9;2021;28;20.1;25.7;15.7;77;1.1;TOTAL;46
PIURA;PAITA;21;25.7;18;78.4;4.9;2021;28;20.5;25.3;17.5;78.3;1.2;;
PIURA;PIURA;22;28.4;17.5;71.7;5;2021;28;21.5;27.8;17.2;72.7;1.1;TOTAL;22
PIURA;SECHURA;20.6;25.1;17.8;79;2.6;2021;28;20;24.5;17.4;79.5;0.9;;
PIURA;SULLANA;22.4;29.1;17.9;70.6;3.7;2021;28;22.1;28.8;17.5;70.8;1;TOTAL;2
PIURA;TALARA;21.4;27;18.1;75.3;2.7;2021;28;21.2;26.9;17.8;75;0.8;TOTAL;2
PIURA;AYABACA;18.3;24.5;13.8;71.3;2.7;2021;29;17.8;23.6;13.5;75.5;1;;
PIURA;HUANCABAMBA;15.6;21.5;11.1;75.4;1.8;2021;29;15.3;21.2;10.7;77.5;1.5;;
PIURA;MORROPON;20.8;26.9;16.1;73.5;1.2;2021;29;19.9;25.6;15.5;76.8;0.5;TOTAL;40
PIURA;PAITA;20.5;25;17.7;80;1.6;2021;29;20.3;25.1;17.3;78.4;0.4;TOTAL;1
PIURA;PIURA;21.9;28.5;17.4;72.6;1.3;2021;29;21.3;27.7;17;72.8;0.3;TOTAL;29
PIURA;SECHURA;20.4;25.1;17.6;79.2;1.7;2021;29;19.8;24.4;17.2;79.5;0.5;;
PIURA;SULLANA;22.2;29.2;17.6;71.6;1.3;2021;29;22;28.7;17.3;70.7;0.2;TOTAL;3
PIURA;TALARA;21.2;26.8;17.8;76.2;0.4;2021;29;21.1;26.8;17.6;75;0.2;TOTAL;1
PIURA;AYABACA;18.6;24.8;14.1;72.5;0.7;2021;30;18;23.9;13.6;74.8;1;;
PIURA;HUANCABAMBA;15.8;21.6;11.2;76.6;0.5;2021;30;15.4;21.4;10.9;76.8;2;;
PIURA;MORROPON;20.8;26.7;16.4;74.9;0.4;2021;30;20;25.7;15.6;76.9;0.6;TOTAL;31
PIURA;PAITA;21.1;25.9;18.4;78.2;0;2021;30;20.3;25.1;17.3;78.5;0.2;TOTAL;2
PIURA;PIURA;22.2;28.7;18;72.2;0.2;2021;30;21.3;27.7;17;73;0.2;TOTAL;22
PIURA;SECHURA;20.7;25.3;18.1;79.2;0;2021;30;19.8;24.3;17.2;79.6;0.2;;
PIURA;SULLANA;22.5;29.4;17.9;71.3;0;2021;30;22;28.7;17.3;70.8;0.2;TOTAL;8
PIURA;TALARA;21.6;27.4;18.3;75.5;0;2021;30;21;26.8;17.6;75.1;0.2;;
PIURA;AYABACA;18.3;25;12.7;65.2;0.1;2021;31;17.9;24.1;13.2;73.8;1;;
PIURA;HUANCABAMBA;15.4;21.9;9.9;68.5;0.2;2021;31;15.4;21.6;10.5;75.6;1.2;;
PIURA;MORROPON;20.5;26.8;15.4;72.2;0.3;2021;31;19.7;25.5;15.2;76.6;0.8;TOTAL;48
PIURA;PAITA;20.1;25;17.1;80;0;2021;31;20;24.8;17.1;78.5;0.2;TOTAL;2
PIURA;PIURA;21.7;28.4;16.9;72.4;0;2021;31;21.1;27.5;16.7;72.9;0.3;TOTAL;35
PIURA;SECHURA;20;24.7;17.2;80.2;0;2021;31;19.6;24.1;16.9;79.4;0.4;TOTAL;4
PIURA;SULLANA;22.1;29.3;16.9;70.4;0;2021;31;21.7;28.6;17;70.8;0.1;TOTAL;12
PIURA;TALARA;20.9;26.9;17.2;75.6;0;2021;31;20.8;26.6;17.3;75.1;0.1;TOTAL;1
PIURA;AYABACA;18.1;24;13.6;73.1;1.8;2021;32;18;24.3;13.3;72.9;1;;
PIURA;HUANCABAMBA;15.4;21.2;10.7;77;4.3;2021;32;15.5;21.7;10.7;75.1;1.3;;
PIURA;MORROPON;20.3;26.3;15.5;73;1.7;2021;32;19.8;25.8;15.2;76;0.6;TOTAL;32
PIURA;PAITA;20.3;25.2;17.3;77.9;0.9;2021;32;20;24.9;17;78;0.2;TOTAL;1
PIURA;PIURA;21.5;28.1;16.9;70.6;1.2;2021;32;21.1;27.8;16.6;72.2;0.2;TOTAL;33
PIURA;SECHURA;19.9;24.6;17;78.1;1.4;2021;32;19.6;24.3;16.9;78.8;0.1;TOTAL;4
PIURA;SULLANA;21.9;28.7;17.1;70;0.1;2021;32;21.8;28.9;17;70;0.1;TOTAL;6
PIURA;TALARA;20.8;26.6;17.4;75.3;0.4;2021;32;20.8;26.7;17.3;74.7;0.1;;
PIURA;AYABACA;18.2;24;13.7;74.4;0.5;2021;33;18.1;24.4;13.3;73.2;0.9;;
PIURA;HUANCABAMBA;15.8;21.4;11.2;78.1;0.6;2021;33;15.6;21.8;10.7;75.4;1.6;TOTAL;1
PIURA;MORROPON;20.5;26.2;15.7;74.1;0.1;2021;33;20;25.9;15.2;76;0.7;TOTAL;52
PIURA;PAITA;20.5;25.5;17.4;77.8;0;2021;33;20;25;17;78.2;0.2;;
PIURA;PIURA;21.7;28.2;17.1;70.9;0;2021;33;21.2;27.9;16.7;72.2;0.2;TOTAL;36
PIURA;SECHURA;20;24.7;17.1;78.7;0;2021;33;19.6;24.4;16.9;78.8;0.2;TOTAL;16
PIURA;SULLANA;22.3;29;17.5;69.8;0;2021;33;21.9;28.9;17.1;70.2;0.2;TOTAL;5
PIURA;TALARA;21.1;27.1;17.6;74.8;0.1;2021;33;20.8;26.7;17.3;75;0.1;TOTAL;1
PIURA;AYABACA;18.3;24.2;13.8;74.4;1.1;2021;34;18.1;24.4;13.3;73;0.8;;
PIURA;HUANCABAMBA;16;21.6;11.5;78.1;1.4;2021;34;15.7;21.9;10.8;75.2;1.3;;
PIURA;MORROPON;20.3;26.3;15.6;73.7;0.4;2021;34;20;25.9;15.3;75.9;0.8;TOTAL;30
PIURA;PAITA;20.2;25.5;16.9;76.7;0.1;2021;34;19.9;25;16.9;78.1;0.2;TOTAL;3
PIURA;PIURA;21.3;28.3;16.6;70.7;0.2;2021;34;21.2;27.9;16.7;72;0.4;TOTAL;20
PIURA;SECHURA;19.5;24.5;16.6;78.6;2.8;2021;34;19.5;24.4;16.8;78.8;0.4;TOTAL;8
PIURA;SULLANA;22;29.2;17.1;68.8;0.1;2021;34;21.9;29;17.1;70;0.2;TOTAL;3
PIURA;TALARA;20.9;27;17.3;73.5;0;2021;34;20.7;26.7;17.2;74.8;0.1;;
PIURA;AYABACA;18.3;24.3;13.6;74;2.3;2021;35;18.2;24.4;13.6;73.8;0.9;TOTAL;1
PIURA;HUANCABAMBA;16;21.5;11.7;78.4;1.4;2021;35;15.8;21.9;11.1;75.8;2;;
PIURA;MORROPON;20.3;26.2;15.7;74.6;1.1;2021;35;20;26;15.4;76;1.1;TOTAL;24
PIURA;PAITA;19.7;24.7;16.9;78.7;1.1;2021;35;20;25.1;16.9;78;0.2;;
PIURA;PIURA;21.2;28;16.6;72;1.4;2021;35;21.3;28;16.7;71.8;0.3;TOTAL;22
PIURA;SECHURA;19.3;24.1;16.7;79;0.9;2021;35;19.6;24.5;16.8;78.5;0.4;TOTAL;1
PIURA;SULLANA;21.9;28.9;17.1;70.2;1;2021;35;21.9;29.1;17.1;69.9;0.1;TOTAL;4
PIURA;TALARA;20.6;26.2;17.2;75.3;0.3;2021;35;20.7;26.7;17.2;74.8;0.1;TOTAL;5
PIURA;AYABACA;18.4;24.1;14.3;74.9;2.2;2021;36;18.2;24.3;13.6;74.5;2.2;TOTAL;3
PIURA;HUANCABAMBA;15.9;21.2;11.9;80.3;4.4;2021;36;15.9;21.8;11.1;76.4;3.8;;
PIURA;MORROPON;20.3;26.5;15.9;74.1;0.6;2021;36;20.2;26.2;15.5;75.8;1.6;TOTAL;17
PIURA;PAITA;20.1;25.3;17.1;76.5;0.1;2021;36;20.1;25.2;17;77.8;0.4;TOTAL;1
PIURA;PIURA;21.4;28.5;16.7;70.5;1;2021;36;21.5;28.3;16.9;71.4;0.5;TOTAL;28
PIURA;SECHURA;19.3;24.4;16.6;78.5;1.6;2021;36;19.7;24.7;16.8;78.4;0.5;TOTAL;1
PIURA;SULLANA;21.9;29.4;17.1;69.1;0.4;2021;36;22.1;29.3;17.3;69.6;0.5;TOTAL;5
PIURA;TALARA;20.8;26.9;17.4;73.9;0.1;2021;36;20.9;26.8;17.3;74.7;0.4;TOTAL;1
PIURA;AYABACA;18.5;24.5;14;72.8;1;2021;37;18.3;24.4;13.6;74.7;3;;
PIURA;HUANCABAMBA;15.9;21.6;11.3;76.5;2.8;2021;37;15.9;21.9;11.2;76.7;5;;
PIURA;MORROPON;20.5;26.9;15.6;71.9;0.1;2021;37;20.3;26.3;15.6;75.5;2.1;TOTAL;22
PIURA;PAITA;19.9;25.3;16.8;76.1;0.1;2021;37;20.1;25.3;17;77.5;0.4;;
PIURA;PIURA;21.4;28.7;16.5;69.1;0;2021;37;21.5;28.4;16.9;71.1;0.7;TOTAL;25
PIURA;SECHURA;19.2;24.5;16.3;77.3;0;2021;37;19.7;24.8;16.8;78.3;0.8;;
PIURA;SULLANA;22.1;29.5;17.2;67.9;0;2021;37;22.2;29.4;17.4;69.4;0.6;TOTAL;5
PIURA;TALARA;20.7;26.7;17.3;73.5;0;2021;37;20.9;26.9;17.4;74.4;0.4;;
PIURA;AYABACA;18.5;25;13.5;70.8;0.7;2021;38;18.3;24.2;13.8;76.2;1.7;;
PIURA;HUANCABAMBA;16;22.1;11.1;75.2;1.7;2021;38;16;21.8;11.5;77.8;2.7;;
PIURA;MORROPON;20.5;27.2;15.3;71;0.3;2021;38;20.5;26.4;15.8;75.7;1.4;TOTAL;25
PIURA;PAITA;20;25.5;16.9;75.4;0.1;2021;38;20.3;25.6;17.2;77.2;0.9;;
PIURA;PIURA;21.5;29.1;16.4;68.3;0.1;2021;38;21.7;28.7;17.1;71;0.6;TOTAL;17
PIURA;SECHURA;19.4;24.8;16.4;76.9;0.1;2021;38;19.8;24.9;16.9;78.3;0.6;;
PIURA;SULLANA;22;29.6;16.8;67.7;0;2021;38;22.4;29.6;17.6;69.2;0.8;TOTAL;1
PIURA;TALARA;20.8;26.9;17.2;73;0.2;2021;38;21.1;27.2;17.6;74.2;0.6;;
PIURA;AYABACA;18.9;25;13.9;70.7;2;2021;39;18.2;23.9;14;77.7;2.2;;
PIURA;HUANCABAMBA;16.4;22.2;11.4;75.7;5.6;2021;39;16;21.5;11.7;79.4;3.6;;
PIURA;MORROPON;21.3;28.1;15.6;69.5;1.1;2021;39;20.5;26.5;15.9;75.6;1.2;TOTAL;36
PIURA;PAITA;20.3;26;16.9;75.9;0;2021;39;20.3;25.5;17.2;77.3;0.4;;
PIURA;PIURA;22.3;30.1;16.8;66.6;0;2021;39;21.7;28.7;17;70.9;0.4;TOTAL;22
PIURA;SECHURA;19.9;25.7;16.5;76.3;0.3;2021;39;19.8;25;16.9;78.1;0.6;;
PIURA;SULLANA;22.8;30.8;17.5;65.9;0.2;2021;39;22.4;29.6;17.6;69.3;0.4;TOTAL;3
PIURA;TALARA;21.1;27.4;17.4;72.4;0;2021;39;21.1;27.1;17.6;74.2;0.3;;
PIURA;AYABACA;18.8;24.2;14.8;76.3;4.5;2021;40;18.3;23.9;14.1;78;2;;
PIURA;HUANCABAMBA;16.4;21.6;12.3;80.7;2.8;2021;40;16;21.5;11.8;80.3;3.7;;
PIURA;MORROPON;20.8;27;16.1;73.8;1.3;2021;40;20.7;26.6;16;75.4;1.3;TOTAL;30
PIURA;PAITA;20.4;25.8;17.3;75.6;0.9;2021;40;20.4;25.7;17.3;76.9;0.3;;
PIURA;PIURA;21.8;28.9;17;70.1;1.8;2021;40;21.9;28.9;17.1;70.5;0.5;TOTAL;38
PIURA;SECHURA;19.8;25;16.9;77.4;1.7;2021;40;19.9;25.1;17;78.1;0.3;;
PIURA;SULLANA;22.6;30.1;17.4;67.5;0.3;2021;40;22.5;29.8;17.7;68.7;0.5;TOTAL;2
PIURA;TALARA;21;26.9;17.3;73.9;0.3;2021;40;21.2;27.3;17.7;73.8;0.3;;
PIURA;AYABACA;18.5;23.9;14.8;80.2;5.1;2021;41;18.1;23.6;14;79.2;3.9;;
PIURA;HUANCABAMBA;16.3;21.3;12.5;84.5;20.8;2021;41;15.9;21.2;11.8;80.9;4.9;;
PIURA;MORROPON;20.4;26.2;16;75.2;6;2021;41;20.7;26.7;16;75.4;2;TOTAL;50
PIURA;PAITA;20;25.1;17;76.2;2.2;2021;41;20.4;25.8;17.3;76.9;0.8;;
PIURA;PIURA;21;27.7;16.6;72.3;0.9;2021;41;21.9;29;17.2;70.5;1.1;TOTAL;29
PIURA;SECHURA;19;23.6;16.3;79.7;1.2;2021;41;20;25.2;17;78;0.9;TOTAL;1
PIURA;SULLANA;22.2;29.3;17.7;68.5;0.5;2021;41;22.5;29.9;17.7;68.7;0.7;TOTAL;2
PIURA;TALARA;21;26.8;17.7;72.8;1.9;2021;41;21.2;27.3;17.7;73.8;0.9;TOTAL;1
PIURA;AYABACA;17.8;22.6;14.7;87;30.2;2021;42;18;23.4;13.9;79.1;5.3;;
PIURA;HUANCABAMBA;15.6;20.1;12.7;89.8;34.2;2021;42;15.8;21;11.7;80.6;8.7;TOTAL;1
PIURA;MORROPON;20.1;25.4;16.3;82.2;10.4;2021;42;20.6;26.6;16;75.6;4.7;TOTAL;42
PIURA;PAITA;20;25.3;17.1;79.1;3.7;2021;42;20.4;25.7;17.3;77.4;1.4;TOTAL;1
PIURA;PIURA;20.9;27.3;16.8;78.2;4;2021;42;21.8;28.9;17.1;71;2.5;TOTAL;24
PIURA;SECHURA;19.1;23.8;16.7;82.6;2.4;2021;42;20;25.2;17.1;78.3;2.1;;
PIURA;SULLANA;22;28.9;17.4;73.7;6.4;2021;42;22.4;29.8;17.6;69.2;1.7;TOTAL;6
PIURA;TALARA;20.8;26.7;17.5;77.2;3.4;2021;42;21.1;27.2;17.6;74.5;1.3;TOTAL;1
PIURA;AYABACA;18.4;23.4;14.7;81.3;7.3;2021;43;18;23.2;14.1;80.9;4.5;;
PIURA;HUANCABAMBA;16;20.5;12.6;87.8;15;2021;43;15.8;20.8;11.9;83.1;8.2;;
PIURA;MORROPON;20.9;26.7;16.2;74.6;2.7;2021;43;20.7;26.8;16.2;76;3.2;TOTAL;35
PIURA;PAITA;20;25.4;16.8;76.4;1.7;2021;43;20.6;26;17.6;77.3;0.9;TOTAL;1
PIURA;PIURA;21.8;29;16.6;69.6;1.6;2021;43;22.1;29.3;17.4;70.8;1.4;TOTAL;24
PIURA;SECHURA;19.5;24.9;16.3;77.3;1.5;2021;43;20.3;25.7;17.4;77.8;1.4;;
PIURA;SULLANA;22.7;30;17.5;66.9;1;2021;43;22.5;30;17.8;69.4;0.6;TOTAL;4
PIURA;TALARA;21;27;17.5;73.2;0.8;2021;43;21.3;27.4;17.8;74.5;0.6;;
PIURA;AYABACA;18.2;23.4;14.2;75.6;8.7;2021;44;18;23.2;14.1;80.9;2.6;;
PIURA;HUANCABAMBA;15.7;20.3;12;83;17.1;2021;44;15.8;20.8;11.9;82.3;5.1;;
PIURA;MORROPON;21.3;27.6;16.3;69.7;1.7;2021;44;20.8;26.9;16.2;75.6;1.4;TOTAL;54
PIURA;PAITA;20;25.8;16.9;76.4;0.2;2021;44;20.9;26.3;17.9;77.1;0.5;;
PIURA;PIURA;22.2;30.2;17.1;66.2;0.4;2021;44;22.2;29.4;17.5;70.6;0.5;TOTAL;26
PIURA;SECHURA;20.1;26;16.8;75.2;0.5;2021;44;20.6;25.9;17.6;77.8;0.7;;
PIURA;SULLANA;22.7;30.9;17.5;64.9;0;2021;44;22.8;30.2;17.9;69.2;0.3;TOTAL;2
PIURA;TALARA;20.8;27.1;17.1;72.4;0.1;2021;44;21.5;27.7;18;74.4;0.4;;
PIURA;AYABACA;17.9;22.9;14.3;78.3;5;2021;45;17.9;23.1;14.1;81.6;5.3;;
PIURA;HUANCABAMBA;15.5;19.8;12.2;86.5;3.6;2021;45;15.8;20.7;12;83.4;8.2;;
PIURA;MORROPON;20.4;26;16.1;74.5;1.4;2021;45;20.7;26.6;16.3;76.4;3.4;TOTAL;42
PIURA;PAITA;19.9;25.2;17;78;0.1;2021;45;20.9;26.2;17.8;77.4;0.9;;
PIURA;PIURA;21.5;28.6;16.9;69.7;0.2;2021;45;22.1;29.2;17.6;71.3;1.4;TOTAL;8
PIURA;SECHURA;19.7;24.8;16.9;78.4;0.1;2021;45;20.5;25.7;17.6;78.2;1.3;TOTAL;1
PIURA;SULLANA;22.4;29.8;17.4;66.2;0.2;2021;45;22.7;29.9;17.9;69.5;0.6;TOTAL;3
PIURA;TALARA;20.8;27;17.2;73.1;0;2021;45;21.4;27.6;18;74.5;0.5;TOTAL;1
PIURA;AYABACA;18.1;23.2;14.4;75.4;3.5;2021;46;18;23.2;14.1;81.1;5.4;;
PIURA;HUANCABAMBA;15.6;20.2;12.2;81.6;9.9;2021;46;15.8;20.9;11.7;82.5;8.8;;
PIURA;MORROPON;20.9;27.2;16.3;71.3;1;2021;46;21;27.1;16.4;75.7;2.8;TOTAL;48
PIURA;PAITA;20.2;25.5;17.1;77.4;0.1;2021;46;21.2;26.5;18.1;77.3;0.9;TOTAL;2
PIURA;PIURA;21.9;29.5;17.1;68.6;0.2;2021;46;22.5;29.6;17.8;71;1.1;TOTAL;24
PIURA;SECHURA;19.9;25.2;17;78.2;0.1;2021;46;20.9;26.2;17.9;77.7;0.9;;
PIURA;SULLANA;22.7;30.5;17.5;65.9;0;2021;46;22.9;30.2;18.1;69.6;0.7;TOTAL;2
PIURA;TALARA;21;27.3;17.3;73;0;2021;46;21.6;27.8;18.2;74.7;0.7;;
PIURA;AYABACA;17.6;22.5;14.5;82.7;31.9;2021;47;17.9;23.1;13.9;80.3;4.4;;
PIURA;HUANCABAMBA;15.3;19.4;12.4;89.7;37.9;2021;47;15.7;20.7;11.6;81.8;5.6;;
PIURA;MORROPON;20.6;26;16.7;76.9;19.6;2021;47;21;27;16.4;75.4;2.6;TOTAL;47
PIURA;PAITA;20.5;25.4;17.8;78.9;3.6;2021;47;21.2;26.5;18.1;77.6;1.2;TOTAL;1
PIURA;PIURA;21.8;28.2;17.7;72.9;7.4;2021;47;22.5;29.5;17.8;71;1.2;TOTAL;16
PIURA;SECHURA;20.3;25.1;17.6;79.8;5.5;2021;47;21;26.2;18;78.2;1.6;;
PIURA;SULLANA;22.3;29.3;18;70.5;8.3;2021;47;23;30.2;18.2;69.4;1.2;TOTAL;2
PIURA;TALARA;21;26.6;17.9;76;3.5;2021;47;21.8;27.8;18.2;74.6;0.9;TOTAL;1
PIURA;AYABACA;18.2;23.1;14.7;83.2;5.3;2021;48;18.1;23.2;14.2;81.2;3.9;;
PIURA;HUANCABAMBA;15.8;19.9;12.7;89.6;14.8;2021;48;15.9;20.8;12;83;5.5;;
PIURA;MORROPON;21.4;27.1;17.1;75.8;0.9;2021;48;21.3;27.2;16.8;75.9;2;TOTAL;50
PIURA;PAITA;21.4;26.6;18.4;77.1;0.3;2021;48;21.7;27;18.6;76.9;0.8;;
PIURA;PIURA;22.9;29.8;18.2;70.5;0.2;2021;48;22.9;29.9;18.3;70.9;1.1;TOTAL;12
PIURA;SECHURA;21.3;26.4;18.1;77.7;0.2;2021;48;21.4;26.7;18.4;77.7;1;;
PIURA;SULLANA;23.2;30.3;18.6;69.1;0.1;2021;48;23.3;30.5;18.6;69.2;1;TOTAL;5
PIURA;TALARA;21.9;27.8;18.5;74;0.2;2021;48;22.2;28.2;18.7;74;0.6;TOTAL;1
PIURA;AYABACA;18.5;23.1;15.4;83.9;4.1;2021;49;18.1;23.1;14.4;81.9;4.6;;
PIURA;HUANCABAMBA;16.1;20.1;13.3;89.3;12.2;2021;49;15.8;20.6;12.1;83.8;6;;
PIURA;MORROPON;21.5;26.8;17.7;79.5;3.8;2021;49;21.6;27.3;17.2;76.3;2.9;TOTAL;31
PIURA;PAITA;22;26.7;19.3;77.5;1.1;2021;49;22.2;27.4;19.1;77;1.6;TOTAL;2
PIURA;PIURA;23;29.4;19;73.6;2;2021;49;23.3;30.2;18.7;71;1.4;TOTAL;13
PIURA;SECHURA;21.2;25.7;18.9;81.6;1.4;2021;49;21.9;27.1;18.9;78;1.5;TOTAL;1
PIURA;SULLANA;23.6;30.4;19.3;70.1;2;2021;49;23.7;30.7;19;69.4;1.1;TOTAL;1
PIURA;TALARA;22.4;27.9;19.4;74.6;0.8;2021;49;22.6;28.5;19.1;74.3;0.7;;
PIURA;AYABACA;17.7;22.2;14.8;84.4;3.4;2021;50;18.2;23;14.8;83.2;5.8;;
PIURA;HUANCABAMBA;15.8;20.1;12.7;85.9;3;2021;50;16;20.5;12.5;85.5;7.1;;
PIURA;MORROPON;21.6;27.2;17.6;75.4;1.2;2021;50;21.9;27.5;17.6;76.5;2.7;TOTAL;57
PIURA;PAITA;21.7;26.6;19;78.7;1.4;2021;50;22.5;27.6;19.5;77.1;1.5;;
PIURA;PIURA;23.1;29.6;18.8;71.6;1.5;2021;50;23.7;30.5;19.2;70.9;1.4;TOTAL;17
PIURA;SECHURA;21.4;26.3;18.5;79.5;0.2;2021;50;22.2;27.4;19.2;77.8;1.4;TOTAL;2
PIURA;SULLANA;23.2;29.5;19.2;71.6;1.8;2021;50;23.9;30.8;19.5;69.9;1.1;TOTAL;3
PIURA;TALARA;22;27.1;19.4;76.6;0.4;2021;50;22.8;28.5;19.5;74.6;1;TOTAL;1
PIURA;AYABACA;18.4;23.5;14.3;79.3;3.9;2021;51;18.1;22.8;14.7;83.6;4.5;;
PIURA;HUANCABAMBA;16;21;11.7;84.2;9.1;2021;51;15.9;20.4;12.4;85.7;4.6;;
PIURA;MORROPON;22.4;28.9;17.1;71.1;2.6;2021;51;22.2;27.7;17.9;76.8;1.8;TOTAL;27
PIURA;PAITA;21.8;27.3;18.7;77.3;4;2021;51;22.9;27.9;19.9;77.1;1.4;TOTAL;1
PIURA;PIURA;23.7;31.5;18.6;67.9;2.4;2021;51;24.1;30.7;19.6;70.9;1;TOTAL;10
PIURA;SECHURA;21.5;26.8;18.3;78.5;2.4;2021;51;22.8;27.9;19.7;77.3;0.7;TOTAL;1
PIURA;SULLANA;24;31.5;19.1;67;2.1;2021;51;24.2;30.9;19.8;70.1;0.9;TOTAL;1
PIURA;TALARA;22.6;28.7;19.1;72.5;1.6;2021;51;23.2;28.8;19.9;74.5;0.9;;
PIURA;AYABACA;18.8;23.9;14.7;76.9;1.5;2021;52;18.2;22.9;15;84.1;6.5;;
PIURA;HUANCABAMBA;16.3;21.1;12.4;83.2;7.2;2021;52;16;20.6;12.6;85.7;7.9;;
PIURA;MORROPON;22.7;29.3;17.4;69.4;2.7;2021;52;22.5;27.8;18.4;77.2;3.6;TOTAL;22
PIURA;PAITA;22;27.5;18.7;77.9;0.3;2021;52;23.4;28.4;20.4;77.2;1.6;TOTAL;1
PIURA;PIURA;23.9;31.6;18.7;67.5;0.6;2021;52;24.6;31;20.2;71.1;2;TOTAL;15
PIURA;SECHURA;21.8;27.2;18.5;78.5;0.1;2021;52;23.3;28.3;20.2;77.5;1.3;TOTAL;5
PIURA;SULLANA;24.3;32;19.2;65.8;0.1;2021;52;24.5;30.9;20.4;70.9;1.8;TOTAL;3
PIURA;TALARA;22.7;28.8;19;72.9;0.1;2021;52;23.5;29;20.4;75.1;1.4;;
PIURA;AYABACA;18.8;23.9;15.1;75.2;1.8;2022;1;18.3;22.8;15.2;84.5;5.8;;
PIURA;HUANCABAMBA;16.3;20.6;12.7;82.6;3.6;2022;1;16.1;20.5;12.8;85.9;5.7;;
PIURA;MORROPON;23.5;30;18.6;66.1;1.4;2022;1;22.7;28;18.8;77.5;3.3;TOTAL;40
PIURA;PAITA;22.7;28.3;19.3;75.1;0.3;2022;1;23.8;28.7;20.9;76.9;1.5;TOTAL;3
PIURA;PIURA;25;32.5;19.8;63.7;0.6;2022;1;25;31.3;20.8;70.8;2.1;TOTAL;27
PIURA;SECHURA;22.8;28.4;19.2;75.5;0.1;2022;1;23.7;28.7;20.7;77.2;1.1;TOTAL;22
PIURA;SULLANA;25.1;32.9;20;61.2;0;2022;1;24.8;31;20.8;71.1;1.9;TOTAL;1
PIURA;TALARA;23.2;29.3;19.4;69.1;0.2;2022;1;23.9;29.2;20.9;75.1;1.4;;
PIURA;AYABACA;18;23;14.1;77.6;3.4;2022;2;18.2;22.7;15.1;84.6;7;;
PIURA;HUANCABAMBA;15.6;20.7;11.3;80.8;2.7;2022;2;16;20.5;12.8;85.9;6.2;;
PIURA;MORROPON;23.1;29.5;17.8;68.2;0.9;2022;2;22.9;28.1;18.9;77.2;3.8;TOTAL;42
PIURA;PAITA;23.3;28.2;20.4;75.6;0.6;2022;2;24.1;29;21.2;76.8;1.3;;
PIURA;PIURA;24.9;31.8;20.2;66.3;0.7;2022;2;25.2;31.6;21;70.6;2.2;TOTAL;29
PIURA;SECHURA;23.2;28.4;20.1;76.2;0.1;2022;2;24;29;21;77.2;1.4;TOTAL;32
PIURA;SULLANA;24.9;31.6;20.5;65.7;0.6;2022;2;24.9;30.9;21;71.6;2.2;;
PIURA;TALARA;23.7;29.2;20.5;71.6;0.7;2022;2;24.1;29.2;21.1;75.1;1.1;;
PIURA;AYABACA;18.5;24;14.8;79.8;4.9;2022;3;18.1;22.6;15.1;85.3;8.5;;
PIURA;HUANCABAMBA;16.1;21.2;12.2;84.1;4.3;2022;3;16;20.4;12.7;86.5;6.7;;
PIURA;MORROPON;23.8;30.6;18.8;69.1;2.5;2022;3;23;28.2;19.1;76.9;4.8;TOTAL;17
PIURA;PAITA;24.2;29.1;21;74.6;0.7;2022;3;24.4;29.2;21.6;76.5;2.7;;
PIURA;PIURA;25.9;33.1;21;65.2;1.7;2022;3;25.5;31.7;21.4;70;3.5;TOTAL;12
PIURA;SECHURA;24.1;29.2;20.6;75.5;0.8;2022;3;24.4;29.3;21.3;76.4;2;TOTAL;31
PIURA;SULLANA;25.5;32.2;21.2;66.1;1.2;2022;3;25.1;30.9;21.3;71.7;3.8;TOTAL;2
PIURA;TALARA;24.4;29.7;21.2;71.3;1;2022;3;24.3;29.3;21.4;75;2.4;TOTAL;2
PIURA;AYABACA;18;22.2;15.7;87.7;20.4;2022;4;18.3;22.7;15.3;85.4;7.7;;
PIURA;HUANCABAMBA;16;20.1;13.7;88.7;17.6;2022;4;16.1;20.5;13;86.5;6.1;;
PIURA;MORROPON;23;28.3;19.6;75.8;6.9;2022;4;23.2;28.3;19.4;77.1;5.2;TOTAL;34
PIURA;PAITA;24.3;29.4;21.3;72.9;1.7;2022;4;24.8;29.6;21.9;75.6;1.3;;
PIURA;PIURA;25.4;31.4;21.3;67.8;2.1;2022;4;25.8;32;21.7;69.5;2.3;TOTAL;19
PIURA;SECHURA;23.9;28.8;20.7;75;0.8;2022;4;24.8;29.7;21.7;75.3;1.2;TOTAL;30
PIURA;SULLANA;25.2;31.2;21.5;68.7;3;2022;4;25.2;30.9;21.5;72.1;2.8;;
PIURA;TALARA;24.6;30.1;21.6;70.1;2;2022;4;24.6;29.4;21.7;75.1;1.1;TOTAL;2
PIURA;AYABACA;18;22.6;14.9;81.8;5.3;2022;5;18.2;22.4;15.5;87.9;8.3;;
PIURA;HUANCABAMBA;15.9;20.7;12.4;82.6;4.5;2022;5;16.2;20.4;13.2;88.4;6.5;TOTAL;3
PIURA;MORROPON;23.6;29.4;19.1;68.3;3.5;2022;5;23.2;27.8;19.8;80;7.1;TOTAL;60
PIURA;PAITA;24.5;29.4;21.3;70.5;0.5;2022;5;25.1;29.6;22.5;76.2;3.9;TOTAL;2
PIURA;PIURA;25.9;32.6;21.1;62;0.6;2022;5;25.9;31.5;22.2;71.9;5.7;TOTAL;26
PIURA;SECHURA;24.1;29.4;20.5;71.5;0.2;2022;5;25.2;29.9;22.3;75.5;4.9;TOTAL;64
PIURA;SULLANA;25.3;31.5;21;65.4;0.9;2022;5;25.2;30.4;21.9;75;6.4;TOTAL;2
PIURA;TALARA;24.8;30.3;21.5;67.5;0.6;2022;5;24.8;29.1;22.1;76.8;5.2;;
PIURA;AYABACA;17.8;22.1;15;83.6;17.2;2022;6;18.1;22.1;15.6;89.1;15.9;;
PIURA;HUANCABAMBA;15.7;19.7;13;87.9;24.8;2022;6;16.2;20.3;13.4;88.9;10.8;;
PIURA;MORROPON;23.2;28.5;19;69;16.1;2022;6;23.1;27.4;19.9;82;13.1;TOTAL;96
PIURA;PAITA;24.4;29.4;21.6;69.1;5.8;2022;6;25.3;29.5;22.7;77.3;6.8;;
PIURA;PIURA;25.4;31.7;21;62.6;10;2022;6;25.8;30.9;22.4;74.3;10.7;TOTAL;59
PIURA;SECHURA;23.8;28.8;20.7;71.2;4.6;2022;6;25.4;29.9;22.6;76.1;4.1;TOTAL;45
PIURA;SULLANA;25.1;31.3;21.2;64.8;4.9;2022;6;25;29.8;22;77.6;13.3;TOTAL;6
PIURA;TALARA;24.6;29.9;21.5;67.1;2.1;2022;6;24.9;29;22.3;78;8.5;;
PIURA;AYABACA;18.5;22.9;15.6;82.6;15.8;2022;7;18.3;22.5;15.5;87.8;8.9;;
PIURA;HUANCABAMBA;16;20.1;13.4;88.8;10.4;2022;7;16.2;20.5;13.1;87.4;5.8;TOTAL;8
PIURA;MORROPON;23.7;29;19.9;70.2;6.8;2022;7;23.4;28;20;80;6.3;TOTAL;155
PIURA;PAITA;25.1;30.2;22;66.9;1;2022;7;25.7;30.2;22.9;75.7;1.5;;
PIURA;PIURA;26.3;32.9;21.8;60.8;1.9;2022;7;26.3;31.8;22.6;71.9;3.2;TOTAL;92
PIURA;SECHURA;24.7;30.1;21.4;69.1;0.9;2022;7;25.8;30.6;22.7;74.6;0.8;TOTAL;79
PIURA;SULLANA;26.2;32.8;22;60.6;1.3;2022;7;25.4;30.4;22.1;75.7;3.9;TOTAL;23
PIURA;TALARA;25.4;31.1;22.2;63.8;1;2022;7;25.2;29.5;22.5;76.6;1.8;TOTAL;1
PIURA;AYABACA;18.2;22.8;14.9;81.7;36;2022;8;18.2;22.3;15.6;89.3;16;;
PIURA;HUANCABAMBA;15.8;20.1;12.6;87.5;30.8;2022;8;16.2;20.3;13.4;89.2;10.3;;
PIURA;MORROPON;23.6;28.8;19.2;69.4;13.7;2022;8;23.3;27.6;20.1;81.5;11.5;TOTAL;225
PIURA;PAITA;24.8;29.6;21.9;68.7;5.4;2022;8;25.8;30.2;23;75.7;4.3;TOTAL;4
PIURA;PIURA;26.2;32.2;21.7;61.7;9.8;2022;8;26.1;31.4;22.6;73.3;8.2;TOTAL;100
PIURA;SECHURA;24.8;29.6;21.4;68.9;4.5;2022;8;25.9;30.5;22.9;74.7;3;TOTAL;107
PIURA;SULLANA;25.9;32;21.8;63;8.8;2022;8;25.3;30.3;22.1;76.5;11.9;TOTAL;21
PIURA;TALARA;25;30.5;22;66.8;5.9;2022;8;25.2;29.6;22.6;76.7;5.9;TOTAL;3
PIURA;AYABACA;17.8;21.9;15.4;90.1;127.6;2022;9;18.3;22.5;15.6;88.9;20.2;;
PIURA;HUANCABAMBA;15.8;19.8;13.6;92;72.5;2022;9;16.3;20.5;13.4;88.7;13.3;TOTAL;1
PIURA;MORROPON;22.6;27.1;19.7;84.3;53.5;2022;9;23.3;27.7;20.1;81.6;19;TOTAL;199
PIURA;PAITA;24.7;29.5;22;77.1;15.9;2022;9;25.7;30.1;23;76;6.5;TOTAL;1
PIURA;PIURA;25.1;30.5;21.7;77.1;30.5;2022;9;26.1;31.5;22.5;73.6;13.5;TOTAL;97
PIURA;SECHURA;23.9;28.1;21.4;82.3;11.4;2022;9;25.8;30.5;22.8;74.7;4.9;TOTAL;122
PIURA;SULLANA;24.8;30.4;21.5;76.2;38.1;2022;9;25.4;30.4;22.1;76.5;15.7;TOTAL;44
PIURA;TALARA;24.6;29.2;21.8;77.2;22.9;2022;9;25.2;29.6;22.6;76.8;9.1;TOTAL;1
PIURA;AYABACA;18.1;22.6;15.5;88.1;36.4;2022;10;18.4;22.5;15.7;88.8;18.1;;
PIURA;HUANCABAMBA;16;20.1;13.1;86.5;14.2;2022;10;16.3;20.5;13.4;88.6;13.3;TOTAL;5
PIURA;MORROPON;24.1;29.3;20.2;76;16.9;2022;10;23.4;27.7;20.2;81.8;18.5;TOTAL;162
PIURA;PAITA;26.6;31.8;23.2;69.4;1;2022;10;25.8;30.3;23.1;75.6;9.1;TOTAL;4
PIURA;PIURA;27;33.8;22.6;67.2;5.5;2022;10;26.2;31.5;22.7;73.5;14.5;TOTAL;134
PIURA;SECHURA;26.2;32;22.4;67.9;0.6;2022;10;26;30.8;22.9;74.1;7.4;TOTAL;79
PIURA;SULLANA;25.8;31.7;22.3;74.2;7;2022;10;25.4;30.4;22.3;76.9;16.1;TOTAL;48
PIURA;TALARA;26;30.6;23;73.1;2.5;2022;10;25.4;29.8;22.7;76.4;10;TOTAL;1
PIURA;AYABACA;17.9;22.2;15.1;89.2;82.7;2022;11;18.3;22.5;15.6;89;17.5;;
PIURA;HUANCABAMBA;15.8;19.6;13.1;90.2;81.4;2022;11;16.3;20.5;13.3;88.4;12.8;TOTAL;5
PIURA;MORROPON;24.1;29.2;20;74;29.9;2022;11;23.4;27.8;20.2;81.8;16.4;TOTAL;157
PIURA;PAITA;26.5;31.6;23;69.3;1.9;2022;11;25.8;30.3;23;75.5;5.7;TOTAL;3
PIURA;PIURA;26.9;33.2;22.1;66.4;6.8;2022;11;26.3;31.6;22.7;73.1;10.2;TOTAL;179
PIURA;SECHURA;26.3;31.7;22.5;67.9;2.2;2022;11;25.8;30.6;22.9;74.8;6;TOTAL;87
PIURA;SULLANA;25.8;31.4;22;72.6;9.7;2022;11;25.4;30.4;22.2;76.7;13.6;TOTAL;59
PIURA;TALARA;26.1;31.2;22.7;70.2;3.6;2022;11;25.3;29.7;22.7;76.4;7.9;TOTAL;5
PIURA;AYABACA;18.1;22.1;15.5;91.5;30.4;2022;12;18.3;22.4;15.7;90;25.4;;
PIURA;HUANCABAMBA;16.2;20.2;13.8;91.4;25.4;2022;12;16.2;20.3;13.4;89.6;18.1;TOTAL;1
PIURA;MORROPON;23.3;28.1;19.8;78.2;12.6;2022;12;23.2;27.5;20.1;82.9;28.8;TOTAL;141
PIURA;PAITA;25.1;30;22;71;3.1;2022;12;25.5;30;22.9;76.5;10.5;TOTAL;1
PIURA;PIURA;25.4;31.4;21.3;70.9;4.6;2022;12;26;31.2;22.5;74.7;22;TOTAL;211
PIURA;SECHURA;23.9;28.3;21.1;76.3;5;2022;12;25.5;30.1;22.6;76.4;7.8;TOTAL;106
PIURA;SULLANA;25;30.5;21.2;74.7;2.4;2022;12;25.3;30.3;22.2;77.7;24.2;TOTAL;77
PIURA;TALARA;24.8;29.7;21.8;73.2;1.9;2022;12;25.2;29.6;22.5;77.1;11.8;TOTAL;4
PIURA;AYABACA;18.3;22.3;15.8;90.8;71.6;2022;13;18.3;22.6;15.5;89.1;18.1;;
PIURA;HUANCABAMBA;16.2;20.2;13.7;91;50.9;2022;13;16.3;20.5;13.2;88.7;13.8;TOTAL;1
PIURA;MORROPON;23.1;27.5;19.9;82.8;49;2022;13;23.2;27.6;19.9;82.5;17.9;TOTAL;130
PIURA;PAITA;24.8;29.7;21.8;74.3;11.3;2022;13;25.3;29.9;22.5;76.2;9.1;TOTAL;10
PIURA;PIURA;25.1;30.6;21.3;75.7;26.6;2022;13;25.8;31.3;22.2;74.4;14.1;TOTAL;234
PIURA;SECHURA;23.6;27.8;21.1;79.8;19.6;2022;13;25.1;29.8;22.2;76.6;7.9;TOTAL;79
PIURA;SULLANA;25.2;30.6;21.5;76.2;26.6;2022;13;25.3;30.5;22;76.7;15.8;TOTAL;123
PIURA;TALARA;24.8;29.8;21.8;75.6;17.1;2022;13;25;29.6;22.3;76.5;11.7;TOTAL;2
PIURA;AYABACA;18.4;23;15;86.7;12.5;2022;14;18.4;22.6;15.5;88.6;19;;
PIURA;HUANCABAMBA;16.3;20.7;12.9;86.9;7.6;2022;14;16.3;20.6;13.2;88.2;15.3;TOTAL;1
PIURA;MORROPON;22.8;28;18.8;79.8;12.9;2022;14;23.1;27.6;19.6;82.2;15.1;TOTAL;157
PIURA;PAITA;24.3;29.9;21.1;72.8;3.1;2022;14;24.8;29.6;22;76.4;5.6;TOTAL;18
PIURA;PIURA;25.2;32;20.7;70.7;3.6;2022;14;25.5;31.1;21.7;74.8;9.9;TOTAL;354
PIURA;SECHURA;23.5;28.9;20.5;75.9;4.2;2022;14;24.3;29;21.5;78.6;3.6;TOTAL;48
PIURA;SULLANA;25.2;31.5;20.9;71.6;3.6;2022;14;25.1;30.4;21.7;76.6;14.8;TOTAL;123
PIURA;TALARA;24.6;30.3;21.3;72;2.2;2022;14;24.8;29.6;22;76;8.1;TOTAL;1
PIURA;AYABACA;18.4;22.8;15.3;87;7.4;2022;15;18.3;22.5;15.5;88.4;14.1;TOTAL;1
PIURA;HUANCABAMBA;16.2;20.3;13.2;89;8.1;2022;15;16.3;20.5;13.2;88.3;11;TOTAL;5
PIURA;MORROPON;22.2;27.1;18.4;80.5;6.1;2022;15;23;27.6;19.5;81.2;10.3;TOTAL;180
PIURA;PAITA;23.1;28.3;20.1;76;1;2022;15;24.6;29.4;21.7;75.8;3.7;TOTAL;53
PIURA;PIURA;23.9;30.2;19.6;73.6;1.7;2022;15;25.4;31.1;21.6;73.4;7;TOTAL;352
PIURA;SECHURA;22;26.4;19.5;80.6;2.1;2022;15;24.1;29;21.2;77.7;3.2;TOTAL;79
PIURA;SULLANA;24.4;30.8;20;72.2;1.1;2022;15;25.1;30.4;21.6;75.3;9.7;TOTAL;148
PIURA;TALARA;23.9;29.6;20.5;72.4;0.8;2022;15;24.8;29.6;21.8;74.7;4.3;TOTAL;3
PIURA;AYABACA;17.7;21.6;15.3;89.6;32.6;2022;16;18.4;22.7;15.2;87.1;7.3;;
PIURA;HUANCABAMBA;15.7;19.4;13.5;91;37.9;2022;16;16.2;20.6;12.9;87.3;6.5;TOTAL;1
PIURA;MORROPON;21.6;26.4;18.5;82.7;13;2022;16;22.9;27.7;19.1;80;3.5;TOTAL;178
PIURA;PAITA;22.2;26.8;19.5;79.3;1.9;2022;16;24.2;29.3;21.2;75.5;1.2;TOTAL;43
PIURA;PIURA;23.1;29.2;19.2;76.7;4.6;2022;16;25.2;31.2;21.1;72.3;2;TOTAL;332
PIURA;SECHURA;21.2;25.8;18.7;82.3;2.5;2022;16;23.6;28.6;20.7;77.9;1.2;TOTAL;71
PIURA;SULLANA;23.6;29.3;19.9;76.3;8.5;2022;16;25;30.6;21.2;73.9;2.4;TOTAL;196
PIURA;TALARA;23.1;28;20.2;75.9;5.1;2022;16;24.6;29.7;21.5;73.9;1.3;TOTAL;5
PIURA;AYABACA;18.1;22.6;14.8;85.5;13.6;2022;17;18.3;22.6;15.2;87.1;7.9;TOTAL;1
PIURA;HUANCABAMBA;15.9;20.2;12.6;88.1;20.2;2022;17;16.2;20.5;12.9;87.4;6.8;TOTAL;2
PIURA;MORROPON;21.5;26.8;17.5;78.8;6;2022;17;22.7;27.5;18.9;79.8;4.6;TOTAL;173
PIURA;PAITA;21.9;27.2;18.8;76.5;0.5;2022;17;24;28.9;21;75.5;1.4;TOTAL;38
PIURA;PIURA;23;29.5;18.6;72.8;1.4;2022;17;24.9;30.8;20.8;72.3;2;TOTAL;340
PIURA;SECHURA;20.8;25.6;18.1;81;1.2;2022;17;23.3;28.2;20.4;78.1;1.4;TOTAL;58
PIURA;SULLANA;23.8;30.3;19.4;70.8;0.6;2022;17;24.9;30.4;21.1;73.7;2.6;TOTAL;172
PIURA;TALARA;22.9;28.6;19.6;72.3;0.5;2022;17;24.4;29.5;21.3;73.8;1.4;TOTAL;10
PIURA;AYABACA;18.5;23.3;14.8;81.9;9.8;2022;18;18.4;22.8;15.1;85.9;4.7;TOTAL;2
PIURA;HUANCABAMBA;16.1;20.8;12.6;85.1;9.2;2022;18;16.2;20.7;12.8;86.5;4.7;TOTAL;2
PIURA;MORROPON;22;27.8;17.5;74.4;5.3;2022;18;22.6;27.6;18.7;79.1;2.1;TOTAL;207
PIURA;PAITA;21.8;27.2;18.5;76;1.9;2022;18;23.8;28.9;20.7;75.6;1.2;TOTAL;45
PIURA;PIURA;23.4;30.4;18.5;69.5;3.3;2022;18;24.7;30.9;20.5;72;1.3;TOTAL;304
PIURA;SECHURA;20.9;26.1;18;79.2;2.9;2022;18;23.1;28;20.2;78.1;1.2;TOTAL;25
PIURA;SULLANA;24;30.9;19.2;68.7;6.6;2022;18;24.8;30.6;20.8;72.8;1.4;TOTAL;165
PIURA;TALARA;22.9;28.9;19.4;71.8;3.2;2022;18;24.2;29.6;21;73.6;1.3;TOTAL;3
PIURA;AYABACA;18.4;23.3;14.7;81;2.1;2022;19;18.5;23.1;15.1;84.6;6.4;;
PIURA;HUANCABAMBA;16.1;20.6;12.6;85.4;2.1;2022;19;16.3;20.9;12.7;85.4;7.3;TOTAL;4
PIURA;MORROPON;21.4;27.2;16.7;73.5;2.6;2022;19;22.5;27.7;18.4;78.4;3.9;TOTAL;179
PIURA;PAITA;21.2;26.3;18.1;75.2;0.2;2022;19;23.4;28.5;20.4;76;2.1;TOTAL;36
PIURA;PIURA;22.6;29.4;17.7;68.7;0.8;2022;19;24.4;30.7;20.1;71.7;2.8;TOTAL;375
PIURA;SECHURA;20.4;25.3;17.5;78.3;0.9;2022;19;22.8;27.7;19.9;78.1;2;TOTAL;18
PIURA;SULLANA;23.4;30.2;18.7;67.3;0.5;2022;19;24.7;30.7;20.5;72.1;3;TOTAL;171
PIURA;TALARA;22.2;28;18.9;71;0.4;2022;19;24;29.4;20.8;73.7;2.5;TOTAL;4
PIURA;AYABACA;18.2;22.9;14.7;82.4;7.5;2022;20;18.4;23.1;14.9;84;4.2;;
PIURA;HUANCABAMBA;15.8;20.3;12.4;86.1;9.9;2022;20;16.1;20.8;12.5;84.7;3.9;TOTAL;4
PIURA;MORROPON;21.8;27.5;17.1;73.1;4.2;2022;20;22.1;27.3;18;78.3;2.1;TOTAL;131
PIURA;PAITA;21.3;26.5;18.3;76.6;3.7;2022;20;23.1;28.1;20;76.1;1.5;TOTAL;43
PIURA;PIURA;23;29.6;18.2;69;3.3;2022;20;24;30.3;19.7;71.8;1;TOTAL;291
PIURA;SECHURA;20.6;25.4;17.7;79.3;2;2022;20;22.4;27.2;19.6;78.3;1;TOTAL;13
PIURA;SULLANA;23.8;30.3;19.2;67.7;6.6;2022;20;24.3;30.4;20.1;71.8;1.2;TOTAL;100
PIURA;TALARA;22.5;28.1;19.2;72;4;2022;20;23.6;29.1;20.4;73.8;1.1;TOTAL;10
PIURA;AYABACA;18.1;23.3;14.4;79.2;3.8;2022;21;18.1;22.7;14.7;84.4;4.3;;
PIURA;HUANCABAMBA;15.5;20.5;11.7;84;4.6;2022;21;15.9;20.5;12.4;85.4;4.7;TOTAL;8
PIURA;MORROPON;20.8;27.2;16;72.2;2.9;2022;21;21.7;26.9;17.6;78.1;2.4;TOTAL;110
PIURA;PAITA;20.2;25.1;17.2;78.7;1.1;2022;21;22.6;27.6;19.6;76.5;1.5;TOTAL;24
PIURA;PIURA;21.7;28.8;16.8;69.9;1.1;2022;21;23.5;29.7;19.2;71.8;1.5;TOTAL;223
PIURA;SECHURA;19.5;24.5;16.6;79.8;1;2022;21;22;26.7;19.2;78.7;1.5;TOTAL;18
PIURA;SULLANA;22.6;29.9;17.7;67.7;0.4;2022;21;23.9;30;19.6;71.5;1.9;TOTAL;102
PIURA;TALARA;21.5;27.5;18.1;72.2;0.6;2022;21;23.2;28.7;19.9;73.9;2.1;TOTAL;6
PIURA;AYABACA;17.6;22.4;13.9;78.7;7.4;2022;22;18;22.9;14.5;82.6;3.2;;
PIURA;HUANCABAMBA;15.1;19.7;11.6;85.5;16;2022;22;15.8;20.6;12;84;3.9;TOTAL;9
PIURA;MORROPON;20.8;26.8;16;69.2;6.3;2022;22;21.5;26.8;17.3;77.5;1.4;TOTAL;79
PIURA;PAITA;20.3;25.3;17.3;75.7;0.7;2022;22;22.2;27.2;19.2;76.8;1;TOTAL;31
PIURA;PIURA;21.8;28.7;17.1;66.2;1.1;2022;22;23.2;29.5;18.8;71.7;1;TOTAL;172
PIURA;SECHURA;19.7;24.5;16.7;77.6;0.8;2022;22;21.6;26.3;18.8;78.7;0.8;TOTAL;8
PIURA;SULLANA;22.7;29.8;18;64.2;0.5;2022;22;23.6;29.9;19.2;71.1;0.8;TOTAL;63
PIURA;TALARA;21.4;27.1;18.1;69.9;0.2;2022;22;22.8;28.4;19.5;74;0.7;TOTAL;5
PIURA;AYABACA;17.4;22.2;14.2;82.9;7;2022;23;18.1;23.1;14.3;81.3;2.4;TOTAL;1
PIURA;HUANCABAMBA;15;19.5;11.9;88.7;7.3;2022;23;15.7;20.8;11.8;83;3.4;TOTAL;1
PIURA;MORROPON;20.4;25.8;16.5;74.5;3.6;2022;23;21.3;26.8;17;77.1;1.1;TOTAL;75
PIURA;PAITA;20.2;24.7;17.6;78.1;0.7;2022;23;22;26.9;19;77.2;0.7;TOTAL;18
PIURA;PIURA;21.5;27.6;17.4;71;1.1;2022;23;23;29.3;18.6;71.9;0.6;TOTAL;180
PIURA;SECHURA;19.6;23.9;17.1;80.1;1.1;2022;23;21.4;26.1;18.7;79;0.8;TOTAL;8
PIURA;SULLANA;22.3;28.6;18;68.5;0.2;2022;23;23.4;29.8;19;70.9;0.5;TOTAL;47
PIURA;TALARA;21.1;26.3;18.1;73.7;0.6;2022;23;22.6;28.2;19.3;74.3;0.5;TOTAL;9
PIURA;AYABACA;16.9;22.8;12;76.7;1.3;2022;24;18;23.2;14;79.6;2.6;TOTAL;2
PIURA;HUANCABAMBA;14.4;19.9;9.6;81.7;1;2022;24;15.6;20.9;11.4;81.5;3.1;;
PIURA;MORROPON;19.4;25.7;14.2;72.9;0.9;2022;24;20.9;26.4;16.5;76.9;1.4;TOTAL;45
PIURA;PAITA;19.4;24.4;16.3;76.8;0.1;2022;24;21.5;26.4;18.5;77.7;0.5;TOTAL;15
PIURA;PIURA;20.3;27.1;15.6;71.6;0.1;2022;24;22.5;28.9;18.1;72;0.9;TOTAL;132
PIURA;SECHURA;18.7;23.4;16;79.1;0;2022;24;21;25.6;18.3;79.1;0.7;TOTAL;8
PIURA;SULLANA;21.3;28.4;16.2;68.1;0;2022;24;23;29.4;18.5;71;0.9;TOTAL;48
PIURA;TALARA;20.3;26.2;16.7;72.4;0.2;2022;24;22.1;27.8;18.8;74.8;0.8;TOTAL;4
PIURA;AYABACA;17;22.5;12.8;78.4;8.9;2022;25;17.9;23.1;14.1;79.5;1.6;;
PIURA;HUANCABAMBA;14.5;19.4;10.2;84.2;4.4;2022;25;15.5;20.8;11.5;81.1;2.2;TOTAL;2
PIURA;MORROPON;19.5;25.3;14.7;72.7;3.7;2022;25;20.7;26;16.5;77.5;1.2;TOTAL;25
PIURA;PAITA;19.5;24.5;16.7;76.2;2.7;2022;25;21.3;26;18.4;78;0.7;TOTAL;10
PIURA;PIURA;20.6;27.1;16.1;69.9;3.1;2022;25;22.2;28.3;18;72.8;0.6;TOTAL;112
PIURA;SECHURA;18.8;23.3;16.3;78.9;2.9;2022;25;20.8;25.2;18.2;79.5;0.7;TOTAL;8
PIURA;SULLANA;21.5;28.4;16.9;66.8;3.4;2022;25;22.8;29.1;18.3;71.2;0.5;TOTAL;40
PIURA;TALARA;20.6;26.2;17.2;71.5;1.4;2022;25;22;27.6;18.7;74.8;0.7;TOTAL;4
PIURA;AYABACA;17.1;23.3;11.9;74.2;0.8;2022;26;17.8;23.2;13.9;78.5;1.6;;
PIURA;HUANCABAMBA;14.5;20.6;9.1;78.8;1.3;2022;26;15.4;20.9;11.2;80.3;1.9;;
PIURA;MORROPON;19.5;26.1;14;72.1;0.6;2022;26;20.5;25.9;16.2;77.5;0.8;TOTAL;29
PIURA;PAITA;19.3;24.2;16.2;78.2;0.1;2022;26;21.1;25.9;18.1;78.1;0.4;TOTAL;17
PIURA;PIURA;20.6;27.6;15.8;70.3;0.1;2022;26;22;28.2;17.7;72.8;0.5;TOTAL;72
PIURA;SECHURA;18.8;23.6;16.2;79.7;0.1;2022;26;20.6;25.1;17.9;79.6;0.6;TOTAL;4
PIURA;SULLANA;21.4;28.7;16.4;68.1;0;2022;26;22.6;29;18.1;71.2;0.5;TOTAL;25
PIURA;TALARA;20.2;26.2;16.6;73.6;0.2;2022;26;21.7;27.3;18.4;75;0.5;TOTAL;4
PIURA;AYABACA;17.3;22.3;13.7;77;2.3;2022;27;17.8;23.4;13.6;77.3;1.4;;
PIURA;HUANCABAMBA;14.8;19.5;11.4;83;7.5;2022;27;15.3;21;10.9;79.2;1.7;;
PIURA;MORROPON;19.9;25.7;15.4;72.4;1.9;2022;27;20.2;25.8;15.9;77.3;0.8;TOTAL;23
PIURA;PAITA;19.3;24.1;16.3;78.5;0.2;2022;27;20.8;25.6;17.9;78.3;0.4;TOTAL;9
PIURA;PIURA;20.7;27.4;16;70.3;0.4;2022;27;21.8;28;17.5;72.9;0.3;TOTAL;52
PIURA;SECHURA;18.9;23.5;16.2;79.4;0.3;2022;27;20.3;24.8;17.7;79.7;0.4;TOTAL;4
PIURA;SULLANA;21.4;28.4;16.7;68.5;0.9;2022;27;22.3;28.9;17.8;71.3;0.3;TOTAL;15
PIURA;TALARA;20.3;26.1;17;73.5;0.1;2022;27;21.5;27.1;18.1;75.1;0.4;TOTAL;3
PIURA;AYABACA;17.5;22.9;13.5;78.3;0.8;2022;28;17.8;23.4;13.6;76.8;1.9;;
PIURA;HUANCABAMBA;15.2;20.3;11.4;83.5;1;2022;28;15.3;21.1;10.9;78.6;2;;
PIURA;MORROPON;19.5;25.2;15.1;74.5;0.6;2022;28;20.1;25.7;15.7;77;1.1;TOTAL;14
PIURA;PAITA;19.4;24.2;16.5;77.5;0.1;2022;28;20.5;25.3;17.5;78.3;1.2;TOTAL;8
PIURA;PIURA;20.5;27;16.1;71.1;0.2;2022;28;21.5;27.8;17.2;72.7;1.1;TOTAL;33
PIURA;SECHURA;18.8;23.3;16.4;79;0.1;2022;28;20;24.5;17.4;79.5;0.9;TOTAL;1
PIURA;SULLANA;21.3;28.3;16.5;68.7;0;2022;28;22.1;28.8;17.5;70.8;1;TOTAL;19
PIURA;TALARA;20.3;26;16.8;73.5;0;2022;28;21.2;26.9;17.8;75;0.8;TOTAL;2
PIURA;AYABACA;17.6;22.9;13.4;76.2;2.1;2022;29;17.8;23.6;13.5;75.5;1;;
PIURA;HUANCABAMBA;15.2;20.2;11.3;81;3;2022;29;15.3;21.2;10.7;77.5;1.5;;
PIURA;MORROPON;19.7;25.5;15.1;73.5;1.4;2022;29;19.9;25.6;15.5;76.8;0.5;TOTAL;13
PIURA;PAITA;19.3;24.3;16.4;78.4;0.1;2022;29;20.3;25.1;17.3;78.4;0.4;TOTAL;9
PIURA;PIURA;20.6;27.4;16;70.9;0.4;2022;29;21.3;27.7;17;72.8;0.3;TOTAL;13
PIURA;SECHURA;18.8;23.5;16.2;79.1;0.2;2022;29;19.8;24.4;17.2;79.5;0.5;;
PIURA;SULLANA;21.3;28.4;16.5;69.2;0.3;2022;29;22;28.7;17.3;70.7;0.2;TOTAL;20
PIURA;TALARA;20.1;26.1;16.6;74.9;0.2;2022;29;21.1;26.8;17.6;75;0.2;TOTAL;3
PIURA;AYABACA;17.4;23.2;13.1;78.6;9.8;2022;30;18;23.9;13.6;74.8;1;;
PIURA;HUANCABAMBA;15;20.2;10.8;82.9;11.5;2022;30;15.4;21.4;10.9;76.8;2;;
PIURA;MORROPON;19.9;25.8;15.3;75.3;2.5;2022;30;20;25.7;15.6;76.9;0.6;TOTAL;6
PIURA;PAITA;19.6;24.9;16.5;78.2;1.3;2022;30;20.3;25.1;17.3;78.5;0.2;TOTAL;2
PIURA;PIURA;20.8;27.6;16.1;72.4;2.5;2022;30;21.3;27.7;17;73;0.2;TOTAL;10
PIURA;SECHURA;18.9;23.7;16.2;80.4;1.6;2022;30;19.8;24.3;17.2;79.6;0.2;TOTAL;1
PIURA;SULLANA;22;29.2;16.9;68.3;1;2022;30;22;28.7;17.3;70.8;0.2;TOTAL;12
PIURA;TALARA;21;27;17.2;72.7;0.8;2022;30;21;26.8;17.6;75.1;0.2;TOTAL;1
PIURA;AYABACA;17.6;23;13.4;77.8;11.6;2022;31;17.9;24.1;13.2;73.8;1;;
PIURA;HUANCABAMBA;15.1;20.3;10.9;82.5;12.4;2022;31;15.4;21.6;10.5;75.6;1.2;;
PIURA;MORROPON;19.8;25.6;15.1;74.4;8.3;2022;31;19.7;25.5;15.2;76.6;0.8;TOTAL;8
PIURA;PAITA;19.4;24.4;16.5;77.9;1.4;2022;31;20;24.8;17.1;78.5;0.2;;
PIURA;PIURA;20.8;27.4;16.2;71.3;5.9;2022;31;21.1;27.5;16.7;72.9;0.3;TOTAL;20
PIURA;SECHURA;18.8;23.7;16.2;79.3;2.4;2022;31;19.6;24.1;16.9;79.4;0.4;TOTAL;1
PIURA;SULLANA;21.6;28.6;16.7;68.6;3;2022;31;21.7;28.6;17;70.8;0.1;TOTAL;7
PIURA;TALARA;20.4;26.3;17;74.1;2.2;2022;31;20.8;26.6;17.3;75.1;0.1;TOTAL;2
PIURA;AYABACA;17.9;23.8;13.4;72.8;5.8;2022;32;18;24.3;13.3;72.9;1;;
PIURA;HUANCABAMBA;15.4;20.9;11;77.9;6.8;2022;32;15.5;21.7;10.7;75.1;1.3;;
PIURA;MORROPON;20.2;26.6;14.9;71;1.6;2022;32;19.8;25.8;15.2;76;0.6;TOTAL;15
PIURA;PAITA;19.4;24.7;16.3;77.4;0;2022;32;20;24.9;17;78;0.2;TOTAL;1
PIURA;PIURA;21;28.3;16;69;0.8;2022;32;21.1;27.8;16.6;72.2;0.2;TOTAL;21
PIURA;SECHURA;18.9;24;16.1;78.3;1.3;2022;32;19.6;24.3;16.9;78.8;0.1;;
PIURA;SULLANA;21.9;29.4;16.6;66.8;0.1;2022;32;21.8;28.9;17;70;0.1;TOTAL;6
PIURA;TALARA;20.5;26.7;16.8;72.8;0.3;2022;32;20.8;26.7;17.3;74.7;0.1;TOTAL;3
PIURA;AYABACA;17.9;24.5;12.7;72.2;5.2;2022;33;18.1;24.4;13.3;73.2;0.9;TOTAL;1
PIURA;HUANCABAMBA;15.4;21.2;10.4;76.9;3.4;2022;33;15.6;21.8;10.7;75.4;1.6;;
PIURA;MORROPON;19.8;26.6;14.3;71.5;0.9;2022;33;20;25.9;15.2;76;0.7;TOTAL;29
PIURA;PAITA;19.1;24.4;15.9;77.5;0;2022;33;20;25;17;78.2;0.2;TOTAL;2
PIURA;PIURA;20.6;28.2;15.6;69.6;0.4;2022;33;21.2;27.9;16.7;72.2;0.2;TOTAL;17
PIURA;SECHURA;18.6;23.6;15.9;78.6;0.1;2022;33;19.6;24.4;16.9;78.8;0.2;TOTAL;1
PIURA;SULLANA;21.5;29.4;16.2;66.9;0.2;2022;33;21.9;28.9;17.1;70.2;0.2;TOTAL;5
PIURA;TALARA;20.2;26.6;16.4;72.6;0.4;2022;33;20.8;26.7;17.3;75;0.1;TOTAL;3
PIURA;AYABACA;17.9;25.2;11.7;65.6;0.8;2022;34;18.1;24.4;13.3;73;0.8;;
PIURA;HUANCABAMBA;15;21.7;8.9;70.6;1.4;2022;34;15.7;21.9;10.8;75.2;1.3;;
PIURA;MORROPON;19.9;26.8;13.9;70.4;0.4;2022;34;20;25.9;15.3;75.9;0.8;TOTAL;14
PIURA;PAITA;18.8;24;15.8;79.2;0;2022;34;19.9;25;16.9;78.1;0.2;;
PIURA;PIURA;20.7;28.4;15.6;70.1;0.1;2022;34;21.2;27.9;16.7;72;0.4;TOTAL;15
PIURA;SECHURA;18.7;23.8;15.8;79;0;2022;34;19.5;24.4;16.8;78.8;0.4;;
PIURA;SULLANA;21.5;29.5;16.2;68;0;2022;34;21.9;29;17.1;70;0.2;TOTAL;4
PIURA;TALARA;20;26.2;16.3;74.5;0.1;2022;34;20.7;26.7;17.2;74.8;0.1;TOTAL;2
PIURA;AYABACA;18.2;25;12.8;68.3;2.4;2022;35;18.2;24.4;13.6;73.8;0.9;;
PIURA;HUANCABAMBA;15.5;21.8;10.4;74.2;5.9;2022;35;15.8;21.9;11.1;75.8;2;;
PIURA;MORROPON;19.8;26.4;14.5;70.7;1.2;2022;35;20;26;15.4;76;1.1;TOTAL;15
PIURA;PAITA;19;24.3;15.7;77.4;0.1;2022;35;20;25.1;16.9;78;0.2;TOTAL;4
PIURA;PIURA;20.7;28.1;15.4;68.6;0.4;2022;35;21.3;28;16.7;71.8;0.3;TOTAL;11
PIURA;SECHURA;18.5;23.7;15.5;78;0.1;2022;35;19.6;24.5;16.8;78.5;0.4;TOTAL;1
PIURA;SULLANA;21.6;29.3;16.3;66.3;0;2022;35;21.9;29.1;17.1;69.9;0.1;TOTAL;7
PIURA;TALARA;20.1;26.4;16.4;72.8;0.2;2022;35;20.7;26.7;17.2;74.8;0.1;TOTAL;1
PIURA;AYABACA;18.4;25.2;13.1;67.5;1.3;2022;36;18.2;24.3;13.6;74.5;2.2;;
PIURA;HUANCABAMBA;15.7;22;10.7;73.3;2.1;2022;36;15.9;21.8;11.1;76.4;3.8;;
PIURA;MORROPON;19.9;26.3;14.8;71.9;0.8;2022;36;20.2;26.2;15.5;75.8;1.6;TOTAL;19
PIURA;PAITA;19.1;24.6;16.2;77.2;1;2022;36;20.1;25.2;17;77.8;0.4;TOTAL;4
PIURA;PIURA;20.9;28.2;16;69.2;0.4;2022;36;21.5;28.3;16.9;71.4;0.5;TOTAL;11
PIURA;SECHURA;18.8;24.1;16;77.3;0.3;2022;36;19.7;24.7;16.8;78.4;0.5;;
PIURA;SULLANA;21.6;29.4;16.3;67;0.5;2022;36;22.1;29.3;17.3;69.6;0.5;TOTAL;2
PIURA;TALARA;20;26.4;16.4;73.6;1.7;2022;36;20.9;26.8;17.3;74.7;0.4;TOTAL;1
PIURA;AYABACA;18.1;23.9;13.9;73.8;1.8;2022;37;18.3;24.4;13.6;74.7;3;;
PIURA;HUANCABAMBA;15.7;20.9;11.7;80;5.2;2022;37;15.9;21.9;11.2;76.7;5;;
PIURA;MORROPON;20.2;26.2;15.4;72;1.1;2022;37;20.3;26.3;15.6;75.5;2.1;TOTAL;14
PIURA;PAITA;19.3;24.5;16.2;77.1;0.1;2022;37;20.1;25.3;17;77.5;0.4;;
PIURA;PIURA;21.1;28.1;16.1;68.7;0.1;2022;37;21.5;28.4;16.9;71.1;0.7;TOTAL;9
PIURA;SECHURA;18.9;24;16;77.7;0.1;2022;37;19.7;24.8;16.8;78.3;0.8;;
PIURA;SULLANA;21.7;29;16.7;66.9;0.4;2022;37;22.2;29.4;17.4;69.4;0.6;TOTAL;3
PIURA;TALARA;20.2;26.2;16.5;73.3;0.2;2022;37;20.9;26.9;17.4;74.4;0.4;TOTAL;1
PIURA;AYABACA;17.7;23.5;13.6;76.8;1.6;2022;38;18.3;24.2;13.8;76.2;1.7;;
PIURA;HUANCABAMBA;15.5;20.5;11.5;81.9;2.7;2022;38;16;21.8;11.5;77.8;2.7;;
PIURA;MORROPON;19.9;26;15.2;72.9;1.2;2022;38;20.5;26.4;15.8;75.7;1.4;TOTAL;14
PIURA;PAITA;19.3;24.7;16.2;76;0.8;2022;38;20.3;25.6;17.2;77.2;0.9;;
PIURA;PIURA;20.9;28.1;16.1;68.3;0.5;2022;38;21.7;28.7;17.1;71;0.6;TOTAL;9
PIURA;SECHURA;18.8;23.8;16;77;1.4;2022;38;19.8;24.9;16.9;78.3;0.6;;
PIURA;SULLANA;21.7;29.2;16.6;66.1;0.4;2022;38;22.4;29.6;17.6;69.2;0.8;TOTAL;5
PIURA;TALARA;20.3;26.5;16.6;72.1;0.6;2022;38;21.1;27.2;17.6;74.2;0.6;;
PIURA;AYABACA;18;24.3;13.2;73.9;1.1;2022;39;18.2;23.9;14;77.7;2.2;;
PIURA;HUANCABAMBA;15.7;21.3;11.4;78.9;1.3;2022;39;16;21.5;11.7;79.4;3.6;;
PIURA;MORROPON;20;26.7;14.9;71.1;0.5;2022;39;20.5;26.5;15.9;75.6;1.2;TOTAL;13
PIURA;PAITA;19;24.3;15.7;76.2;0.4;2022;39;20.3;25.5;17.2;77.3;0.4;TOTAL;1
PIURA;PIURA;20.8;28.5;15.5;67.8;0.2;2022;39;21.7;28.7;17;70.9;0.4;TOTAL;3
PIURA;SECHURA;18.5;23.9;15.5;77.3;0.3;2022;39;19.8;25;16.9;78.1;0.6;;
PIURA;SULLANA;21.7;29.6;16.3;64.8;0;2022;39;22.4;29.6;17.6;69.3;0.4;TOTAL;3
PIURA;TALARA;20.1;26.2;16.1;71.6;0;2022;39;21.1;27.1;17.6;74.2;0.3;;
PIURA;AYABACA;18;24.2;13.2;73.7;4.9;2022;40;18.3;23.9;14.1;78;2;;
PIURA;HUANCABAMBA;15.6;21;11.2;80.6;9;2022;40;16;21.5;11.8;80.3;3.7;TOTAL;1
PIURA;MORROPON;20.1;26.8;14.9;71.5;0.4;2022;40;20.7;26.6;16;75.4;1.3;TOTAL;3
PIURA;PAITA;19;24.5;15.7;77;0;2022;40;20.4;25.7;17.3;76.9;0.3;TOTAL;4
PIURA;PIURA;20.9;28.9;15.6;68.1;0;2022;40;21.9;28.9;17.1;70.5;0.5;TOTAL;6
PIURA;SECHURA;18.6;24.1;15.5;77.6;0;2022;40;19.9;25.1;17;78.1;0.3;;
PIURA;SULLANA;21.8;29.9;16.4;65.7;0;2022;40;22.5;29.8;17.7;68.7;0.5;TOTAL;8
PIURA;TALARA;20.1;26.4;16.3;72.7;0;2022;40;21.2;27.3;17.7;73.8;0.3;;
PIURA;AYABACA;18.1;24.4;13;72.4;11.8;2022;41;18.1;23.6;14;79.2;3.9;;
PIURA;HUANCABAMBA;15.8;21.4;11.1;77.6;5.3;2022;41;15.9;21.2;11.8;80.9;4.9;;
PIURA;MORROPON;20.4;27.5;14.8;69.6;2.2;2022;41;20.7;26.7;16;75.4;2;TOTAL;9
PIURA;PAITA;19.1;24.9;15.6;76.2;0.6;2022;41;20.4;25.8;17.3;76.9;0.8;TOTAL;3
PIURA;PIURA;21.1;29.2;15.6;66.9;3;2022;41;21.9;29;17.2;70.5;1.1;TOTAL;9
PIURA;SECHURA;18.6;24.3;15.5;76.9;0.1;2022;41;20;25.2;17;78;0.9;;
PIURA;SULLANA;22.1;30.3;16.4;64.1;3.6;2022;41;22.5;29.9;17.7;68.7;0.7;TOTAL;11
PIURA;TALARA;20.2;26.7;16.2;71.6;0.4;2022;41;21.2;27.3;17.7;73.8;0.9;TOTAL;2
PIURA;AYABACA;17.7;22.9;14.2;80.9;5.5;2022;42;18;23.4;13.9;79.1;5.3;;
PIURA;HUANCABAMBA;15.5;19.9;12.2;85.1;12.8;2022;42;15.8;21;11.7;80.6;8.7;;
PIURA;MORROPON;19.9;25.7;15.7;74.1;4.2;2022;42;20.6;26.6;16;75.6;4.7;TOTAL;8
PIURA;PAITA;18.9;24;16;77.2;0.7;2022;42;20.4;25.7;17.3;77.4;1.4;TOTAL;1
PIURA;PIURA;20.5;27.6;16;70.5;1.4;2022;42;21.8;28.9;17.1;71;2.5;TOTAL;7
PIURA;SECHURA;18.3;23.3;15.6;78.3;1.7;2022;42;20;25.2;17.1;78.3;2.1;;
PIURA;SULLANA;21.6;29;16.9;67.7;1.2;2022;42;22.4;29.8;17.6;69.2;1.7;TOTAL;9
PIURA;TALARA;20;25.9;16.8;73.3;1.6;2022;42;21.1;27.2;17.6;74.5;1.3;;
PIURA;AYABACA;18;23.5;13.8;74.9;10;2022;43;18;23.2;14.1;80.9;4.5;;
PIURA;HUANCABAMBA;15.7;20.6;11.8;77.6;20.1;2022;43;15.8;20.8;11.9;83.1;8.2;;
PIURA;MORROPON;20.2;26.9;15.2;71.4;4.7;2022;43;20.7;26.8;16.2;76;3.2;;
PIURA;PAITA;19;24.2;16;77.7;0.6;2022;43;20.6;26;17.6;77.3;0.9;;
PIURA;PIURA;20.9;28.6;16;68.9;1.9;2022;43;22.1;29.3;17.4;70.8;1.4;TOTAL;10
PIURA;SECHURA;18.8;24.1;15.9;77.6;0.7;2022;43;20.3;25.7;17.4;77.8;1.4;;
PIURA;SULLANA;21.7;29.4;16.6;67.3;0.9;2022;43;22.5;30;17.8;69.4;0.6;TOTAL;7
PIURA;TALARA;19.8;25.8;16.2;74.4;0.4;2022;43;21.3;27.4;17.8;74.5;0.6;TOTAL;1
PIURA;AYABACA;18;24;13;70.8;5.3;2022;44;18;23.2;14.1;80.9;2.6;;
PIURA;HUANCABAMBA;15.5;21;10.7;74.3;7.2;2022;44;15.8;20.8;11.9;82.3;5.1;;
PIURA;MORROPON;20.2;27;14.7;69.1;0.9;2022;44;20.8;26.9;16.2;75.6;1.4;TOTAL;6
PIURA;PAITA;18.5;24.1;15.2;78.7;0.6;2022;44;20.9;26.3;17.9;77.1;0.5;;
PIURA;PIURA;20.7;28.7;15.3;68.1;0.5;2022;44;22.2;29.4;17.5;70.6;0.5;TOTAL;14
PIURA;SECHURA;18.6;24.1;15.3;78;0.5;2022;44;20.6;25.9;17.6;77.8;0.7;;
PIURA;SULLANA;21.5;29.4;15.9;66.3;0.2;2022;44;22.8;30.2;17.9;69.2;0.3;TOTAL;15
PIURA;TALARA;19.6;25.9;15.6;73.7;0;2022;44;21.5;27.7;18;74.4;0.4;TOTAL;1
PIURA;AYABACA;18;23.9;13.4;74.9;3.2;2022;45;17.9;23.1;14.1;81.6;5.3;;
PIURA;HUANCABAMBA;15.8;20.9;11.5;77.9;7.2;2022;45;15.8;20.7;12;83.4;8.2;;
PIURA;MORROPON;20.6;27.4;15.4;70.7;0.9;2022;45;20.7;26.6;16.3;76.4;3.4;TOTAL;11
PIURA;PAITA;19.3;24.8;16.1;78.5;0.1;2022;45;20.9;26.2;17.8;77.4;0.9;;
PIURA;PIURA;21.3;29.1;16.3;69.1;0;2022;45;22.1;29.2;17.6;71.3;1.4;TOTAL;4
PIURA;SECHURA;19.4;24.9;16.3;77.7;0;2022;45;20.5;25.7;17.6;78.2;1.3;;
PIURA;SULLANA;21.8;29.8;16.6;67.5;0;2022;45;22.7;29.9;17.9;69.5;0.6;TOTAL;8
PIURA;TALARA;20;26.4;16.3;75;0;2022;45;21.4;27.6;18;74.5;0.5;;
PIURA;AYABACA;18.1;24;13.4;74.4;11.8;2022;46;18;23.2;14.1;81.1;5.4;;
PIURA;HUANCABAMBA;15.6;21.1;11;78.5;13;2022;46;15.8;20.9;11.7;82.5;8.8;;
PIURA;MORROPON;20.6;27.2;15.4;71;4.3;2022;46;21;27.1;16.4;75.7;2.8;TOTAL;8
PIURA;PAITA;19.8;25.2;16.7;77.7;7.4;2022;46;21.2;26.5;18.1;77.3;0.9;TOTAL;2
PIURA;PIURA;21.5;29;16.7;69.4;6.1;2022;46;22.5;29.6;17.8;71;1.1;TOTAL;13
PIURA;SECHURA;19.7;25;16.7;78.4;12.9;2022;46;20.9;26.2;17.9;77.7;0.9;;
PIURA;SULLANA;22.1;29.9;17;67.4;6.6;2022;46;22.9;30.2;18.1;69.6;0.7;TOTAL;5
PIURA;TALARA;20.5;26.6;17;73.9;8.8;2022;46;21.6;27.8;18.2;74.7;0.7;TOTAL;3
PIURA;AYABACA;18.2;23.9;13.6;75;3.7;2022;47;17.9;23.1;13.9;80.3;4.4;;
PIURA;HUANCABAMBA;16;21.1;11.6;77.7;3.4;2022;47;15.7;20.7;11.6;81.8;5.6;;
PIURA;MORROPON;21.6;28.5;16.2;68.5;0.8;2022;47;21;27;16.4;75.4;2.6;TOTAL;17
PIURA;PAITA;20.5;26;17.2;77;0;2022;47;21.2;26.5;18.1;77.6;1.2;TOTAL;1
PIURA;PIURA;22.5;30.4;17.3;67.1;0.1;2022;47;22.5;29.5;17.8;71;1.2;TOTAL;9
PIURA;SECHURA;20.7;26.5;17.3;75.7;0.1;2022;47;21;26.2;18;78.2;1.6;;
PIURA;SULLANA;22.8;30.8;17.7;65.8;0;2022;47;23;30.2;18.2;69.4;1.2;TOTAL;5
PIURA;TALARA;20.9;27.2;17.2;73.2;0.1;2022;47;21.8;27.8;18.2;74.6;0.9;;
PIURA;AYABACA;17.8;23.3;13.3;76.6;1;2022;48;18.1;23.2;14.2;81.2;3.9;;
PIURA;HUANCABAMBA;15.5;20.8;10.6;78.4;2.9;2022;48;15.9;20.8;12;83;5.5;;
PIURA;MORROPON;21.9;28.6;16.4;71;1.1;2022;48;21.3;27.2;16.8;75.9;2;TOTAL;35
PIURA;PAITA;21.7;27.2;18.6;77.5;0.1;2022;48;21.7;27;18.6;76.9;0.8;TOTAL;7
PIURA;PIURA;23.3;30.8;18.4;68.9;0.8;2022;48;22.9;29.9;18.3;70.9;1.1;TOTAL;8
PIURA;SECHURA;21.7;27.1;18.4;77;0.2;2022;48;21.4;26.7;18.4;77.7;1;;
PIURA;SULLANA;23.4;31.3;18.4;67.9;0.1;2022;48;23.3;30.5;18.6;69.2;1;TOTAL;4
PIURA;TALARA;21.9;28.4;18.4;74.7;0;2022;48;22.2;28.2;18.7;74;0.6;;
PIURA;AYABACA;17.8;23.3;13.1;74.1;1.8;2022;49;18.1;23.1;14.4;81.9;4.6;;
PIURA;HUANCABAMBA;15.4;20.7;10.8;77.4;5;2022;49;15.8;20.6;12.1;83.8;6;;
PIURA;MORROPON;21.6;28.1;16.1;68.2;1.2;2022;49;21.6;27.3;17.2;76.3;2.9;TOTAL;25
PIURA;PAITA;21.4;26.9;17.9;76.8;0;2022;49;22.2;27.4;19.1;77;1.6;TOTAL;2
PIURA;PIURA;22.9;30.2;17.6;67.1;0.1;2022;49;23.3;30.2;18.7;71;1.4;TOTAL;5
PIURA;SECHURA;21.2;26.6;17.7;76.7;0.1;2022;49;21.9;27.1;18.9;78;1.5;;
PIURA;SULLANA;23.1;30.8;18;66.1;0.4;2022;49;23.7;30.7;19;69.4;1.1;TOTAL;2
PIURA;TALARA;21.6;27.7;17.9;73.9;0;2022;49;22.6;28.5;19.1;74.3;0.7;;
PIURA;AYABACA;18.1;22.9;14.6;79.2;9.9;2022;50;18.2;23;14.8;83.2;5.8;;
PIURA;HUANCABAMBA;15.9;20.4;12.5;83.5;18;2022;50;16;20.5;12.5;85.5;7.1;;
PIURA;MORROPON;22.8;28.5;18.4;70.1;4.8;2022;50;21.9;27.5;17.6;76.5;2.7;TOTAL;21
PIURA;PAITA;22.6;27.8;19.6;76.6;3.6;2022;50;22.5;27.6;19.5;77.1;1.5;TOTAL;3
PIURA;PIURA;24.4;31;19.9;66.9;3.3;2022;50;23.7;30.5;19.2;70.9;1.4;TOTAL;6
PIURA;SECHURA;22.8;27.8;19.8;76.3;2.5;2022;50;22.2;27.4;19.2;77.8;1.4;;
PIURA;SULLANA;24.3;31;19.9;65.9;4.8;2022;50;23.9;30.8;19.5;69.9;1.1;TOTAL;2
PIURA;TALARA;22.8;28.5;19.6;72.9;6.3;2022;50;22.8;28.5;19.5;74.6;1;;
PIURA;AYABACA;18.4;23.3;15.1;82.2;9.2;2022;51;18.1;22.8;14.7;83.6;4.5;;
PIURA;HUANCABAMBA;16;20.3;12.8;86.1;5.5;2022;51;15.9;20.4;12.4;85.7;4.6;;
PIURA;MORROPON;23;28.7;18.8;74.4;4.5;2022;51;22.2;27.7;17.9;76.8;1.8;TOTAL;22
PIURA;PAITA;23.7;28.9;20.7;75.9;0.4;2022;51;22.9;27.9;19.9;77.1;1.4;TOTAL;7
PIURA;PIURA;25.2;32.2;20.6;67.5;1.1;2022;51;24.1;30.7;19.6;70.9;1;TOTAL;8
PIURA;SECHURA;23.6;28.8;20.3;76;0.4;2022;51;22.8;27.9;19.7;77.3;0.7;;
PIURA;SULLANA;25.1;32.2;20.6;66.8;1.3;2022;51;24.2;30.9;19.8;70.1;0.9;TOTAL;4
PIURA;TALARA;23.7;29.5;20.5;73.4;0.5;2022;51;23.2;28.8;19.9;74.5;0.9;;
PIURA;AYABACA;17.8;22.1;14.8;84.6;28.6;2022;52;18.2;22.9;15;84.1;6.5;;
PIURA;HUANCABAMBA;15.5;19.3;12.4;89.3;19.7;2022;52;16;20.6;12.6;85.7;7.9;;
PIURA;MORROPON;22.7;27.9;18.7;73.9;15.2;2022;52;22.5;27.8;18.4;77.2;3.6;TOTAL;10
PIURA;PAITA;23.6;28.6;20.6;73.5;5;2022;52;23.4;28.4;20.4;77.2;1.6;TOTAL;4
PIURA;PIURA;25;31.5;20.7;66.4;9.4;2022;52;24.6;31;20.2;71.1;2;TOTAL;12
PIURA;SECHURA;23.4;28.2;20.3;74.8;6.7;2022;52;23.3;28.3;20.2;77.5;1.3;;
PIURA;SULLANA;25;31.4;20.9;65.7;6.8;2022;52;24.5;30.9;20.4;70.9;1.8;TOTAL;4
PIURA;TALARA;24;29.5;21;70.1;6.9;2022;52;23.5;29;20.4;75.1;1.4;;
PIURA;AYABACA;18.1;23.4;14;75.8;4.2;2023;1;18.3;22.8;15.2;84.5;5.8;;
PIURA;HUANCABAMBA;15.6;20.5;11.4;80.4;6.5;2023;1;16.1;20.5;12.8;85.9;5.7;;
PIURA;MORROPON;22.5;28.9;17.5;71;1.4;2023;1;22.7;28;18.8;77.5;3.3;TOTAL;37
PIURA;PAITA;22.8;27.9;19.6;74.3;1.3;2023;1;23.8;28.7;20.9;76.9;1.5;TOTAL;14
PIURA;PIURA;24.4;31.6;19.4;66.5;0.5;2023;1;25;31.3;20.8;70.8;2.1;TOTAL;108
PIURA;SECHURA;22.5;27.9;19.2;76.3;0.9;2023;1;23.7;28.7;20.7;77.2;1.1;;
PIURA;SULLANA;24.8;32.1;20;63.5;0.2;2023;1;24.8;31;20.8;71.1;1.9;TOTAL;7
PIURA;TALARA;23.6;29.4;20;69.3;1.5;2023;1;23.9;29.2;20.9;75.1;1.4;TOTAL;4
PIURA;AYABACA;18;22.7;14.8;80.6;47.3;2023;2;18.2;22.7;15.1;84.6;7;;
PIURA;HUANCABAMBA;15.6;19.7;12.7;85.8;36.7;2023;2;16;20.5;12.8;85.9;6.2;;
PIURA;MORROPON;23.4;29.1;19.2;66.7;26.5;2023;2;22.9;28.1;18.9;77.2;3.8;TOTAL;24
PIURA;PAITA;23.2;28.7;20.2;70.7;4.1;2023;2;24.1;29;21.2;76.8;1.3;TOTAL;28
PIURA;PIURA;25.2;32.3;20.7;61.1;8.7;2023;2;25.2;31.6;21;70.6;2.2;TOTAL;56
PIURA;SECHURA;23.1;28.8;19.7;71.5;3.1;2023;2;24;29;21;77.2;1.4;;
PIURA;SULLANA;25.2;32.4;21;61.1;5.9;2023;2;24.9;30.9;21;71.6;2.2;TOTAL;4
PIURA;TALARA;23.9;29.6;20.7;66.2;4.4;2023;2;24.1;29.2;21.1;75.1;1.1;;
PIURA;AYABACA;18;22.8;14.9;81.8;47.1;2023;3;18.1;22.6;15.1;85.3;8.5;;
PIURA;HUANCABAMBA;15.4;19.5;12.8;89.3;37.4;2023;3;16;20.4;12.7;86.5;6.7;TOTAL;1
PIURA;MORROPON;23.4;29.1;19.2;69.9;21.1;2023;3;23;28.2;19.1;76.9;4.8;TOTAL;48
PIURA;PAITA;23.9;29.5;20.4;69.2;7.8;2023;3;24.4;29.2;21.6;76.5;2.7;TOTAL;40
PIURA;PIURA;25.4;32.2;20.5;62.7;10.5;2023;3;25.5;31.7;21.4;70;3.5;TOTAL;78
PIURA;SECHURA;23.5;28.9;19.9;72.1;8.8;2023;3;24.4;29.3;21.3;76.4;2;TOTAL;3
PIURA;SULLANA;25.6;32.5;21;60.1;7;2023;3;25.1;30.9;21.3;71.7;3.8;TOTAL;4
PIURA;TALARA;24.7;30.6;21;63.2;4.1;2023;3;24.3;29.3;21.4;75;2.4;TOTAL;1
PIURA;AYABACA;18.6;23.4;15.3;81.8;10.9;2023;4;18.3;22.7;15.3;85.4;7.7;;
PIURA;HUANCABAMBA;16.1;20.7;12.9;86;4.8;2023;4;16.1;20.5;13;86.5;6.1;;
PIURA;MORROPON;24;29.8;19.8;72;8.7;2023;4;23.2;28.3;19.4;77.1;5.2;TOTAL;80
PIURA;PAITA;25;30.4;21.9;69;1.1;2023;4;24.8;29.6;21.9;75.6;1.3;TOTAL;45
PIURA;PIURA;26.3;33.2;21.7;63.6;3.8;2023;4;25.8;32;21.7;69.5;2.3;TOTAL;70
PIURA;SECHURA;24.7;30.2;21.1;71;2.1;2023;4;24.8;29.7;21.7;75.3;1.2;TOTAL;1
PIURA;SULLANA;26;32.7;21.8;64.1;1.6;2023;4;25.2;30.9;21.5;72.1;2.8;TOTAL;16
PIURA;TALARA;25.4;31.1;22.2;65.6;0.5;2023;4;24.6;29.4;21.7;75.1;1.1;TOTAL;1
PIURA;AYABACA;18.3;22.7;15.2;82.1;4.9;2023;5;18.2;22.4;15.5;87.9;8.3;;
PIURA;HUANCABAMBA;16.1;20.3;13.1;85.5;2.9;2023;5;16.2;20.4;13.2;88.4;6.5;;
PIURA;MORROPON;24.8;30.4;20.6;67;4.8;2023;5;23.2;27.8;19.8;80;7.1;TOTAL;72
PIURA;PAITA;26;30.8;22.9;68.7;1.2;2023;5;25.1;29.6;22.5;76.2;3.9;TOTAL;49
PIURA;PIURA;27.3;33.9;22.9;60.2;1.8;2023;5;25.9;31.5;22.2;71.9;5.7;TOTAL;99
PIURA;SECHURA;26;31.3;22.5;67.6;0.5;2023;5;25.2;29.9;22.3;75.5;4.9;;
PIURA;SULLANA;26.5;32.5;22.4;63.4;0.8;2023;5;25.2;30.4;21.9;75;6.4;TOTAL;20
PIURA;TALARA;25.9;31;22.7;66.8;0.8;2023;5;24.8;29.1;22.1;76.8;5.2;;
PIURA;AYABACA;18.8;23.5;15.4;80.3;8;2023;6;18.1;22.1;15.6;89.1;15.9;;
PIURA;HUANCABAMBA;16.3;20.7;12.9;84.3;5.4;2023;6;16.2;20.3;13.4;88.9;10.8;;
PIURA;MORROPON;25;30.5;20.5;66.5;5.8;2023;6;23.1;27.4;19.9;82;13.1;TOTAL;113
PIURA;PAITA;26.2;31.4;22.8;68.6;2.4;2023;6;25.3;29.5;22.7;77.3;6.8;TOTAL;68
PIURA;PIURA;27.7;34.2;22.9;59;3.9;2023;6;25.8;30.9;22.4;74.3;10.7;TOTAL;104
PIURA;SECHURA;26;31.1;22.6;69.3;0.9;2023;6;25.4;29.9;22.6;76.1;4.1;TOTAL;1
PIURA;SULLANA;27.1;33.5;22.7;61.4;2.2;2023;6;25;29.8;22;77.6;13.3;TOTAL;38
PIURA;TALARA;26.1;31.5;22.7;66.4;4.2;2023;6;24.9;29;22.3;78;8.5;TOTAL;6
PIURA;AYABACA;18.6;23.2;15.8;84.9;21.1;2023;7;18.3;22.5;15.5;87.8;8.9;;
PIURA;HUANCABAMBA;16.2;20.2;13.6;90;22.9;2023;7;16.2;20.5;13.1;87.4;5.8;;
PIURA;MORROPON;24.6;29.9;20.9;72.7;20.2;2023;7;23.4;28;20;80;6.3;TOTAL;103
PIURA;PAITA;26.8;31.6;24;68.2;2.6;2023;7;25.7;30.2;22.9;75.7;1.5;TOTAL;73
PIURA;PIURA;27.9;34.3;23.8;61.8;8;2023;7;26.3;31.8;22.6;71.9;3.2;TOTAL;125
PIURA;SECHURA;26.9;32;23.7;67.8;2.7;2023;7;25.8;30.6;22.7;74.6;0.8;;
PIURA;SULLANA;26.9;33;23.1;65.8;5.9;2023;7;25.4;30.4;22.1;75.7;3.9;TOTAL;52
PIURA;TALARA;26;30.8;22.9;70.4;2;2023;7;25.2;29.5;22.5;76.6;1.8;;
PIURA;AYABACA;18.3;22.7;15.8;89.9;42.6;2023;8;18.2;22.3;15.6;89.3;16;;
PIURA;HUANCABAMBA;16.2;20.3;13.5;89.9;31.4;2023;8;16.2;20.3;13.4;89.2;10.3;;
PIURA;MORROPON;24.1;28.7;20.9;80.2;70.1;2023;8;23.3;27.6;20.1;81.5;11.5;TOTAL;96
PIURA;PAITA;25.9;29.9;23.4;78;50;2023;8;25.8;30.2;23;75.7;4.3;TOTAL;77
PIURA;PIURA;26.6;32.1;23;73.5;66;2023;8;26.1;31.4;22.6;73.3;8.2;TOTAL;164
PIURA;SECHURA;26.5;31.1;23.4;74.3;15.2;2023;8;25.9;30.5;22.9;74.7;3;TOTAL;3
PIURA;SULLANA;25.6;31;22.5;77.7;56.9;2023;8;25.3;30.3;22.1;76.5;11.9;TOTAL;58
PIURA;TALARA;25.5;29.7;22.7;78.5;68.5;2023;8;25.2;29.6;22.6;76.7;5.9;TOTAL;1
PIURA;AYABACA;18.8;23.1;15.6;86;7.3;2023;9;18.3;22.5;15.6;88.9;20.2;;
PIURA;HUANCABAMBA;16.7;21.1;13.6;86.9;8.5;2023;9;16.3;20.5;13.4;88.7;13.3;TOTAL;1
PIURA;MORROPON;24.6;29.7;20.9;74.8;7.3;2023;9;23.3;27.7;20.1;81.6;19;TOTAL;116
PIURA;PAITA;25.9;30.4;23.1;75.5;1.7;2023;9;25.7;30.1;23;76;6.5;TOTAL;73
PIURA;PIURA;27.3;33.3;23.3;66.9;3.9;2023;9;26.1;31.5;22.5;73.6;13.5;TOTAL;218
PIURA;SECHURA;26.6;32;23.4;69.7;1.4;2023;9;25.8;30.5;22.8;74.7;4.9;TOTAL;5
PIURA;SULLANA;25.8;30.9;22.4;74.3;2;2023;9;25.4;30.4;22.1;76.5;15.7;TOTAL;66
PIURA;TALARA;25.7;30.1;22.9;74.2;2.1;2023;9;25.2;29.6;22.6;76.8;9.1;TOTAL;7
PIURA;AYABACA;17.8;21.5;15.8;92.8;114.4;2023;10;18.4;22.5;15.7;88.8;18.1;;
PIURA;HUANCABAMBA;15.9;19.4;14.1;93.5;106.9;2023;10;16.3;20.5;13.4;88.6;13.3;;
PIURA;MORROPON;22.9;27;20.6;87.3;156.5;2023;10;23.4;27.7;20.2;81.8;18.5;TOTAL;92
PIURA;PAITA;25.3;29.2;23.3;82.3;94.4;2023;10;25.8;30.3;23.1;75.6;9.1;TOTAL;64
PIURA;PIURA;25.2;30;22.6;83;130.3;2023;10;26.2;31.5;22.7;73.5;14.5;TOTAL;213
PIURA;SECHURA;25.1;28.6;23.1;84.6;81.9;2023;10;26;30.8;22.9;74.1;7.4;TOTAL;8
PIURA;SULLANA;24.4;29;22;84.1;123.7;2023;10;25.4;30.4;22.3;76.9;16.1;TOTAL;93
PIURA;TALARA;24.6;28.1;22.7;83.3;116.7;2023;10;25.4;29.8;22.7;76.4;10;TOTAL;2
PIURA;AYABACA;17.9;22.3;14.9;88.2;57.8;2023;11;18.3;22.5;15.6;89;17.5;;
PIURA;HUANCABAMBA;15.8;20.2;12.1;86.9;102.3;2023;11;16.3;20.5;13.3;88.4;12.8;;
PIURA;MORROPON;23;27.2;19.7;86.1;127.9;2023;11;23.4;27.8;20.2;81.8;16.4;TOTAL;120
PIURA;PAITA;25.7;28.9;23.3;85.7;15.6;2023;11;25.8;30.3;23;75.5;5.7;TOTAL;116
PIURA;PIURA;25.5;29.7;22.6;84.5;55.6;2023;11;26.3;31.6;22.7;73.1;10.2;TOTAL;406
PIURA;SECHURA;25.4;28.9;23;87.2;33.5;2023;11;25.8;30.6;22.9;74.8;6;TOTAL;27
PIURA;SULLANA;25;29.3;22.2;83.8;26.8;2023;11;25.4;30.4;22.2;76.7;13.6;TOTAL;111
PIURA;TALARA;25.2;28.5;22.7;84.6;12.2;2023;11;25.3;29.7;22.7;76.4;7.9;TOTAL;7
PIURA;AYABACA;18.2;22.5;15.2;88;31.6;2023;12;18.3;22.4;15.7;90;25.4;;
PIURA;HUANCABAMBA;16.1;20.5;12.2;85.7;15.9;2023;12;16.2;20.3;13.4;89.6;18.1;TOTAL;1
PIURA;MORROPON;23.3;27.4;20.2;85.9;53.5;2023;12;23.2;27.5;20.1;82.9;28.8;TOTAL;248
PIURA;PAITA;26.3;29.8;23.9;81.9;8.3;2023;12;25.5;30;22.9;76.5;10.5;TOTAL;127
PIURA;PIURA;26;30.4;23.1;81.7;20;2023;12;26;31.2;22.5;74.7;22;TOTAL;656
PIURA;SECHURA;26.7;31;23.9;78.7;7.9;2023;12;25.5;30.1;22.6;76.4;7.8;TOTAL;43
PIURA;SULLANA;25.2;29.4;22.5;83.6;18.2;2023;12;25.3;30.3;22.2;77.7;24.2;TOTAL;158
PIURA;TALARA;25.7;29.2;23.3;82.1;3.7;2023;12;25.2;29.6;22.5;77.1;11.8;TOTAL;13
PIURA;AYABACA;18.1;22.2;15.5;90.7;30.7;2023;13;18.3;22.6;15.5;89.1;18.1;;
PIURA;HUANCABAMBA;16.1;20.1;13.4;90.1;18.5;2023;13;16.3;20.5;13.2;88.7;13.8;TOTAL;1
PIURA;MORROPON;22.8;26.4;20.3;89.5;73.1;2023;13;23.2;27.6;19.9;82.5;17.9;TOTAL;340
PIURA;PAITA;26.4;29.7;24.1;81.9;42.9;2023;13;25.3;29.9;22.5;76.2;9.1;TOTAL;92
PIURA;PIURA;25.5;29.4;22.9;84.6;70.7;2023;13;25.8;31.3;22.2;74.4;14.1;TOTAL;707
PIURA;SECHURA;26.3;29.5;24.1;81.3;39.1;2023;13;25.1;29.8;22.2;76.6;7.9;TOTAL;27
PIURA;SULLANA;25.1;29.4;22.5;83.9;55;2023;13;25.3;30.5;22;76.7;15.8;TOTAL;256
PIURA;TALARA;25.7;29.4;23.4;81.7;27;2023;13;25;29.6;22.3;76.5;11.7;TOTAL;5
PIURA;AYABACA;18;21.7;15.7;92.4;82.4;2023;14;18.4;22.6;15.5;88.6;19;TOTAL;14
PIURA;HUANCABAMBA;16;19.9;13.6;91.3;63.5;2023;14;16.3;20.6;13.2;88.2;15.3;TOTAL;1
PIURA;MORROPON;22.8;26.2;20.5;91.1;170.6;2023;14;23.1;27.6;19.6;82.2;15.1;TOTAL;401
PIURA;PAITA;25.8;28.4;23.9;88.4;101;2023;14;24.8;29.6;22;76.4;5.6;TOTAL;92
PIURA;PIURA;25.1;28.6;22.9;89.1;171.5;2023;14;25.5;31.1;21.7;74.8;9.9;TOTAL;553
PIURA;SECHURA;26;28.8;24;87;127.7;2023;14;24.3;29;21.5;78.6;3.6;TOTAL;26
PIURA;SULLANA;24.5;27.9;22.4;89.5;105.8;2023;14;25.1;30.4;21.7;76.6;14.8;TOTAL;255
PIURA;TALARA;24.9;27.5;23.2;89.4;100.6;2023;14;24.8;29.6;22;76;8.1;TOTAL;14
PIURA;AYABACA;18.4;22.6;15.7;89.6;28.2;2023;15;18.3;22.5;15.5;88.4;14.1;TOTAL;14
PIURA;HUANCABAMBA;16.2;20.5;13;88.6;12.8;2023;15;16.3;20.5;13.2;88.3;11;TOTAL;1
PIURA;MORROPON;23;26.6;20.4;89.5;43.8;2023;15;23;27.6;19.5;81.2;10.3;TOTAL;522
PIURA;PAITA;26.2;28.9;24.3;85.9;71.8;2023;15;24.6;29.4;21.7;75.8;3.7;TOTAL;124
PIURA;PIURA;25.6;29.1;23.3;86.6;42.7;2023;15;25.4;31.1;21.6;73.4;7;TOTAL;935
PIURA;SECHURA;26.2;29;24.3;85.7;11.8;2023;15;24.1;29;21.2;77.7;3.2;TOTAL;41
PIURA;SULLANA;25;28.8;22.9;87.6;103.3;2023;15;25.1;30.4;21.6;75.3;9.7;TOTAL;335
PIURA;TALARA;25.3;28.2;23.6;88.2;86.9;2023;15;24.8;29.6;21.8;74.7;4.3;TOTAL;22
PIURA;AYABACA;18.1;21.7;16;92.8;110.9;2023;16;18.4;22.7;15.2;87.1;7.3;TOTAL;23
PIURA;HUANCABAMBA;16.1;19.7;13.5;91.9;67.5;2023;16;16.2;20.6;12.9;87.3;6.5;TOTAL;2
PIURA;MORROPON;22.9;26.2;20.6;90.4;93.1;2023;16;22.9;27.7;19.1;80;3.5;TOTAL;457
PIURA;PAITA;25.7;28.7;23.8;86.4;57.1;2023;16;24.2;29.3;21.2;75.5;1.2;TOTAL;137
PIURA;PIURA;25.3;29;23;86.4;78.2;2023;16;25.2;31.2;21.1;72.3;2;TOTAL;1035
PIURA;SECHURA;25.7;29.2;23.4;83.2;22.4;2023;16;23.6;28.6;20.7;77.9;1.2;TOTAL;25
PIURA;SULLANA;24.7;28.6;22.5;87.1;119.1;2023;16;25;30.6;21.2;73.9;2.4;TOTAL;417
PIURA;TALARA;25.1;28.3;23.1;86.9;74.2;2023;16;24.6;29.7;21.5;73.9;1.3;TOTAL;16
PIURA;AYABACA;18.1;22.1;15.4;90.8;42.1;2023;17;18.3;22.6;15.2;87.1;7.9;TOTAL;24
PIURA;HUANCABAMBA;16;20.2;13;90.2;25.2;2023;17;16.2;20.5;12.9;87.4;6.8;TOTAL;7
PIURA;MORROPON;22.8;26.5;19.9;89;71.3;2023;17;22.7;27.5;18.9;79.8;4.6;TOTAL;343
PIURA;PAITA;25.2;28.3;22.9;85.8;39.2;2023;17;24;28.9;21;75.5;1.4;TOTAL;122
PIURA;PIURA;25.1;29.1;22.2;85.1;80.5;2023;17;24.9;30.8;20.8;72.3;2;TOTAL;1192
PIURA;SECHURA;25.4;29.3;22.9;81.7;48.4;2023;17;23.3;28.2;20.4;78.1;1.4;TOTAL;23
PIURA;SULLANA;24.7;28.8;22;85.6;105.7;2023;17;24.9;30.4;21.1;73.7;2.6;TOTAL;465
PIURA;TALARA;24.9;28.3;22.5;86;82.9;2023;17;24.4;29.5;21.3;73.8;1.4;TOTAL;16
PIURA;AYABACA;18.8;23.1;15.8;87;2.5;2023;18;18.4;22.8;15.1;85.9;4.7;TOTAL;27
PIURA;HUANCABAMBA;16.6;21.3;13.1;85.9;2.7;2023;18;16.2;20.7;12.8;86.5;4.7;TOTAL;11
PIURA;MORROPON;23.2;27.3;19.9;84.6;5.5;2023;18;22.6;27.6;18.7;79.1;2.1;TOTAL;445
PIURA;PAITA;25.2;28.9;22.7;82.7;6.7;2023;18;23.8;28.9;20.7;75.6;1.2;TOTAL;220
PIURA;PIURA;25.5;30.1;22.2;79.6;8.8;2023;18;24.7;30.9;20.5;72;1.3;TOTAL;1869
PIURA;SECHURA;25.9;30.5;22.9;76.3;1;2023;18;23.1;28;20.2;78.1;1.2;TOTAL;66
PIURA;SULLANA;25.1;29.5;21.9;81.7;22.4;2023;18;24.8;30.6;20.8;72.8;1.4;TOTAL;984
PIURA;TALARA;25.4;29.6;22.6;80.2;16.9;2023;18;24.2;29.6;21;73.6;1.3;TOTAL;33
PIURA;AYABACA;19.2;23.7;16.3;86.2;2.5;2023;19;18.5;23.1;15.1;84.6;6.4;TOTAL;42
PIURA;HUANCABAMBA;16.9;21.5;13.6;84.8;1.4;2023;19;16.3;20.9;12.7;85.4;7.3;TOTAL;14
PIURA;MORROPON;23.5;27.7;20.1;82.9;2.4;2023;19;22.5;27.7;18.4;78.4;3.9;TOTAL;477
PIURA;PAITA;25.7;30;22.7;77.8;0.5;2023;19;23.4;28.5;20.4;76;2.1;TOTAL;325
PIURA;PIURA;25.9;30.8;22.2;76.4;0.8;2023;19;24.4;30.7;20.1;71.7;2.8;TOTAL;2815
PIURA;SECHURA;25.7;30.4;22.6;76.7;0.6;2023;19;22.8;27.7;19.9;78.1;2;TOTAL;73
PIURA;SULLANA;25.5;29.8;22.1;79.3;0.3;2023;19;24.7;30.7;20.5;72.1;3;TOTAL;1135
PIURA;TALARA;25.8;30.1;22.8;76.9;0.1;2023;19;24;29.4;20.8;73.7;2.5;TOTAL;147
PIURA;AYABACA;19.1;23.8;15.7;85.1;4.6;2023;20;18.4;23.1;14.9;84;4.2;TOTAL;51
PIURA;HUANCABAMBA;17;22.1;12.9;83.8;5.6;2023;20;16.1;20.8;12.5;84.7;3.9;TOTAL;22
PIURA;MORROPON;23.2;27.9;19.3;80.8;4.4;2023;20;22.1;27.3;18;78.3;2.1;TOTAL;405
PIURA;PAITA;25.5;29.8;22.8;76.9;0.9;2023;20;23.1;28.1;20;76.1;1.5;TOTAL;600
PIURA;PIURA;25.6;30.7;22;74.6;2.3;2023;20;24;30.3;19.7;71.8;1;TOTAL;4679
PIURA;SECHURA;25.5;29.9;22.6;76;0.6;2023;20;22.4;27.2;19.6;78.3;1;TOTAL;151
PIURA;SULLANA;25;29.7;21.6;77.8;1.7;2023;20;24.3;30.4;20.1;71.8;1.2;TOTAL;1837
PIURA;TALARA;25.1;29.7;22.4;77.6;0.7;2023;20;23.6;29.1;20.4;73.8;1.1;TOTAL;339
PIURA;AYABACA;18.5;22.4;16.1;90.7;20.4;2023;21;18.1;22.7;14.7;84.4;4.3;TOTAL;35
PIURA;HUANCABAMBA;16.6;20.6;13.9;89.6;2.6;2023;21;15.9;20.5;12.4;85.4;4.7;TOTAL;11
PIURA;MORROPON;23;27.1;19.8;81.5;6.9;2023;21;21.7;26.9;17.6;78.1;2.4;TOTAL;397
PIURA;PAITA;25.4;29.6;22.6;76.7;0.9;2023;21;22.6;27.6;19.6;76.5;1.5;TOTAL;608
PIURA;PIURA;25.4;30.1;22;74.9;3.9;2023;21;23.5;29.7;19.2;71.8;1.5;TOTAL;4147
PIURA;SECHURA;25.3;29.6;22.7;76.2;0.6;2023;21;22;26.7;19.2;78.7;1.5;TOTAL;161
PIURA;SULLANA;24.7;29.1;21.5;78.7;4.1;2023;21;23.9;30;19.6;71.5;1.9;TOTAL;1616
PIURA;TALARA;24.9;29.4;22.3;77.8;1.5;2023;21;23.2;28.7;19.9;73.9;2.1;TOTAL;311
PIURA;AYABACA;18.2;22.4;15.4;86.8;5.2;2023;22;18;22.9;14.5;82.6;3.2;TOTAL;53
PIURA;HUANCABAMBA;16.3;20.8;13.1;85;5.9;2023;22;15.8;20.6;12;84;3.9;TOTAL;8
PIURA;MORROPON;22.9;27.2;19.5;80.4;3.3;2023;22;21.5;26.8;17.3;77.5;1.4;TOTAL;438
PIURA;PAITA;25;29.4;22.4;77.2;1.7;2023;22;22.2;27.2;19.2;76.8;1;TOTAL;540
PIURA;PIURA;25.2;29.9;21.7;74.9;1.9;2023;22;23.2;29.5;18.8;71.7;1;TOTAL;3787
PIURA;SECHURA;24.9;28.9;22.4;77.6;1.5;2023;22;21.6;26.3;18.8;78.7;0.8;TOTAL;221
PIURA;SULLANA;24.8;29.2;21.3;77.3;1.5;2023;22;23.6;29.9;19.2;71.1;0.8;TOTAL;1875
PIURA;TALARA;24.8;29.5;22;77.3;1.4;2023;22;22.8;28.4;19.5;74;0.7;TOTAL;495
PIURA;AYABACA;18.2;22.8;14.6;84.3;1.2;2023;23;18.1;23.1;14.3;81.3;2.4;TOTAL;40
PIURA;HUANCABAMBA;16.1;21;12.3;83.2;2;2023;23;15.7;20.8;11.8;83;3.4;TOTAL;10
PIURA;MORROPON;22.7;27.6;18.7;78.4;1.4;2023;23;21.3;26.8;17;77.1;1.1;TOTAL;398
PIURA;PAITA;24.9;29.3;22.1;76.2;0.2;2023;23;22;26.9;19;77.2;0.7;TOTAL;405
PIURA;PIURA;25.2;30.5;21.2;72.8;0.5;2023;23;23;29.3;18.6;71.9;0.6;TOTAL;2988
PIURA;SECHURA;24.7;29.1;21.9;76.8;0.2;2023;23;21.4;26.1;18.7;79;0.8;TOTAL;175
PIURA;SULLANA;24.7;29.5;21;75.2;0.1;2023;23;23.4;29.8;19;70.9;0.5;TOTAL;1355
PIURA;TALARA;24.6;29.3;21.8;76.3;0;2023;23;22.6;28.2;19.3;74.3;0.5;TOTAL;433
PIURA;AYABACA;18.7;23.7;15.2;80.6;1.5;2023;24;18;23.2;14;79.6;2.6;TOTAL;83
PIURA;HUANCABAMBA;16.3;21.7;12.5;79.9;1.5;2023;24;15.6;20.9;11.4;81.5;3.1;TOTAL;6
PIURA;MORROPON;22.7;27.8;18.5;76;0.8;2023;24;20.9;26.4;16.5;76.9;1.4;TOTAL;302
PIURA;PAITA;24.6;29.1;21.3;75.1;0;2023;24;21.5;26.4;18.5;77.7;0.5;TOTAL;317
PIURA;PIURA;24.8;30.4;20.4;71.8;0.5;2023;24;22.5;28.9;18.1;72;0.9;TOTAL;2339
PIURA;SECHURA;24.1;28.6;21.1;76.5;0.4;2023;24;21;25.6;18.3;79.1;0.7;TOTAL;194
PIURA;SULLANA;24.6;30.1;20.2;72.9;0.2;2023;24;23;29.4;18.5;71;0.9;TOTAL;1107
PIURA;TALARA;24.6;29.6;21.2;74;0;2023;24;22.1;27.8;18.8;74.8;0.8;TOTAL;541
PIURA;AYABACA;18.2;24.2;13.5;75.4;0.4;2023;25;17.9;23.1;14.1;79.5;1.6;TOTAL;62
PIURA;HUANCABAMBA;15.7;22.1;10.5;73.9;0.1;2023;25;15.5;20.8;11.5;81.1;2.2;TOTAL;5
PIURA;MORROPON;22;27.7;17.2;75.5;0.2;2023;25;20.7;26;16.5;77.5;1.2;TOTAL;271
PIURA;PAITA;23.7;28.4;20.4;76.7;0.4;2023;25;21.3;26;18.4;78;0.7;TOTAL;307
PIURA;PIURA;24.1;30.1;19.8;72.6;0.1;2023;25;22.2;28.3;18;72.8;0.6;TOTAL;1835
PIURA;SECHURA;23.5;28.1;20.7;77.2;0.2;2023;25;20.8;25.2;18.2;79.5;0.7;TOTAL;161
PIURA;SULLANA;24.1;30.1;19.4;72.4;0;2023;25;22.8;29.1;18.3;71.2;0.5;TOTAL;719
PIURA;TALARA;23.8;29.1;20.2;74.4;0.2;2023;25;22;27.6;18.7;74.8;0.7;TOTAL;437
PIURA;AYABACA;18.7;24.4;14.4;76.5;1.2;2023;26;17.8;23.2;13.9;78.5;1.6;TOTAL;41
PIURA;HUANCABAMBA;16.3;22.5;11.6;76.9;0.9;2023;26;15.4;20.9;11.2;80.3;1.9;TOTAL;6
PIURA;MORROPON;22.2;27.9;17.6;75.6;0.7;2023;26;20.5;25.9;16.2;77.5;0.8;TOTAL;145
PIURA;PAITA;23.6;28.1;20.4;76.4;0.5;2023;26;21.1;25.9;18.1;78.1;0.4;TOTAL;293
PIURA;PIURA;24.2;30.1;19.8;72;0.4;2023;26;22;28.2;17.7;72.8;0.5;TOTAL;1186
PIURA;SECHURA;23.4;27.9;20.5;77.3;0.3;2023;26;20.6;25.1;17.9;79.6;0.6;TOTAL;102
PIURA;SULLANA;24.2;30;19.7;71.9;0.1;2023;26;22.6;29;18.1;71.2;0.5;TOTAL;387
PIURA;TALARA;23.9;29;20.4;73.7;0.1;2023;26;21.7;27.3;18.4;75;0.5;TOTAL;537
PIURA;AYABACA;18.4;23.7;14.5;80.3;4.8;2023;27;17.8;23.4;13.6;77.3;1.4;TOTAL;19
PIURA;HUANCABAMBA;16.2;21.8;11.6;79.4;5.2;2023;27;15.3;21;10.9;79.2;1.7;TOTAL;6
PIURA;MORROPON;22.2;27.5;17.6;76.3;3.8;2023;27;20.2;25.8;15.9;77.3;0.8;TOTAL;140
PIURA;PAITA;23.6;28;20.6;76.6;0.5;2023;27;20.8;25.6;17.9;78.3;0.4;TOTAL;259
PIURA;PIURA;24.2;29.8;20;72.5;2.5;2023;27;21.8;28;17.5;72.9;0.3;TOTAL;1072
PIURA;SECHURA;23.3;27.9;20.3;78.2;1;2023;27;20.3;24.8;17.7;79.7;0.4;TOTAL;71
PIURA;SULLANA;24.1;29.3;20.1;73.1;1.4;2023;27;22.3;28.9;17.8;71.3;0.3;TOTAL;234
PIURA;TALARA;23.9;28.6;20.7;74.1;0.9;2023;27;21.5;27.1;18.1;75.1;0.4;TOTAL;458
PIURA;AYABACA;18.7;24.3;14.6;78.1;5.5;2023;28;17.8;23.4;13.6;76.8;1.9;TOTAL;12
PIURA;HUANCABAMBA;16.2;22.3;11.3;77.2;6.5;2023;28;15.3;21.1;10.9;78.6;2;TOTAL;3
PIURA;MORROPON;22.2;27.9;17.8;77;4.4;2023;28;20.1;25.7;15.7;77;1.1;TOTAL;119
PIURA;PAITA;23.7;28.4;20.8;77.7;1.1;2023;28;20.5;25.3;17.5;78.3;1.2;TOTAL;236
PIURA;PIURA;24.1;30.1;20.1;74.3;1.4;2023;28;21.5;27.8;17.2;72.7;1.1;TOTAL;983
PIURA;SECHURA;23.2;27.5;20.6;80.3;1.7;2023;28;20;24.5;17.4;79.5;0.9;TOTAL;68
PIURA;SULLANA;24.3;30.5;20.1;73;1.5;2023;28;22.1;28.8;17.5;70.8;1;TOTAL;192
PIURA;TALARA;24.1;29.7;20.8;74.5;0.9;2023;28;21.2;26.9;17.8;75;0.8;TOTAL;302
PIURA;AYABACA;19.3;25.3;15;73.1;1.8;2023;29;17.8;23.6;13.5;75.5;1;TOTAL;8
PIURA;HUANCABAMBA;16.7;23;12;73.3;3.1;2023;29;15.3;21.2;10.7;77.5;1.5;TOTAL;5
PIURA;MORROPON;22.2;28;17.5;75.5;0.8;2023;29;19.9;25.6;15.5;76.8;0.5;TOTAL;89
PIURA;PAITA;23.6;28.5;20.3;76.2;0.1;2023;29;20.3;25.1;17.3;78.4;0.4;TOTAL;225
PIURA;PIURA;24.1;30.4;19.5;72.1;0.1;2023;29;21.3;27.7;17;72.8;0.3;TOTAL;864
PIURA;SECHURA;23.2;27.8;20.2;77.9;0.4;2023;29;19.8;24.4;17.2;79.5;0.5;TOTAL;73
PIURA;SULLANA;24.3;31;19.5;70.6;0.1;2023;29;22;28.7;17.3;70.7;0.2;TOTAL;187
PIURA;TALARA;24;29.8;20.4;73.1;0.3;2023;29;21.1;26.8;17.6;75;0.2;TOTAL;316
PIURA;AYABACA;19.1;25.3;14.2;73.6;1.1;2023;30;18;23.9;13.6;74.8;1;TOTAL;2
PIURA;HUANCABAMBA;16.5;22.9;11.2;74.4;1.5;2023;30;15.4;21.4;10.9;76.8;2;TOTAL;4
PIURA;MORROPON;22.1;28.1;17.1;75.1;0.5;2023;30;20;25.7;15.6;76.9;0.6;TOTAL;52
PIURA;PAITA;23.7;28.5;20.4;76.1;0.7;2023;30;20.3;25.1;17.3;78.5;0.2;TOTAL;236
PIURA;PIURA;24.2;30.5;19.6;71.4;0.3;2023;30;21.3;27.7;17;73;0.2;TOTAL;660
PIURA;SECHURA;23.4;28.1;20.3;77.1;0.5;2023;30;19.8;24.3;17.2;79.6;0.2;TOTAL;43
PIURA;SULLANA;24.4;30.9;19.6;70.3;0;2023;30;22;28.7;17.3;70.8;0.2;TOTAL;138
PIURA;TALARA;23.8;29.3;20.2;73.9;0.3;2023;30;21;26.8;17.6;75.1;0.2;TOTAL;228
PIURA;AYABACA;19.5;26.2;14.2;68.1;0.4;2023;31;17.9;24.1;13.2;73.8;1;TOTAL;3
PIURA;HUANCABAMBA;16.7;23.1;11.2;69.6;1;2023;31;15.4;21.6;10.5;75.6;1.2;TOTAL;1
PIURA;MORROPON;22.5;28.6;17.3;73;0.3;2023;31;19.7;25.5;15.2;76.6;0.8;TOTAL;65
PIURA;PAITA;23.5;28.3;20.2;76.6;0.2;2023;31;20;24.8;17.1;78.5;0.2;TOTAL;211
PIURA;PIURA;24.4;30.8;19.6;70.9;0.1;2023;31;21.1;27.5;16.7;72.9;0.3;TOTAL;580
PIURA;SECHURA;23.5;28.2;20.2;75.9;0.4;2023;31;19.6;24.1;16.9;79.4;0.4;TOTAL;47
PIURA;SULLANA;24.5;31.4;19.6;69.9;0;2023;31;21.7;28.6;17;70.8;0.1;TOTAL;120
PIURA;TALARA;23.7;29.3;20;74.5;0.1;2023;31;20.8;26.6;17.3;75.1;0.1;TOTAL;132
PIURA;AYABACA;19.5;26.2;14.3;69.5;0.4;2023;32;18;24.3;13.3;72.9;1;TOTAL;3
PIURA;HUANCABAMBA;16.7;23.3;11.2;72.5;0.7;2023;32;15.5;21.7;10.7;75.1;1.3;TOTAL;1
PIURA;MORROPON;22.5;28.6;17.4;73.1;0.2;2023;32;19.8;25.8;15.2;76;0.6;TOTAL;56
PIURA;PAITA;23.5;28.4;20.3;76.4;0.2;2023;32;20;24.9;17;78;0.2;TOTAL;214
PIURA;PIURA;24.4;30.8;19.7;70.3;0.1;2023;32;21.1;27.8;16.6;72.2;0.2;TOTAL;393
PIURA;SECHURA;23.5;28.1;20.5;75.3;0.3;2023;32;19.6;24.3;16.9;78.8;0.1;TOTAL;31
PIURA;SULLANA;24.5;31.3;19.6;69.7;0;2023;32;21.8;28.9;17;70;0.1;TOTAL;125
PIURA;TALARA;23.6;29.4;20.1;74.1;0.3;2023;32;20.8;26.7;17.3;74.7;0.1;TOTAL;116
PIURA;AYABACA;18.9;24.4;14.5;76;3.6;2023;33;18.1;24.4;13.3;73.2;0.9;TOTAL;2
PIURA;HUANCABAMBA;16.6;22.4;11.8;75.8;0.9;2023;33;15.6;21.8;10.7;75.4;1.6;TOTAL;1
PIURA;MORROPON;22.3;28;17.5;74.4;1.6;2023;33;20;25.9;15.2;76;0.7;TOTAL;58
PIURA;PAITA;23.4;28.3;20.3;75.9;0.7;2023;33;20;25;17;78.2;0.2;TOTAL;177
PIURA;PIURA;24.3;30.4;19.7;70.2;1.3;2023;33;21.2;27.9;16.7;72.2;0.2;TOTAL;434
PIURA;SECHURA;23.2;27.9;20.1;75.9;0.4;2023;33;19.6;24.4;16.9;78.8;0.2;TOTAL;30
PIURA;SULLANA;24.4;30.8;19.9;69.8;1.4;2023;33;21.9;28.9;17.1;70.2;0.2;TOTAL;84
PIURA;TALARA;23.7;29.4;20.3;73.6;0.3;2023;33;20.8;26.7;17.3;75;0.1;TOTAL;95
PIURA;AYABACA;19.1;24.9;14.4;74.5;1.9;2023;34;18.1;24.4;13.3;73;0.8;;
PIURA;HUANCABAMBA;17.1;23.1;12.1;73.3;4.5;2023;34;15.7;21.9;10.8;75.2;1.3;TOTAL;1
PIURA;MORROPON;22.9;28.9;17.7;72.9;1.7;2023;34;20;25.9;15.3;75.9;0.8;TOTAL;39
PIURA;PAITA;23.3;28.5;20.1;76.9;0.9;2023;34;19.9;25;16.9;78.1;0.2;TOTAL;125
PIURA;PIURA;24.4;31.2;19.7;70.1;1.2;2023;34;21.2;27.9;16.7;72;0.4;TOTAL;339
PIURA;SECHURA;23.1;28.2;19.8;77.3;0.6;2023;34;19.5;24.4;16.8;78.8;0.4;TOTAL;31
PIURA;SULLANA;24.6;31.5;19.9;69.1;0.8;2023;34;21.9;29;17.1;70;0.2;TOTAL;105
PIURA;TALARA;23.6;29.4;20.1;74.3;0.6;2023;34;20.7;26.7;17.2;74.8;0.1;TOTAL;111
PIURA;AYABACA;19.9;26.6;14.6;69.1;0.7;2023;35;18.2;24.4;13.6;73.8;0.9;;
PIURA;HUANCABAMBA;17.3;24.1;11.6;70;1.5;2023;35;15.8;21.9;11.1;75.8;2;TOTAL;1
PIURA;MORROPON;22.6;28.9;17.3;72.6;0.2;2023;35;20;26;15.4;76;1.1;TOTAL;31
PIURA;PAITA;22.8;27.8;19.8;77.5;0.1;2023;35;20;25.1;16.9;78;0.2;TOTAL;125
PIURA;PIURA;24.1;30.7;19.4;70.7;0;2023;35;21.3;28;16.7;71.8;0.3;TOTAL;237
PIURA;SECHURA;22.6;27.4;19.6;78.5;0.1;2023;35;19.6;24.5;16.8;78.5;0.4;TOTAL;19
PIURA;SULLANA;24.4;31.5;19.6;69;0.1;2023;35;21.9;29.1;17.1;69.9;0.1;TOTAL;80
PIURA;TALARA;23.3;29;19.8;74.3;0.1;2023;35;20.7;26.7;17.2;74.8;0.1;TOTAL;102
PIURA;AYABACA;19.4;25.6;14.4;69.9;0.9;2023;36;18.2;24.3;13.6;74.5;2.2;;
PIURA;HUANCABAMBA;17.1;23.5;11.8;69.2;0.8;2023;36;15.9;21.8;11.1;76.4;3.8;;
PIURA;MORROPON;22.1;28.2;17.2;72.9;0.4;2023;36;20.2;26.2;15.5;75.8;1.6;TOTAL;44
PIURA;PAITA;22.7;27.5;19.5;77.1;0.1;2023;36;20.1;25.2;17;77.8;0.4;TOTAL;126
PIURA;PIURA;23.7;30.2;19.1;70.6;0.2;2023;36;21.5;28.3;16.9;71.4;0.5;TOTAL;171
PIURA;SECHURA;22.4;27.2;19.4;77.9;0.1;2023;36;19.7;24.7;16.8;78.4;0.5;TOTAL;16
PIURA;SULLANA;24;30.9;19.3;69.3;0;2023;36;22.1;29.3;17.3;69.6;0.5;TOTAL;93
PIURA;TALARA;23;28.7;19.4;74.6;0.1;2023;36;20.9;26.8;17.3;74.7;0.4;TOTAL;81
PIURA;AYABACA;19.6;25.7;14.8;70.8;0.9;2023;37;18.3;24.4;13.6;74.7;3;;
PIURA;HUANCABAMBA;17.2;23.5;12.3;71.7;1;2023;37;15.9;21.9;11.2;76.7;5;TOTAL;2
PIURA;MORROPON;22.2;28.5;17.2;72;0.4;2023;37;20.3;26.3;15.6;75.5;2.1;TOTAL;41
PIURA;PAITA;22.7;27.9;19.5;76.1;0.1;2023;37;20.1;25.3;17;77.5;0.4;TOTAL;115
PIURA;PIURA;23.8;30.8;19;69.2;0;2023;37;21.5;28.4;16.9;71.1;0.7;TOTAL;131
PIURA;SECHURA;22.4;27.4;19.1;76.7;0.2;2023;37;19.7;24.8;16.8;78.3;0.8;TOTAL;9
PIURA;SULLANA;24.1;31.4;19.4;68.6;0;2023;37;22.2;29.4;17.4;69.4;0.6;TOTAL;68
PIURA;TALARA;23.1;29.2;19.6;73.6;0.1;2023;37;20.9;26.9;17.4;74.4;0.4;TOTAL;55
PIURA;AYABACA;19.8;26.2;14.6;68.9;1;2023;38;18.3;24.2;13.8;76.2;1.7;;
PIURA;HUANCABAMBA;17.4;23.9;11.8;69.6;1.5;2023;38;16;21.8;11.5;77.8;2.7;;
PIURA;MORROPON;22.6;28.9;17.4;71.2;0.4;2023;38;20.5;26.4;15.8;75.7;1.4;TOTAL;32
PIURA;PAITA;22.8;27.8;19.8;76.6;0.2;2023;38;20.3;25.6;17.2;77.2;0.9;TOTAL;59
PIURA;PIURA;24.1;30.8;19.3;69.5;0.2;2023;38;21.7;28.7;17.1;71;0.6;TOTAL;113
PIURA;SECHURA;22.5;27.4;19.5;77.1;0.2;2023;38;19.8;24.9;16.9;78.3;0.6;TOTAL;9
PIURA;SULLANA;24.4;31.6;19.6;68.4;0;2023;38;22.4;29.6;17.6;69.2;0.8;TOTAL;48
PIURA;TALARA;23.2;29.3;19.8;73.7;0.3;2023;38;21.1;27.2;17.6;74.2;0.6;TOTAL;47
PIURA;AYABACA;20;26;15.4;72.9;1;2023;39;18.2;23.9;14;77.7;2.2;;
PIURA;HUANCABAMBA;17.9;23.9;13;73.3;1.9;2023;39;16;21.5;11.7;79.4;3.6;;
PIURA;MORROPON;22.9;29.2;17.8;71.8;0.2;2023;39;20.5;26.5;15.9;75.6;1.2;TOTAL;35
PIURA;PAITA;23;28.2;19.7;75.5;0.1;2023;39;20.3;25.5;17.2;77.3;0.4;TOTAL;62
PIURA;PIURA;24.3;31.4;19.4;68.6;0.1;2023;39;21.7;28.7;17;70.9;0.4;TOTAL;92
PIURA;SECHURA;22.5;27.7;19.4;76.8;0.3;2023;39;19.8;25;16.9;78.1;0.6;TOTAL;28
PIURA;SULLANA;24.7;32.1;19.8;67.5;0;2023;39;22.4;29.6;17.6;69.3;0.4;TOTAL;33
PIURA;TALARA;23.4;29.5;19.9;72.8;0.1;2023;39;21.1;27.1;17.6;74.2;0.3;TOTAL;21
PIURA;AYABACA;19.6;24.9;15.6;77.9;9;2023;40;18.3;23.9;14.1;78;2;;
PIURA;HUANCABAMBA;17.5;22.5;13.4;80.4;15.9;2023;40;16;21.5;11.8;80.3;3.7;;
PIURA;MORROPON;22.7;28.4;18.3;74.9;6.9;2023;40;20.7;26.6;16;75.4;1.3;TOTAL;53
PIURA;PAITA;23.1;28.3;20;76.1;5.3;2023;40;20.4;25.7;17.3;76.9;0.3;TOTAL;39
PIURA;PIURA;24.2;30.7;19.8;71.1;5.2;2023;40;21.9;28.9;17.1;70.5;0.5;TOTAL;86
PIURA;SECHURA;22.1;26.6;19.6;81.2;11.9;2023;40;19.9;25.1;17;78.1;0.3;TOTAL;31
PIURA;SULLANA;24.9;31.6;20.2;67.6;2.4;2023;40;22.5;29.8;17.7;68.7;0.5;TOTAL;41
PIURA;TALARA;23.8;29.7;20.2;72.1;0.8;2023;40;21.2;27.3;17.7;73.8;0.3;TOTAL;19
PIURA;AYABACA;19.7;25;15.6;77.6;28.8;2023;41;18.1;23.6;14;79.2;3.9;;
PIURA;HUANCABAMBA;17.3;22.3;13.3;81.1;30;2023;41;15.9;21.2;11.8;80.9;4.9;;
PIURA;MORROPON;22.8;28.9;18.2;75.1;36.5;2023;41;20.7;26.7;16;75.4;2;TOTAL;28
PIURA;PAITA;22.6;27.9;19.6;78.2;16.4;2023;41;20.4;25.8;17.3;76.9;0.8;TOTAL;35
PIURA;PIURA;24.1;31.1;19.4;71.5;21.9;2023;41;21.9;29;17.2;70.5;1.1;TOTAL;87
PIURA;SECHURA;22.1;27.2;19.4;79.6;22.2;2023;41;20;25.2;17;78;0.9;TOTAL;15
PIURA;SULLANA;24.6;31.8;19.7;69.8;14.5;2023;41;22.5;29.9;17.7;68.7;0.7;TOTAL;32
PIURA;TALARA;23.4;29.5;19.9;74.4;12.6;2023;41;21.2;27.3;17.7;73.8;0.9;TOTAL;26
PIURA;AYABACA;19.7;25.1;15.2;74.4;3;2023;42;18;23.4;13.9;79.1;5.3;;
PIURA;HUANCABAMBA;17.1;22.1;12.8;78.4;5.5;2023;42;15.8;21;11.7;80.6;8.7;TOTAL;1
PIURA;MORROPON;23.1;29.4;18;71.4;1.7;2023;42;20.6;26.6;16;75.6;4.7;TOTAL;37
PIURA;PAITA;23;28.3;19.9;76.1;0.2;2023;42;20.4;25.7;17.3;77.4;1.4;TOTAL;34
PIURA;PIURA;24.5;31.5;19.6;68.4;0.3;2023;42;21.8;28.9;17.1;71;2.5;TOTAL;84
PIURA;SECHURA;22.6;27.8;19.5;77.2;0.7;2023;42;20;25.2;17.1;78.3;2.1;TOTAL;30
PIURA;SULLANA;24.9;32.2;20.1;67.6;0.2;2023;42;22.4;29.8;17.6;69.2;1.7;TOTAL;38
PIURA;TALARA;23.5;29.6;20.2;73.1;0.4;2023;42;21.1;27.2;17.6;74.5;1.3;TOTAL;32
PIURA;AYABACA;18.7;23.1;15.4;83.6;14.2;2023;43;18;23.2;14.1;80.9;4.5;;
PIURA;HUANCABAMBA;16.6;20.9;13.3;84.5;17.5;2023;43;15.8;20.8;11.9;83.1;8.2;;
PIURA;MORROPON;22.5;27.7;18.4;77.1;10.1;2023;43;20.7;26.8;16.2;76;3.2;TOTAL;38
PIURA;PAITA;23.1;28.2;20.4;77.1;4.7;2023;43;20.6;26;17.6;77.3;0.9;TOTAL;37
PIURA;PIURA;24.2;30.4;20.1;72.2;3.1;2023;43;22.1;29.3;17.4;70.8;1.4;TOTAL;85
PIURA;SECHURA;22.7;27.6;20;78.2;3.3;2023;43;20.3;25.7;17.4;77.8;1.4;TOTAL;23
PIURA;SULLANA;24.2;30.3;20.1;72.7;3.7;2023;43;22.5;30;17.8;69.4;0.6;TOTAL;31
PIURA;TALARA;23.4;29;20.3;75.5;5;2023;43;21.3;27.4;17.8;74.5;0.6;TOTAL;27
PIURA;AYABACA;18.5;23.6;14.7;81.3;6.7;2023;44;18;23.2;14.1;80.9;2.6;;
PIURA;HUANCABAMBA;16.4;21.1;12.6;80.6;11.9;2023;44;15.8;20.8;11.9;82.3;5.1;;
PIURA;MORROPON;22.4;28.3;17.7;73.6;2.4;2023;44;20.8;26.9;16.2;75.6;1.4;TOTAL;41
PIURA;PAITA;22.6;28;19.4;77.1;1;2023;44;20.9;26.3;17.9;77.1;0.5;TOTAL;19
PIURA;PIURA;24;31;19;69.4;0.2;2023;44;22.2;29.4;17.5;70.6;0.5;TOTAL;65
PIURA;SECHURA;22.3;27.9;19.1;76.9;0.6;2023;44;20.6;25.9;17.6;77.8;0.7;TOTAL;25
PIURA;SULLANA;24.2;30.9;19.5;70.5;0.5;2023;44;22.8;30.2;17.9;69.2;0.3;TOTAL;19
PIURA;TALARA;23.2;29.2;19.8;73.9;0.8;2023;44;21.5;27.7;18;74.4;0.4;TOTAL;42
PIURA;AYABACA;19.2;24.6;14.8;77.9;1.8;2023;45;17.9;23.1;14.1;81.6;5.3;;
PIURA;HUANCABAMBA;17;22;12.7;81.1;2.4;2023;45;15.8;20.7;12;83.4;8.2;;
PIURA;MORROPON;22.4;28.6;17.5;72.6;2.2;2023;45;20.7;26.6;16.3;76.4;3.4;TOTAL;33
PIURA;PAITA;22.4;27.2;19.3;75.7;0.2;2023;45;20.9;26.2;17.8;77.4;0.9;TOTAL;34
PIURA;PIURA;23.7;30.7;18.9;68.5;0.3;2023;45;22.1;29.2;17.6;71.3;1.4;TOTAL;66
PIURA;SECHURA;22;26.9;18.9;76.6;0.7;2023;45;20.5;25.7;17.6;78.2;1.3;TOTAL;21
PIURA;SULLANA;23.9;31.1;19;68.1;0;2023;45;22.7;29.9;17.9;69.5;0.6;TOTAL;27
PIURA;TALARA;22.9;28.8;19.4;72.4;0.2;2023;45;21.4;27.6;18;74.5;0.5;TOTAL;52
PIURA;AYABACA;19.1;23.7;15.7;83.8;18.6;2023;46;18;23.2;14.1;81.1;5.4;;
PIURA;HUANCABAMBA;17.1;21.4;13.7;85.9;32.9;2023;46;15.8;20.9;11.7;82.5;8.8;;
PIURA;MORROPON;22.3;27.6;18.2;79;14.5;2023;46;21;27.1;16.4;75.7;2.8;TOTAL;35
PIURA;PAITA;23;27.9;20.1;77.5;6.7;2023;46;21.2;26.5;18.1;77.3;0.9;TOTAL;31
PIURA;PIURA;23.8;30;19.6;73.9;6.4;2023;46;22.5;29.6;17.8;71;1.1;TOTAL;78
PIURA;SECHURA;22.3;26.7;19.8;80;8.4;2023;46;20.9;26.2;17.9;77.7;0.9;TOTAL;19
PIURA;SULLANA;24.4;31;19.9;70.9;3.7;2023;46;22.9;30.2;18.1;69.6;0.7;TOTAL;24
PIURA;TALARA;23.4;29;20.1;75;6.3;2023;46;21.6;27.8;18.2;74.7;0.7;TOTAL;66
PIURA;AYABACA;18.8;23.9;14.9;79.3;3.3;2023;47;17.9;23.1;13.9;80.3;4.4;;
PIURA;HUANCABAMBA;16.6;21.5;12.5;80.6;9.1;2023;47;15.7;20.7;11.6;81.8;5.6;;
PIURA;MORROPON;22.5;28.3;17.8;74.6;3.1;2023;47;21;27;16.4;75.4;2.6;TOTAL;25
PIURA;PAITA;23;28.6;19.8;75.9;0.9;2023;47;21.2;26.5;18.1;77.6;1.2;TOTAL;53
PIURA;PIURA;24.1;31.2;19.4;69.6;0.2;2023;47;22.5;29.5;17.8;71;1.2;TOTAL;92
PIURA;SECHURA;22.5;27.7;19.3;77.7;0.9;2023;47;21;26.2;18;78.2;1.6;TOTAL;19
PIURA;SULLANA;24.6;31.9;19.8;67.4;0;2023;47;23;30.2;18.2;69.4;1.2;TOTAL;26
PIURA;TALARA;23.6;29.8;20.1;72.3;0.4;2023;47;21.8;27.8;18.2;74.6;0.9;TOTAL;68
PIURA;AYABACA;19;23.9;15.5;81.1;3;2023;48;18.1;23.2;14.2;81.2;3.9;TOTAL;1
PIURA;HUANCABAMBA;16.7;21.4;13.5;83.7;2.2;2023;48;15.9;20.8;12;83;5.5;;
PIURA;MORROPON;22.8;28.5;18.4;74.3;0.9;2023;48;21.3;27.2;16.8;75.9;2;TOTAL;29
PIURA;PAITA;23.2;28.3;20.1;75.7;1.3;2023;48;21.7;27;18.6;76.9;0.8;TOTAL;24
PIURA;PIURA;24.4;31.1;19.6;69.5;0.5;2023;48;22.9;29.9;18.3;70.9;1.1;TOTAL;91
PIURA;SECHURA;22.9;28;19.8;76.4;0.6;2023;48;21.4;26.7;18.4;77.7;1;TOTAL;23
PIURA;SULLANA;24.7;31.6;20;67.8;1.2;2023;48;23.3;30.5;18.6;69.2;1;TOTAL;29
PIURA;TALARA;23.6;29.5;20.3;72.1;0.2;2023;48;22.2;28.2;18.7;74;0.6;TOTAL;46
PIURA;AYABACA;19.3;23.9;15.8;80.2;0.6;2023;49;18.1;23.1;14.4;81.9;4.6;;
PIURA;HUANCABAMBA;17.1;21.7;13.5;82;0.8;2023;49;15.8;20.6;12.1;83.8;6;;
PIURA;MORROPON;23.2;28.8;18.7;73.1;0.7;2023;49;21.6;27.3;17.2;76.3;2.9;TOTAL;16
PIURA;PAITA;23.5;28.5;20.4;75.2;0.2;2023;49;22.2;27.4;19.1;77;1.6;TOTAL;37
PIURA;PIURA;24.8;31.3;20.1;68.7;0.2;2023;49;23.3;30.2;18.7;71;1.4;TOTAL;85
PIURA;SECHURA;23.1;28.1;20;76.3;0.3;2023;49;21.9;27.1;18.9;78;1.5;TOTAL;33
PIURA;SULLANA;25.1;31.7;20.6;67.1;0.1;2023;49;23.7;30.7;19;69.4;1.1;TOTAL;14
PIURA;TALARA;24.1;29.8;20.8;71;0.3;2023;49;22.6;28.5;19.1;74.3;0.7;TOTAL;46
PIURA;AYABACA;19.7;24.6;16.5;81;9.8;2023;50;18.2;23;14.8;83.2;5.8;;
PIURA;HUANCABAMBA;17.6;22.4;14.4;83.9;6.2;2023;50;16;20.5;12.5;85.5;7.1;;
PIURA;MORROPON;23.9;29.7;19.4;72.5;4.9;2023;50;21.9;27.5;17.6;76.5;2.7;TOTAL;18
PIURA;PAITA;23.7;29;20.8;76.7;0.4;2023;50;22.5;27.6;19.5;77.1;1.5;TOTAL;46
PIURA;PIURA;25.4;32.3;20.7;68.4;1.4;2023;50;23.7;30.5;19.2;70.9;1.4;TOTAL;79
PIURA;SECHURA;23.6;28.7;20.5;76.5;0.4;2023;50;22.2;27.4;19.2;77.8;1.4;TOTAL;25
PIURA;SULLANA;25.4;32.8;20.8;67.9;1.5;2023;50;23.9;30.8;19.5;69.9;1.1;TOTAL;9
PIURA;TALARA;24.3;30.5;21;72.5;1.3;2023;50;22.8;28.5;19.5;74.6;1;TOTAL;40
PIURA;AYABACA;19.4;23.9;16.4;84.2;11.5;2023;51;18.1;22.8;14.7;83.6;4.5;;
PIURA;HUANCABAMBA;17.2;21.2;14.2;88;6.2;2023;51;15.9;20.4;12.4;85.7;4.6;TOTAL;1
PIURA;MORROPON;23.7;29.6;19.4;75.4;2.8;2023;51;22.2;27.7;17.9;76.8;1.8;TOTAL;13
PIURA;PAITA;24.1;29.4;21.3;76.7;0.3;2023;51;22.9;27.9;19.9;77.1;1.4;TOTAL;29
PIURA;PIURA;25.4;32.4;21;70.5;1.1;2023;51;24.1;30.7;19.6;70.9;1;TOTAL;44
PIURA;SECHURA;23.8;28.8;20.9;78.2;0.5;2023;51;22.8;27.9;19.7;77.3;0.7;TOTAL;7
PIURA;SULLANA;25.6;32.6;21.3;69;0.3;2023;51;24.2;30.9;19.8;70.1;0.9;TOTAL;10
PIURA;TALARA;24.5;30.3;21.3;73.8;0.7;2023;51;23.2;28.8;19.9;74.5;0.9;TOTAL;37
PIURA;AYABACA;18.6;22.6;16.2;89.6;80;2023;52;18.2;22.9;15;84.1;6.5;;
PIURA;HUANCABAMBA;16.6;20.3;14.3;92.3;80.1;2023;52;16;20.6;12.6;85.7;7.9;;
PIURA;MORROPON;22.7;27.1;19.6;83.8;49.8;2023;52;22.5;27.8;18.4;77.2;3.6;TOTAL;14
PIURA;PAITA;23.5;27.5;21.3;82.5;14.1;2023;52;23.4;28.4;20.4;77.2;1.6;TOTAL;29
PIURA;PIURA;24.3;29.3;21.1;79.7;27.2;2023;52;24.6;31;20.2;71.1;2;TOTAL;50
PIURA;SECHURA;23.2;26.8;21.1;84.4;6.5;2023;52;23.3;28.3;20.2;77.5;1.3;TOTAL;23
PIURA;SULLANA;24.5;30.4;21;77.4;23.2;2023;52;24.5;30.9;20.4;70.9;1.8;TOTAL;14
PIURA;TALARA;23.7;28.7;21;80;12.9;2023;52;23.5;29;20.4;75.1;1.4;TOTAL;33
PIURA;AYABACA;18.6;22.3;16.2;87.2;14.8;2024;1;18.3;22.8;15.2;84.5;5.8;;
PIURA;HUANCABAMBA;16.6;20.4;14.1;88.6;11.8;2024;1;16.1;20.5;12.8;85.9;5.7;;
PIURA;MORROPON;23.2;27.5;20;80.2;3;2024;1;22.7;28;18.8;77.5;3.3;TOTAL;21
PIURA;PAITA;24.6;29.5;21.8;78.5;0.9;2024;1;23.8;28.7;20.9;76.9;1.5;TOTAL;53
PIURA;PIURA;25.1;30.5;21.4;75.2;1;2024;1;25;31.3;20.8;70.8;2.1;TOTAL;111
PIURA;SECHURA;24.2;28.8;21.4;80;1.2;2024;1;23.7;28.7;20.7;77.2;1.1;TOTAL;33
PIURA;SULLANA;25.2;30.6;21.5;74.2;2.8;2024;1;24.8;31;20.8;71.1;1.9;TOTAL;22
PIURA;TALARA;24.7;29.8;21.8;76.8;1.8;2024;1;23.9;29.2;20.9;75.1;1.4;TOTAL;30
PIURA;AYABACA;18.8;23.3;15.9;86.5;20.2;2024;2;18.2;22.7;15.1;84.6;7;;
PIURA;HUANCABAMBA;16.7;20.8;13.6;88.3;7.5;2024;2;16;20.5;12.8;85.9;6.2;TOTAL;1
PIURA;MORROPON;23.5;28.5;20;80.1;17.7;2024;2;22.9;28.1;18.9;77.2;3.8;TOTAL;19
PIURA;PAITA;25.1;29.6;22.4;76.8;4.8;2024;2;24.1;29;21.2;76.8;1.3;TOTAL;58
PIURA;PIURA;25.8;31.6;22;73;6.7;2024;2;25.2;31.6;21;70.6;2.2;TOTAL;115
PIURA;SECHURA;24.9;29.4;22.2;78;4.1;2024;2;24;29;21;77.2;1.4;TOTAL;39
PIURA;SULLANA;25.5;31.3;21.8;72.9;11.2;2024;2;24.9;30.9;21;71.6;2.2;TOTAL;23
PIURA;TALARA;25;30.1;22.2;74.6;9.4;2024;2;24.1;29.2;21.1;75.1;1.1;TOTAL;32
PIURA;AYABACA;19.4;23.7;16.4;84.4;8.5;2024;3;18.1;22.6;15.1;85.3;8.5;;
PIURA;HUANCABAMBA;17.2;21.2;14.2;85.9;6.1;2024;3;16;20.4;12.7;86.5;6.7;TOTAL;1
PIURA;MORROPON;24.2;29.1;20.6;78.4;3;2024;3;23;28.2;19.1;76.9;4.8;TOTAL;18
PIURA;PAITA;25.8;30.7;22.9;75.8;2.5;2024;3;24.4;29.2;21.6;76.5;2.7;TOTAL;59
PIURA;PIURA;26.7;32.9;22.7;71.3;2.7;2024;3;25.5;31.7;21.4;70;3.5;TOTAL;144
PIURA;SECHURA;25.8;30.9;22.8;76;2.3;2024;3;24.4;29.3;21.3;76.4;2;TOTAL;51
PIURA;SULLANA;26.2;31.9;22.5;72.1;2.1;2024;3;25.1;30.9;21.3;71.7;3.8;TOTAL;44
PIURA;TALARA;25.6;30.6;22.8;74.3;1.7;2024;3;24.3;29.3;21.4;75;2.4;TOTAL;33
PIURA;AYABACA;20.2;24.9;16.7;81.3;2.7;2024;4;18.3;22.7;15.3;85.4;7.7;TOTAL;1
PIURA;HUANCABAMBA;17.7;22.4;14.2;83.3;1.5;2024;4;16.1;20.5;13;86.5;6.1;;
PIURA;MORROPON;25.1;30.6;21;75.3;1;2024;4;23.2;28.3;19.4;77.1;5.2;TOTAL;17
PIURA;PAITA;26.3;31.4;23.3;75.9;0.8;2024;4;24.8;29.6;21.9;75.6;1.3;TOTAL;107
PIURA;PIURA;27.7;34.2;23.3;68.8;0.8;2024;4;25.8;32;21.7;69.5;2.3;TOTAL;158
PIURA;SECHURA;26.4;31.4;23.2;75.8;0.7;2024;4;24.8;29.7;21.7;75.3;1.2;TOTAL;47
PIURA;SULLANA;27.1;33.2;23.1;70;0.6;2024;4;25.2;30.9;21.5;72.1;2.8;TOTAL;40
PIURA;TALARA;26.2;31.4;23.2;73.8;0.5;2024;4;24.6;29.4;21.7;75.1;1.1;TOTAL;59
PIURA;AYABACA;19.6;23.8;17;87.8;17.9;2024;5;18.2;22.4;15.5;87.9;8.3;;
PIURA;HUANCABAMBA;17.5;21.4;14.8;88.6;16.2;2024;5;16.2;20.4;13.2;88.4;6.5;TOTAL;1
PIURA;MORROPON;24.8;29.6;21.5;78;6.5;2024;5;23.2;27.8;19.8;80;7.1;TOTAL;23
PIURA;PAITA;26.5;30.8;24.1;76.8;3.7;2024;5;25.1;29.6;22.5;76.2;3.9;TOTAL;103
PIURA;PIURA;27.5;33.1;24;70.7;5.7;2024;5;25.9;31.5;22.2;71.9;5.7;TOTAL;230
PIURA;SECHURA;26.8;31.3;24.2;75.3;3.2;2024;5;25.2;29.9;22.3;75.5;4.9;TOTAL;87
PIURA;SULLANA;26.5;31.7;23.4;74.4;8.8;2024;5;25.2;30.4;21.9;75;6.4;TOTAL;53
PIURA;TALARA;25.9;30.3;23.4;77.2;3.8;2024;5;24.8;29.1;22.1;76.8;5.2;TOTAL;60
PIURA;AYABACA;19.5;23.9;16.4;86.6;14.7;2024;6;18.1;22.1;15.6;89.1;15.9;;
PIURA;HUANCABAMBA;17.4;21.8;14.1;86.4;8.4;2024;6;16.2;20.3;13.4;88.9;10.8;;
PIURA;MORROPON;24.8;29.6;21.2;80.1;7.4;2024;6;23.1;27.4;19.9;82;13.1;TOTAL;18
PIURA;PAITA;27;31.2;24.8;78.1;6.2;2024;6;25.3;29.5;22.7;77.3;6.8;TOTAL;163
PIURA;PIURA;27.5;33.1;24.1;73.3;7.5;2024;6;25.8;30.9;22.4;74.3;10.7;TOTAL;317
PIURA;SECHURA;27.4;32;24.6;75.4;3.6;2024;6;25.4;29.9;22.6;76.1;4.1;TOTAL;87
PIURA;SULLANA;26.5;31.5;23.6;77.6;9.2;2024;6;25;29.8;22;77.6;13.3;TOTAL;77
PIURA;TALARA;26.4;30.6;24.1;78.7;12.3;2024;6;24.9;29;22.3;78;8.5;TOTAL;77
PIURA;AYABACA;20;24.3;17;84.5;8.8;2024;7;18.3;22.5;15.5;87.8;8.9;TOTAL;1
PIURA;HUANCABAMBA;17.9;22.2;14.8;84.7;4.1;2024;7;16.2;20.5;13.1;87.4;5.8;;
PIURA;MORROPON;25.5;30.6;21.7;75.2;5.7;2024;7;23.4;28;20;80;6.3;TOTAL;28
PIURA;PAITA;27.7;32.4;24.9;73.4;3.4;2024;7;25.7;30.2;22.9;75.7;1.5;TOTAL;219
PIURA;PIURA;28.3;34.4;24.3;67.8;4.5;2024;7;26.3;31.8;22.6;71.9;3.2;TOTAL;443
PIURA;SECHURA;27.7;32.6;24.7;72.9;2;2024;7;25.8;30.6;22.7;74.6;0.8;TOTAL;116
PIURA;SULLANA;27.3;32.9;23.7;72.2;2.7;2024;7;25.4;30.4;22.1;75.7;3.9;TOTAL;96
PIURA;TALARA;27;31.9;24.2;74.9;3.7;2024;7;25.2;29.5;22.5;76.6;1.8;TOTAL;82
PIURA;AYABACA;19.3;23.8;16.4;87.3;41.9;2024;8;18.2;22.3;15.6;89.3;16;TOTAL;2
PIURA;HUANCABAMBA;17.3;21.7;14.3;85.7;25.8;2024;8;16.2;20.3;13.4;89.2;10.3;;
PIURA;MORROPON;25.1;30.3;21.8;78.5;61.6;2024;8;23.3;27.6;20.1;81.5;11.5;TOTAL;22
PIURA;PAITA;27.1;31.8;24.5;77.1;8.4;2024;8;25.8;30.2;23;75.7;4.3;TOTAL;258
PIURA;PIURA;27.9;34.1;24.2;71.7;43.1;2024;8;26.1;31.4;22.6;73.3;8.2;TOTAL;672
PIURA;SECHURA;27.8;32.8;24.8;72.8;3.1;2024;8;25.9;30.5;22.9;74.7;3;TOTAL;156
PIURA;SULLANA;26.3;31.7;23.2;79.2;74;2024;8;25.3;30.3;22.1;76.5;11.9;TOTAL;143
PIURA;TALARA;26.1;30.3;23.5;81.1;21.8;2024;8;25.2;29.6;22.6;76.7;5.9;TOTAL;136
PIURA;AYABACA;19.1;23.3;16.2;87;43.1;2024;9;18.3;22.5;15.6;88.9;20.2;TOTAL;5
PIURA;HUANCABAMBA;17;20.8;14.2;87.8;40.1;2024;9;16.3;20.5;13.4;88.7;13.3;TOTAL;3
PIURA;MORROPON;25;29.8;21.4;73.5;31.2;2024;9;23.3;27.7;20.1;81.6;19;TOTAL;24
PIURA;PAITA;27.1;32.2;23.8;69.7;1.1;2024;9;25.7;30.1;23;76;6.5;TOTAL;301
PIURA;PIURA;27.8;33.8;23.5;64.5;8.3;2024;9;26.1;31.5;22.5;73.6;13.5;TOTAL;861
PIURA;SECHURA;27.2;32.3;23.6;68.8;0.6;2024;9;25.8;30.5;22.8;74.7;4.9;TOTAL;182
PIURA;SULLANA;26.5;31.7;22.8;72;6.9;2024;9;25.4;30.4;22.1;76.5;15.7;TOTAL;137
PIURA;TALARA;26.3;30.9;23.2;73.5;0.8;2024;9;25.2;29.6;22.6;76.8;9.1;TOTAL;246
PIURA;AYABACA;19.4;23.6;16.6;86.6;14.3;2024;10;18.4;22.5;15.7;88.8;18.1;TOTAL;3
PIURA;HUANCABAMBA;17.3;21.4;14.6;88.2;14;2024;10;16.3;20.5;13.4;88.6;13.3;;
PIURA;MORROPON;25.3;30.2;21.4;71.4;9.6;2024;10;23.4;27.7;20.2;81.8;18.5;TOTAL;75
PIURA;PAITA;27.2;32.1;24.1;67.3;0.2;2024;10;25.8;30.3;23.1;75.6;9.1;TOTAL;295
PIURA;PIURA;28.1;34.1;23.7;62.1;4.8;2024;10;26.2;31.5;22.7;73.5;14.5;TOTAL;955
PIURA;SECHURA;26.9;32.1;23.5;67.8;0.4;2024;10;26;30.8;22.9;74.1;7.4;TOTAL;204
PIURA;SULLANA;26.8;32;23.1;69.1;1.4;2024;10;25.4;30.4;22.3;76.9;16.1;TOTAL;144
PIURA;TALARA;26.7;31.6;23.8;69.7;0.4;2024;10;25.4;29.8;22.7;76.4;10;TOTAL;319
PIURA;AYABACA;20;24.7;16.7;82.7;7.6;2024;11;18.3;22.5;15.6;89;17.5;TOTAL;4
PIURA;HUANCABAMBA;17.7;22.3;14.4;84.8;15.9;2024;11;16.3;20.5;13.3;88.4;12.8;TOTAL;1
PIURA;MORROPON;25.8;31.2;21.4;70;9.9;2024;11;23.4;27.8;20.2;81.8;16.4;TOTAL;95
PIURA;PAITA;27.1;32.3;24;69;1.9;2024;11;25.8;30.3;23;75.5;5.7;TOTAL;374
PIURA;PIURA;28.5;34.9;23.9;62.1;5.1;2024;11;26.3;31.6;22.7;73.1;10.2;TOTAL;1104
PIURA;SECHURA;26.9;32.2;23.5;69.7;1.2;2024;11;25.8;30.6;22.9;74.8;6;TOTAL;183
PIURA;SULLANA;27.5;33.3;23.5;67;2.1;2024;11;25.4;30.4;22.2;76.7;13.6;TOTAL;180
PIURA;TALARA;27.1;32.3;24;67.9;1.5;2024;11;25.3;29.7;22.7;76.4;7.9;TOTAL;439
PIURA;AYABACA;19.9;24.4;17;86.3;66.5;2024;12;18.3;22.4;15.7;90;25.4;TOTAL;12
PIURA;HUANCABAMBA;17.7;21.9;14.5;86.5;41.6;2024;12;16.2;20.3;13.4;89.6;18.1;TOTAL;3
PIURA;MORROPON;25.7;30.8;21.8;72.7;30.3;2024;12;23.2;27.5;20.1;82.9;28.8;TOTAL;103
PIURA;PAITA;26.9;32.1;24.1;69.3;4.1;2024;12;25.5;30;22.9;76.5;10.5;TOTAL;404
PIURA;PIURA;28.2;34.5;24;64.9;14;2024;12;26;31.2;22.5;74.7;22;TOTAL;1138
PIURA;SECHURA;26.7;32;23.3;70.5;1.6;2024;12;25.5;30.1;22.6;76.4;7.8;TOTAL;201
PIURA;SULLANA;27.3;32.9;23.7;70.6;16.9;2024;12;25.3;30.3;22.2;77.7;24.2;TOTAL;166
PIURA;TALARA;26.8;31.7;24;69.3;7.4;2024;12;25.2;29.6;22.5;77.1;11.8;TOTAL;444
PIURA;AYABACA;19.6;24.3;15.8;81.8;3.8;2024;13;18.3;22.6;15.5;89.1;18.1;TOTAL;5
PIURA;HUANCABAMBA;17.2;22;13;82.1;2.9;2024;13;16.3;20.5;13.2;88.7;13.8;;
PIURA;MORROPON;25;30.6;20;71.7;2.7;2024;13;23.2;27.6;19.9;82.5;17.9;TOTAL;69
PIURA;PAITA;25.9;31.4;22.4;71;0.5;2024;13;25.3;29.9;22.5;76.2;9.1;TOTAL;312
PIURA;PIURA;27.5;34.4;22.4;64.5;1;2024;13;25.8;31.3;22.2;74.4;14.1;TOTAL;879
PIURA;SECHURA;25.7;31.4;21.8;72.9;1.7;2024;13;25.1;29.8;22.2;76.6;7.9;TOTAL;154
PIURA;SULLANA;26.9;33.1;22.4;68;0.1;2024;13;25.3;30.5;22;76.7;15.8;TOTAL;150
PIURA;TALARA;26.2;31.7;22.7;68.1;0.1;2024;13;25;29.6;22.3;76.5;11.7;TOTAL;382
PIURA;AYABACA;19;23.5;15.9;85.6;35.8;2024;14;18.4;22.6;15.5;88.6;19;TOTAL;17
PIURA;HUANCABAMBA;16.7;20.8;13.8;89.1;27.6;2024;14;16.3;20.6;13.2;88.2;15.3;TOTAL;1
PIURA;MORROPON;24.2;29.1;20.4;74.3;13.2;2024;14;23.1;27.6;19.6;82.2;15.1;TOTAL;112
PIURA;PAITA;25.8;31.2;22.8;68.5;2;2024;14;24.8;29.6;22;76.4;5.6;TOTAL;358
PIURA;PIURA;26.8;33.2;22.6;64.3;5.5;2024;14;25.5;31.1;21.7;74.8;9.9;TOTAL;1085
PIURA;SECHURA;25.3;30.4;22.2;72.3;3.3;2024;14;24.3;29;21.5;78.6;3.6;TOTAL;153
PIURA;SULLANA;26.5;32.6;22.4;64.9;5.7;2024;14;25.1;30.4;21.7;76.6;14.8;TOTAL;247
PIURA;TALARA;25.8;31.3;22.8;65.8;1.2;2024;14;24.8;29.6;22;76;8.1;TOTAL;575
PIURA;AYABACA;19.8;24.4;16.2;81.6;3.6;2024;15;18.3;22.5;15.5;88.4;14.1;TOTAL;28
PIURA;HUANCABAMBA;17.3;21.9;13.6;84.9;3.2;2024;15;16.3;20.5;13.2;88.3;11;TOTAL;1
PIURA;MORROPON;24.9;30.4;20.3;71.2;1.9;2024;15;23;27.6;19.5;81.2;10.3;TOTAL;113
PIURA;PAITA;25.8;31;22.6;69.3;0.2;2024;15;24.6;29.4;21.7;75.8;3.7;TOTAL;352
PIURA;PIURA;27.4;34;22.7;63;0.6;2024;15;25.4;31.1;21.6;73.4;7;TOTAL;930
PIURA;SECHURA;25.3;30.5;22;72.5;0.3;2024;15;24.1;29;21.2;77.7;3.2;TOTAL;119
PIURA;SULLANA;27.2;33.4;22.9;63.2;0.5;2024;15;25.1;30.4;21.6;75.3;9.7;TOTAL;206
PIURA;TALARA;26.2;31.6;23.1;65.9;0.3;2024;15;24.8;29.6;21.8;74.7;4.3;TOTAL;529
PIURA;AYABACA;19.5;24.2;16.3;83.8;6.6;2024;16;18.4;22.7;15.2;87.1;7.3;TOTAL;17
PIURA;HUANCABAMBA;17.2;21.7;13.8;86.3;2;2024;16;16.2;20.6;12.9;87.3;6.5;TOTAL;11
PIURA;MORROPON;24.7;30.4;20.4;71.2;4;2024;16;22.9;27.7;19.1;80;3.5;TOTAL;121
PIURA;PAITA;25.2;30.4;22.2;70.1;0.2;2024;16;24.2;29.3;21.2;75.5;1.2;TOTAL;317
PIURA;PIURA;26.8;33.5;22.3;63.6;0.8;2024;16;25.2;31.2;21.1;72.3;2;TOTAL;737
PIURA;SECHURA;24.3;29.7;21.1;72.9;0.1;2024;16;23.6;28.6;20.7;77.9;1.2;TOTAL;108
PIURA;SULLANA;26.7;32.8;22.8;64.9;0.2;2024;16;25;30.6;21.2;73.9;2.4;TOTAL;249
PIURA;TALARA;25.8;31;22.9;67.2;0.1;2024;16;24.6;29.7;21.5;73.9;1.3;TOTAL;485
PIURA;AYABACA;18.9;23.1;16;87.4;51.9;2024;17;18.3;22.6;15.2;87.1;7.9;TOTAL;25
PIURA;HUANCABAMBA;16.8;20.8;13.9;89.2;41.9;2024;17;16.2;20.5;12.9;87.4;6.8;TOTAL;4
PIURA;MORROPON;24.1;29.3;20.2;72.7;28.2;2024;17;22.7;27.5;18.9;79.8;4.6;TOTAL;87
PIURA;PAITA;24.9;30;22.1;71.4;5.6;2024;17;24;28.9;21;75.5;1.4;TOTAL;263
PIURA;PIURA;26.2;32.1;22;66.5;15;2024;17;24.9;30.8;20.8;72.3;2;TOTAL;719
PIURA;SECHURA;24;28.7;21.2;75.1;12.5;2024;17;23.3;28.2;20.4;78.1;1.4;TOTAL;77
PIURA;SULLANA;25.9;31.7;22.1;68.6;14.2;2024;17;24.9;30.4;21.1;73.7;2.6;TOTAL;166
PIURA;TALARA;25.4;30.9;22.5;68.7;8.9;2024;17;24.4;29.5;21.3;73.8;1.4;TOTAL;406
PIURA;AYABACA;19.4;23.9;16.3;85.1;20.4;2024;18;18.4;22.8;15.1;85.9;4.7;TOTAL;19
PIURA;HUANCABAMBA;17.2;21.5;14.3;88.4;9.4;2024;18;16.2;20.7;12.8;86.5;4.7;TOTAL;7
PIURA;MORROPON;23.4;28.8;19.6;77.4;11.6;2024;18;22.6;27.6;18.7;79.1;2.1;TOTAL;81
PIURA;PAITA;24.1;29.2;21.3;74.1;3.2;2024;18;23.8;28.9;20.7;75.6;1.2;TOTAL;219
PIURA;PIURA;24.9;30.9;20.9;72.7;4.3;2024;18;24.7;30.9;20.5;72;1.3;TOTAL;593
PIURA;SECHURA;22.4;26.4;20.2;83.9;2.5;2024;18;23.1;28;20.2;78.1;1.2;TOTAL;52
PIURA;SULLANA;25.6;32.1;21.4;69.1;6.8;2024;18;24.8;30.6;20.8;72.8;1.4;TOTAL;106
PIURA;TALARA;24.7;30.2;21.8;70.8;5.5;2024;18;24.2;29.6;21;73.6;1.3;TOTAL;211
PIURA;AYABACA;19.4;23.9;16;84.6;9.1;2024;19;18.5;23.1;15.1;84.6;6.4;TOTAL;6
PIURA;HUANCABAMBA;17.2;21.5;13.9;87.4;7.8;2024;19;16.3;20.9;12.7;85.4;7.3;TOTAL;6
PIURA;MORROPON;23;28.3;18.8;75.7;5.7;2024;19;22.5;27.7;18.4;78.4;3.9;TOTAL;117
PIURA;PAITA;23.3;28.5;20.2;73.6;2.6;2024;19;23.4;28.5;20.4;76;2.1;TOTAL;265
PIURA;PIURA;24.5;30.9;20;69.2;2.5;2024;19;24.4;30.7;20.1;71.7;2.8;TOTAL;464
PIURA;SECHURA;22.2;27.1;19.2;78;4;2024;19;22.8;27.7;19.9;78.1;2;TOTAL;66
PIURA;SULLANA;25.2;31.4;20.8;67.8;4.8;2024;19;24.7;30.7;20.5;72.1;3;TOTAL;111
PIURA;TALARA;24.2;29.7;21;70.5;4.4;2024;19;24;29.4;20.8;73.7;2.5;TOTAL;216
PIURA;AYABACA;19.1;23.6;15.8;84.1;7.3;2024;20;18.4;23.1;14.9;84;4.2;TOTAL;15
PIURA;HUANCABAMBA;16.9;21;13.7;87.5;13;2024;20;16.1;20.8;12.5;84.7;3.9;TOTAL;10
PIURA;MORROPON;22.9;28.4;18.5;74.3;3.6;2024;20;22.1;27.3;18;78.3;2.1;TOTAL;93
PIURA;PAITA;22.8;27.8;19.8;75.5;2.4;2024;20;23.1;28.1;20;76.1;1.5;TOTAL;208
PIURA;PIURA;24.3;30.7;19.6;69.3;1.8;2024;20;24;30.3;19.7;71.8;1;TOTAL;425
PIURA;SECHURA;22;26.9;19;78.3;2.2;2024;20;22.4;27.2;19.6;78.3;1;TOTAL;48
PIURA;SULLANA;24.8;31;20.4;68.2;3.3;2024;20;24.3;30.4;20.1;71.8;1.2;TOTAL;85
PIURA;TALARA;23.8;29.2;20.7;71.4;3;2024;20;23.6;29.1;20.4;73.8;1.1;TOTAL;249
PIURA;AYABACA;19.3;24.1;15.7;80.6;3.5;2024;21;18.1;22.7;14.7;84.4;4.3;TOTAL;18
PIURA;HUANCABAMBA;16.9;21.7;13;84.6;3.7;2024;21;15.9;20.5;12.4;85.4;4.7;TOTAL;8
PIURA;MORROPON;22.5;28.5;17.7;73.1;3.6;2024;21;21.7;26.9;17.6;78.1;2.4;TOTAL;92
PIURA;PAITA;21.8;27.1;18.8;77;0.3;2024;21;22.6;27.6;19.6;76.5;1.5;TOTAL;131
PIURA;PIURA;23.6;30.3;18.9;69.2;3;2024;21;23.5;29.7;19.2;71.8;1.5;TOTAL;291
PIURA;SECHURA;21.1;26.1;18.3;78.8;0.4;2024;21;22;26.7;19.2;78.7;1.5;TOTAL;52
PIURA;SULLANA;24.4;31.1;19.9;67.7;0.4;2024;21;23.9;30;19.6;71.5;1.9;TOTAL;59
PIURA;TALARA;23.2;29.1;19.9;71.8;0.3;2024;21;23.2;28.7;19.9;73.9;2.1;TOTAL;188
PIURA;AYABACA;19.2;24.6;15.1;77.3;0.9;2024;22;18;22.9;14.5;82.6;3.2;TOTAL;8
PIURA;HUANCABAMBA;16.7;21.9;12.5;81;0.4;2024;22;15.8;20.6;12;84;3.9;TOTAL;10
PIURA;MORROPON;22.2;28.2;17;71.2;0.3;2024;22;21.5;26.8;17.3;77.5;1.4;TOTAL;34
PIURA;PAITA;21.2;26.4;18.1;77.6;0.2;2024;22;22.2;27.2;19.2;76.8;1;TOTAL;72
PIURA;PIURA;23;29.7;18;69;0.1;2024;22;23.2;29.5;18.8;71.7;1;TOTAL;234
PIURA;SECHURA;20.6;25.5;17.7;78.6;0.1;2024;22;21.6;26.3;18.8;78.7;0.8;TOTAL;27
PIURA;SULLANA;23.9;30.5;18.9;67.9;0;2024;22;23.6;29.9;19.2;71.1;0.8;TOTAL;40
PIURA;TALARA;22.6;28.5;19;72.7;0.1;2024;22;22.8;28.4;19.5;74;0.7;TOTAL;130
PIURA;AYABACA;18.6;24.7;13.7;71.8;3.4;2024;23;18.1;23.1;14.3;81.3;2.4;TOTAL;2
PIURA;HUANCABAMBA;16;21.9;11;75.7;0.3;2024;23;15.7;20.8;11.8;83;3.4;TOTAL;3
PIURA;MORROPON;21.8;28.2;16.1;69.1;0.8;2024;23;21.3;26.8;17;77.1;1.1;TOTAL;26
PIURA;PAITA;20.9;26.1;17.6;78;0.2;2024;23;22;26.9;19;77.2;0.7;TOTAL;55
PIURA;PIURA;22.7;29.6;17.5;68.1;0.1;2024;23;23;29.3;18.6;71.9;0.6;TOTAL;172
PIURA;SECHURA;20.4;25.5;17.2;78.1;0.1;2024;23;21.4;26.1;18.7;79;0.8;TOTAL;28
PIURA;SULLANA;23.4;30.1;18.6;67.6;0;2024;23;23.4;29.8;19;70.9;0.5;TOTAL;27
PIURA;TALARA;22;27.7;18.5;73.4;0;2024;23;22.6;28.2;19.3;74.3;0.5;TOTAL;56
PIURA;AYABACA;18.6;23.4;15.2;79.4;9.3;2024;24;18;23.2;14;79.6;2.6;;
PIURA;HUANCABAMBA;16.2;20.7;12.6;83;3;2024;24;15.6;20.9;11.4;81.5;3.1;TOTAL;3
PIURA;MORROPON;21.8;27;17.1;72.5;4.9;2024;24;20.9;26.4;16.5;76.9;1.4;TOTAL;30
PIURA;PAITA;21.4;26.2;18.4;77.5;0.4;2024;24;21.5;26.4;18.5;77.7;0.5;TOTAL;42
PIURA;PIURA;22.8;28.7;18.1;69.8;1.4;2024;24;22.5;28.9;18.1;72;0.9;TOTAL;183
PIURA;SECHURA;20.8;25.5;17.9;78.7;0.7;2024;24;21;25.6;18.3;79.1;0.7;TOTAL;36
PIURA;SULLANA;23.5;29.6;19;68.8;0.6;2024;24;23;29.4;18.5;71;0.9;TOTAL;31
PIURA;TALARA;22.3;27.7;19;73.7;1.3;2024;24;22.1;27.8;18.8;74.8;0.8;TOTAL;14
PIURA;AYABACA;18.2;23.3;14.6;81.5;29;2024;25;17.9;23.1;14.1;79.5;1.6;;
PIURA;HUANCABAMBA;15.9;20.7;12;83.9;26.1;2024;25;15.5;20.8;11.5;81.1;2.2;TOTAL;6
PIURA;MORROPON;20.8;26.3;16.5;75.2;15.1;2024;25;20.7;26;16.5;77.5;1.2;TOTAL;22
PIURA;PAITA;20.9;25.4;18;77.8;3.3;2024;25;21.3;26;18.4;78;0.7;TOTAL;31
PIURA;PIURA;21.9;27.9;17.7;72.4;5.6;2024;25;22.2;28.3;18;72.8;0.6;TOTAL;183
PIURA;SECHURA;20.3;24.7;17.8;79.5;2.2;2024;25;20.8;25.2;18.2;79.5;0.7;TOTAL;22
PIURA;SULLANA;22.6;28.6;18.2;70.8;8.8;2024;25;22.8;29.1;18.3;71.2;0.5;TOTAL;17
PIURA;TALARA;21.8;27.1;18.6;74.1;6.1;2024;25;22;27.6;18.7;74.8;0.7;TOTAL;6
PIURA;AYABACA;18.1;23.5;13.6;77.4;5.6;2024;26;17.8;23.2;13.9;78.5;1.6;;
PIURA;HUANCABAMBA;15.8;20.9;11.2;80.6;1.1;2024;26;15.4;20.9;11.2;80.3;1.9;TOTAL;2
PIURA;MORROPON;21.3;27.3;15.8;71.5;1.1;2024;26;20.5;25.9;16.2;77.5;0.8;TOTAL;15
PIURA;PAITA;20.7;25.9;17.5;77.8;0.3;2024;26;21.1;25.9;18.1;78.1;0.4;TOTAL;14
PIURA;PIURA;22.2;28.9;17.3;69.9;0.2;2024;26;22;28.2;17.7;72.8;0.5;TOTAL;111
PIURA;SECHURA;20.2;25.2;17.3;78.8;0.8;2024;26;20.6;25.1;17.9;79.6;0.6;TOTAL;12
PIURA;SULLANA;22.8;29.4;18;69.1;0.1;2024;26;22.6;29;18.1;71.2;0.5;TOTAL;8
PIURA;TALARA;21.8;27.7;18.3;72.9;0.2;2024;26;21.7;27.3;18.4;75;0.5;TOTAL;1
PIURA;AYABACA;18.3;23.8;14.1;77.1;4.7;2024;27;17.8;23.4;13.6;77.3;1.4;;
PIURA;HUANCABAMBA;15.9;21.2;11.5;80.4;3.1;2024;27;15.3;21;10.9;79.2;1.7;TOTAL;1
PIURA;MORROPON;21.3;27.2;16.2;71.9;1.8;2024;27;20.2;25.8;15.9;77.3;0.8;TOTAL;11
PIURA;PAITA;20.8;25.7;18;78.3;0.2;2024;27;20.8;25.6;17.9;78.3;0.4;TOTAL;12
PIURA;PIURA;22.3;28.8;17.7;70.2;0.7;2024;27;21.8;28;17.5;72.9;0.3;TOTAL;106
PIURA;SECHURA;20.5;25.3;17.6;78.2;0.2;2024;27;20.3;24.8;17.7;79.7;0.4;TOTAL;11
PIURA;SULLANA;22.8;29.2;18.3;70;0.3;2024;27;22.3;28.9;17.8;71.3;0.3;TOTAL;13
PIURA;TALARA;21.8;27.3;18.6;74.5;0.1;2024;27;21.5;27.1;18.1;75.1;0.4;TOTAL;5
PIURA;AYABACA;18.7;24.8;14.1;72.6;2.2;2024;28;17.8;23.4;13.6;76.8;1.9;;
PIURA;HUANCABAMBA;16;21.6;11.3;76.9;1;2024;28;15.3;21.1;10.9;78.6;2;;
PIURA;MORROPON;20.9;27.1;15.9;72;0.4;2024;28;20.1;25.7;15.7;77;1.1;TOTAL;8
PIURA;PAITA;20.4;25.1;17.5;77.8;0.1;2024;28;20.5;25.3;17.5;78.3;1.2;TOTAL;3
PIURA;PIURA;21.7;28.2;17.2;71.3;0;2024;28;21.5;27.8;17.2;72.7;1.1;TOTAL;90
PIURA;SECHURA;19.8;24.3;17.3;79.3;0.1;2024;28;20;24.5;17.4;79.5;0.9;TOTAL;11
PIURA;SULLANA;22.5;29.2;17.8;69.2;0.1;2024;28;22.1;28.8;17.5;70.8;1;TOTAL;10
PIURA;TALARA;21.5;27.1;18.1;73.5;0.2;2024;28;21.2;26.9;17.8;75;0.8;TOTAL;2
PIURA;AYABACA;18.5;25.2;13.2;66.6;0.4;2024;29;17.8;23.6;13.5;75.5;1;;
PIURA;HUANCABAMBA;15.6;22;10.3;71.4;0;2024;29;15.3;21.2;10.7;77.5;1.5;TOTAL;1
PIURA;MORROPON;20.4;27;14.6;69.1;0;2024;29;19.9;25.6;15.5;76.8;0.5;TOTAL;4
PIURA;PAITA;19.6;24.6;16.3;77.5;0;2024;29;20.3;25.1;17.3;78.4;0.4;TOTAL;3
PIURA;PIURA;21.1;28;15.9;69.8;0;2024;29;21.3;27.7;17;72.8;0.3;TOTAL;52
PIURA;SECHURA;19;23.7;16.1;79.1;0;2024;29;19.8;24.4;17.2;79.5;0.5;TOTAL;9
PIURA;SULLANA;22.1;29.3;16.6;66.9;0;2024;29;22;28.7;17.3;70.7;0.2;TOTAL;8
PIURA;TALARA;20.9;26.9;17;72.2;0;2024;29;21.1;26.8;17.6;75;0.2;TOTAL;2
PIURA;AYABACA;18.4;25.7;12.6;67.2;0.8;2024;30;18;23.9;13.6;74.8;1;;
PIURA;HUANCABAMBA;15.8;22.4;10.4;72.8;0.2;2024;30;15.4;21.4;10.9;76.8;2;;
PIURA;MORROPON;20.2;26.9;14.7;70.2;0.1;2024;30;20;25.7;15.6;76.9;0.6;TOTAL;5
PIURA;PAITA;19.5;24.8;16.1;77.6;0;2024;30;20.3;25.1;17.3;78.5;0.2;TOTAL;1
PIURA;PIURA;21;28.1;15.9;70.1;0;2024;30;21.3;27.7;17;73;0.2;TOTAL;38
PIURA;SECHURA;19.1;24;16.2;78.9;0;2024;30;19.8;24.3;17.2;79.6;0.2;TOTAL;2
PIURA;SULLANA;21.8;29.3;16.4;67.1;0;2024;30;22;28.7;17.3;70.8;0.2;TOTAL;4
PIURA;TALARA;20.7;26.9;16.6;72.1;0;2024;30;21;26.8;17.6;75.1;0.2;;
PIURA;AYABACA;18.8;25.9;13.2;67.8;1.4;2024;31;17.9;24.1;13.2;73.8;1;;
PIURA;HUANCABAMBA;16.2;22.8;10.7;71.6;0.2;2024;31;15.4;21.6;10.5;75.6;1.2;;
PIURA;MORROPON;20.7;27.2;15.2;71.4;0.1;2024;31;19.7;25.5;15.2;76.6;0.8;TOTAL;6
PIURA;PAITA;19.8;24.8;16.5;79.4;0;2024;31;20;24.8;17.1;78.5;0.2;;
PIURA;PIURA;21.5;28.6;16.4;70.9;0;2024;31;21.1;27.5;16.7;72.9;0.3;TOTAL;37
PIURA;SECHURA;19.5;24.5;16.4;79.2;0;2024;31;19.6;24.1;16.9;79.4;0.4;TOTAL;3
PIURA;SULLANA;22.2;29.5;17.1;69.6;0;2024;31;21.7;28.6;17;70.8;0.1;TOTAL;7
PIURA;TALARA;20.7;26.6;17.1;75.5;0;2024;31;20.8;26.6;17.3;75.1;0.1;TOTAL;1
PIURA;AYABACA;18.5;24.6;13.9;73.2;2.4;2024;32;18;24.3;13.3;72.9;1;;
PIURA;HUANCABAMBA;16.1;21.8;11.4;76.7;0.5;2024;32;15.5;21.7;10.7;75.1;1.3;;
PIURA;MORROPON;20.1;26;15.4;73.7;0.4;2024;32;19.8;25.8;15.2;76;0.6;TOTAL;3
PIURA;PAITA;20;24.8;16.9;77.2;0;2024;32;20;24.9;17;78;0.2;;
PIURA;PIURA;21;27.5;16.4;71.3;0;2024;32;21.1;27.8;16.6;72.2;0.2;TOTAL;25
PIURA;SECHURA;19.4;24;16.7;78.7;0;2024;32;19.6;24.3;16.9;78.8;0.1;TOTAL;3
PIURA;SULLANA;21.7;28.5;16.8;69.2;0;2024;32;21.8;28.9;17;70;0.1;TOTAL;2
PIURA;TALARA;20.8;26.6;17.2;73.8;0.1;2024;32;20.8;26.7;17.3;74.7;0.1;TOTAL;1
PIURA;AYABACA;19;26.1;13.5;64.4;1.9;2024;33;18.1;24.4;13.3;73.2;0.9;;
PIURA;HUANCABAMBA;16.2;22.7;10.7;69.4;0.3;2024;33;15.6;21.8;10.7;75.4;1.6;;
PIURA;MORROPON;20.7;27.2;15.2;69.1;0.2;2024;33;20;25.9;15.2;76;0.7;TOTAL;3
PIURA;PAITA;19.5;24.3;16.3;77.9;0.1;2024;33;20;25;17;78.2;0.2;TOTAL;1
PIURA;PIURA;21.3;28.3;16.1;69.1;0;2024;33;21.2;27.9;16.7;72.2;0.2;TOTAL;45
PIURA;SECHURA;19.1;24.2;16.1;77.8;0;2024;33;19.6;24.4;16.9;78.8;0.2;TOTAL;8
PIURA;SULLANA;22.1;29.4;17;67.2;0;2024;33;21.9;28.9;17.1;70.2;0.2;TOTAL;1
PIURA;TALARA;20.7;26.3;17.1;73.6;0;2024;33;20.8;26.7;17.3;75;0.1;;
PIURA;AYABACA;18.9;25.6;13.7;67.6;1.7;2024;34;18.1;24.4;13.3;73;0.8;;
PIURA;HUANCABAMBA;16.4;22.4;11.7;72.2;1;2024;34;15.7;21.9;10.8;75.2;1.3;;
PIURA;MORROPON;20.3;26.4;15.5;72.1;0.3;2024;34;20;25.9;15.3;75.9;0.8;;
PIURA;PAITA;19.9;25.1;16.6;76.7;0;2024;34;19.9;25;16.9;78.1;0.2;TOTAL;2
PIURA;PIURA;21.2;28.1;16.5;70;0;2024;34;21.2;27.9;16.7;72;0.4;TOTAL;43
PIURA;SECHURA;19.3;24.3;16.5;77.8;0.1;2024;34;19.5;24.4;16.8;78.8;0.4;TOTAL;4
PIURA;SULLANA;22;29.2;17;68;0;2024;34;21.9;29;17.1;70;0.2;TOTAL;3
PIURA;TALARA;20.8;26.9;17.1;73.3;0;2024;34;20.7;26.7;17.2;74.8;0.1;;
PIURA;AYABACA;19.2;26.5;13.4;63.3;3.4;2024;35;18.2;24.4;13.6;73.8;0.9;;
PIURA;HUANCABAMBA;16.6;23.1;10.8;67.7;2.4;2024;35;15.8;21.9;11.1;75.8;2;;
PIURA;MORROPON;20.6;27.2;15.4;70.1;1.5;2024;35;20;26;15.4;76;1.1;TOTAL;6
PIURA;PAITA;19.8;25.1;16.7;77.4;0.1;2024;35;20;25.1;16.9;78;0.2;TOTAL;2
PIURA;PIURA;21.4;28.6;16.6;69.9;0.4;2024;35;21.3;28;16.7;71.8;0.3;TOTAL;28
PIURA;SECHURA;19.4;24.4;16.6;78.6;0.3;2024;35;19.6;24.5;16.8;78.5;0.4;TOTAL;2
PIURA;SULLANA;22.2;29.5;17;67.7;0.1;2024;35;21.9;29.1;17.1;69.9;0.1;TOTAL;4
PIURA;TALARA;20.8;26.9;17;73.5;0.3;2024;35;20.7;26.7;17.2;74.8;0.1;;
PIURA;AYABACA;19.3;26.8;13.5;62.1;2.7;2024;36;18.2;24.3;13.6;74.5;2.2;;
PIURA;HUANCABAMBA;16.7;23.5;11.2;66.9;0.3;2024;36;15.9;21.8;11.1;76.4;3.8;;
PIURA;MORROPON;20.4;27.2;15.1;68.8;0.3;2024;36;20.2;26.2;15.5;75.8;1.6;TOTAL;5
PIURA;PAITA;19;24.3;15.7;77.7;0;2024;36;20.1;25.2;17;77.8;0.4;TOTAL;1
PIURA;PIURA;21;28.4;15.8;68.7;0;2024;36;21.5;28.3;16.9;71.4;0.5;TOTAL;56
PIURA;SECHURA;18.8;24;15.7;77.8;0.1;2024;36;19.7;24.7;16.8;78.4;0.5;TOTAL;6
PIURA;SULLANA;21.7;29.5;16.3;67.2;0.2;2024;36;22.1;29.3;17.3;69.6;0.5;TOTAL;2
PIURA;TALARA;20.2;26.3;16.4;73.1;0.3;2024;36;20.9;26.8;17.3;74.7;0.4;;
PIURA;AYABACA;19.8;27.4;13.7;61.6;2.4;2024;37;18.3;24.4;13.6;74.7;3;;
PIURA;HUANCABAMBA;17.2;24.1;11.4;65.9;0.8;2024;37;15.9;21.9;11.2;76.7;5;;
PIURA;MORROPON;21.3;28.2;15.8;68.1;0.4;2024;37;20.3;26.3;15.6;75.5;2.1;;
PIURA;PAITA;19.7;25.2;16.4;77.3;0;2024;37;20.1;25.3;17;77.5;0.4;TOTAL;1
PIURA;PIURA;21.9;29.6;16.5;67.6;0;2024;37;21.5;28.4;16.9;71.1;0.7;TOTAL;42
PIURA;SECHURA;19.5;25;16.4;77.4;0.1;2024;37;19.7;24.8;16.8;78.3;0.8;TOTAL;7
PIURA;SULLANA;22.6;30.5;17;65.8;0.4;2024;37;22.2;29.4;17.4;69.4;0.6;TOTAL;5
PIURA;TALARA;20.9;27.2;16.9;72.2;0.6;2024;37;20.9;26.9;17.4;74.4;0.4;TOTAL;1
PIURA;AYABACA;20;27.1;14.9;65.3;7.7;2024;38;18.3;24.2;13.8;76.2;1.7;TOTAL;1
PIURA;HUANCABAMBA;17.2;23.6;12.1;70.6;2.3;2024;38;16;21.8;11.5;77.8;2.7;;
PIURA;MORROPON;21.5;28.3;16.2;68.2;3.3;2024;38;20.5;26.4;15.8;75.7;1.4;TOTAL;2
PIURA;PAITA;19.7;25.6;16.5;77.5;0.4;2024;38;20.3;25.6;17.2;77.2;0.9;;
PIURA;PIURA;21.9;29.7;16.6;67.8;0.9;2024;38;21.7;28.7;17.1;71;0.6;TOTAL;51
PIURA;SECHURA;19.4;25;16.3;77.1;1.7;2024;38;19.8;24.9;16.9;78.3;0.6;TOTAL;6
PIURA;SULLANA;22.6;30.6;17.4;66.6;1.1;2024;38;22.4;29.6;17.6;69.2;0.8;TOTAL;1
PIURA;TALARA;20.8;27.2;17.2;73.5;0.5;2024;38;21.1;27.2;17.6;74.2;0.6;TOTAL;1
PIURA;AYABACA;18.9;24.5;14.7;74.7;12.5;2024;39;18.2;23.9;14;77.7;2.2;;
PIURA;HUANCABAMBA;16.7;22;12.7;77.6;27.1;2024;39;16;21.5;11.7;79.4;3.6;;
PIURA;MORROPON;20.9;26.7;16.5;73.2;21.8;2024;39;20.5;26.5;15.9;75.6;1.2;;
PIURA;PAITA;19.9;25.1;17;78.4;10.5;2024;39;20.3;25.5;17.2;77.3;0.4;;
PIURA;PIURA;21.8;28.6;17.2;70.1;8.2;2024;39;21.7;28.7;17;70.9;0.4;TOTAL;27
PIURA;SECHURA;19.7;24.8;16.9;78.2;9.9;2024;39;19.8;25;16.9;78.1;0.6;TOTAL;4
PIURA;SULLANA;22.3;29.3;17.7;69.3;5.9;2024;39;22.4;29.6;17.6;69.3;0.4;TOTAL;5
PIURA;TALARA;20.8;26.6;17.4;75.1;8.3;2024;39;21.1;27.1;17.6;74.2;0.3;;
PIURA;AYABACA;18.2;23.7;14.6;81.8;26.9;2024;40;18.3;23.9;14.1;78;2;;
PIURA;HUANCABAMBA;16.2;21;12.4;84.4;15.7;2024;40;16;21.5;11.8;80.3;3.7;;
PIURA;MORROPON;21.5;27.3;17.1;75.6;5.8;2024;40;20.7;26.6;16;75.4;1.3;TOTAL;4
PIURA;PAITA;20.7;26.4;17.6;78.1;6.6;2024;40;20.4;25.7;17.3;76.9;0.3;;
PIURA;PIURA;22.4;29.5;17.8;71.4;2.6;2024;40;21.9;28.9;17.1;70.5;0.5;TOTAL;62
PIURA;SECHURA;20.1;25.3;17.3;79.9;5;2024;40;19.9;25.1;17;78.1;0.3;TOTAL;6
PIURA;SULLANA;23.2;30.7;18.5;69.4;2.3;2024;40;22.5;29.8;17.7;68.7;0.5;TOTAL;2
PIURA;TALARA;21.6;27.7;18.3;74.7;7.1;2024;40;21.2;27.3;17.7;73.8;0.3;;
PIURA;AYABACA;18.6;23.7;14.7;79.5;16.5;2024;41;18.1;23.6;14;79.2;3.9;;
PIURA;HUANCABAMBA;16.1;20.4;12.7;85.2;4.2;2024;41;15.9;21.2;11.8;80.9;4.9;;
PIURA;MORROPON;20.7;26;16.7;78.3;3.2;2024;41;20.7;26.7;16;75.4;2;;
PIURA;PAITA;20.8;26;17.8;76.5;2;2024;41;20.4;25.8;17.3;76.9;0.8;;
PIURA;PIURA;22;28.4;17.6;71.9;0.7;2024;41;21.9;29;17.2;70.5;1.1;TOTAL;48
PIURA;SECHURA;19.9;24.4;17.4;79.7;1.9;2024;41;20;25.2;17;78;0.9;TOTAL;4
PIURA;SULLANA;23;30;18.3;67.8;0.2;2024;41;22.5;29.9;17.7;68.7;0.7;TOTAL;5
PIURA;TALARA;21.6;27.4;18.2;73.2;2.2;2024;41;21.2;27.3;17.7;73.8;0.9;TOTAL;1
PIURA;AYABACA;19.2;25.5;14;71.8;5.6;2024;42;18;23.4;13.9;79.1;5.3;;
PIURA;HUANCABAMBA;16.7;22.3;11.9;76.6;1.8;2024;42;15.8;21;11.7;80.6;8.7;TOTAL;1
PIURA;MORROPON;21.5;27.9;16.2;71.8;0.9;2024;42;20.6;26.6;16;75.6;4.7;TOTAL;1
PIURA;PAITA;20.4;25.6;17.3;77.8;0.1;2024;42;20.4;25.7;17.3;77.4;1.4;TOTAL;1
PIURA;PIURA;22.4;29.8;17.2;69;0.3;2024;42;21.8;28.9;17.1;71;2.5;TOTAL;44
PIURA;SECHURA;20.2;25.5;17.2;77.9;0.3;2024;42;20;25.2;17.1;78.3;2.1;TOTAL;9
PIURA;SULLANA;23;30.6;17.9;67.8;0.2;2024;42;22.4;29.8;17.6;69.2;1.7;TOTAL;4
PIURA;TALARA;21.3;27.3;17.8;74;0.1;2024;42;21.1;27.2;17.6;74.5;1.3;TOTAL;4
PIURA;AYABACA;19.2;24.6;15.1;75.9;2.4;2024;43;18;23.2;14.1;80.9;4.5;;
PIURA;HUANCABAMBA;16.8;21.4;13.4;82;2;2024;43;15.8;20.8;11.9;83.1;8.2;;
PIURA;MORROPON;21.5;27.6;17;72.7;1.3;2024;43;20.7;26.8;16.2;76;3.2;;
PIURA;PAITA;20.8;26;17.8;76.8;0;2024;43;20.6;26;17.6;77.3;0.9;TOTAL;2
PIURA;PIURA;22.5;29.7;17.6;68.6;0.1;2024;43;22.1;29.3;17.4;70.8;1.4;TOTAL;49
PIURA;SECHURA;20.4;25.6;17.4;77.6;0;2024;43;20.3;25.7;17.4;77.8;1.4;TOTAL;8
PIURA;SULLANA;23.1;30.7;18;66.9;0.1;2024;43;22.5;30;17.8;69.4;0.6;TOTAL;5
PIURA;TALARA;21.6;27.8;18;73.1;0;2024;43;21.3;27.4;17.8;74.5;0.6;;
PIURA;AYABACA;18.9;23.9;15.2;76;13.7;2024;44;18;23.2;14.1;80.9;2.6;;
PIURA;HUANCABAMBA;16.4;20.9;12.9;83;8.8;2024;44;15.8;20.8;11.9;82.3;5.1;;
PIURA;MORROPON;21.4;27.2;16.7;72.4;4.5;2024;44;20.8;26.9;16.2;75.6;1.4;TOTAL;1
PIURA;PAITA;20.3;25.6;17.3;77.3;0.4;2024;44;20.9;26.3;17.9;77.1;0.5;;
PIURA;PIURA;22.3;29.4;17.5;68.5;1.8;2024;44;22.2;29.4;17.5;70.6;0.5;TOTAL;63
PIURA;SECHURA;20.3;25.5;17.2;77;0.2;2024;44;20.6;25.9;17.6;77.8;0.7;TOTAL;6
PIURA;SULLANA;22.9;30.5;18;67;0.4;2024;44;22.8;30.2;17.9;69.2;0.3;TOTAL;3
PIURA;TALARA;21.1;27.2;17.6;73.6;0.3;2024;44;21.5;27.7;18;74.4;0.4;TOTAL;1
PIURA;AYABACA;18.5;24.2;14.2;74;9.9;2024;45;17.9;23.1;14.1;81.6;5.3;;
PIURA;HUANCABAMBA;16.4;21.1;12.9;77.4;13.2;2024;45;15.8;20.7;12;83.4;8.2;TOTAL;1
PIURA;MORROPON;21.2;27.3;16.8;73.5;3.5;2024;45;20.7;26.6;16.3;76.4;3.4;TOTAL;4
PIURA;PAITA;20.3;25.3;17.7;80.2;0.5;2024;45;20.9;26.2;17.8;77.4;0.9;TOTAL;1
PIURA;PIURA;22;28.9;17.8;72;2.2;2024;45;22.1;29.2;17.6;71.3;1.4;TOTAL;62
PIURA;SECHURA;20.3;25.2;17.8;80.1;0.8;2024;45;20.5;25.7;17.6;78.2;1.3;TOTAL;4
PIURA;SULLANA;22.4;29.8;17.8;70.3;0.1;2024;45;22.7;29.9;17.9;69.5;0.6;TOTAL;2
PIURA;TALARA;20.9;26.8;17.7;76.7;0.5;2024;45;21.4;27.6;18;74.5;0.5;TOTAL;1
PIURA;AYABACA;18.3;25.4;12.3;62.1;2.7;2024;46;18;23.2;14.1;81.1;5.4;;
PIURA;HUANCABAMBA;16.4;22.7;11.3;59;2.1;2024;46;15.8;20.9;11.7;82.5;8.8;TOTAL;1
PIURA;MORROPON;21;28.5;15;66.2;0.7;2024;46;21;27.1;16.4;75.7;2.8;TOTAL;3
PIURA;PAITA;20;25.9;16.6;79.1;0;2024;46;21.2;26.5;18.1;77.3;0.9;TOTAL;2
PIURA;PIURA;21.7;29.7;16.4;69.4;0;2024;46;22.5;29.6;17.8;71;1.1;TOTAL;54
PIURA;SECHURA;20.4;26.2;17.1;77.4;0;2024;46;20.9;26.2;17.9;77.7;0.9;TOTAL;9
PIURA;SULLANA;22.1;30.5;16.5;68;0;2024;46;22.9;30.2;18.1;69.6;0.7;TOTAL;7
PIURA;TALARA;20.6;27.1;16.8;75;0.1;2024;46;21.6;27.8;18.2;74.7;0.7;;
PIURA;AYABACA;18.6;24.9;13.6;66.3;6.6;2024;47;17.9;23.1;13.9;80.3;4.4;;
PIURA;HUANCABAMBA;16.5;21.7;12.6;71;6.6;2024;47;15.7;20.7;11.6;81.8;5.6;;
PIURA;MORROPON;21.5;28.2;16.2;67.9;1.2;2024;47;21;27;16.4;75.4;2.6;TOTAL;1
PIURA;PAITA;21;26.3;17.7;77.6;0.1;2024;47;21.2;26.5;18.1;77.6;1.2;TOTAL;2
PIURA;PIURA;22.4;29.9;17.4;69;0.1;2024;47;22.5;29.5;17.8;71;1.2;TOTAL;57
PIURA;SECHURA;21.1;26.4;17.7;77.4;0.3;2024;47;21;26.2;18;78.2;1.6;TOTAL;13
PIURA;SULLANA;22.6;30.5;17.4;66.9;0;2024;47;23;30.2;18.2;69.4;1.2;TOTAL;2
PIURA;TALARA;21.3;27.6;17.6;73.8;0;2024;47;21.8;27.8;18.2;74.6;0.9;;
PIURA;AYABACA;18.8;24.1;15.3;80;7.7;2024;48;18.1;23.2;14.2;81.2;3.9;;
PIURA;HUANCABAMBA;16.4;20.9;13.3;86.1;6.2;2024;48;15.9;20.8;12;83;5.5;TOTAL;1
PIURA;MORROPON;22.2;28;17.9;74.4;1.8;2024;48;21.3;27.2;16.8;75.9;2;TOTAL;3
PIURA;PAITA;22.3;27.5;19.5;76.4;0.7;2024;48;21.7;27;18.6;76.9;0.8;TOTAL;6
PIURA;PIURA;23.7;30.5;19.3;69.6;1.4;2024;48;22.9;29.9;18.3;70.9;1.1;TOTAL;56
PIURA;SECHURA;22.2;27.2;19.3;76.9;1.4;2024;48;21.4;26.7;18.4;77.7;1;TOTAL;12
PIURA;SULLANA;23.9;31.4;19.4;67.2;0.4;2024;48;23.3;30.5;18.6;69.2;1;TOTAL;4
PIURA;TALARA;22.6;28.6;19.2;72.9;0.4;2024;48;22.2;28.2;18.7;74;0.6;TOTAL;1
PIURA;AYABACA;19.2;24.5;15.2;77.5;18.4;2024;49;18.1;23.1;14.4;81.9;4.6;;
PIURA;HUANCABAMBA;16.6;21.3;13;83.9;5.2;2024;49;15.8;20.6;12.1;83.8;6;;
PIURA;MORROPON;22.7;28.7;18.1;74;5.1;2024;49;21.6;27.3;17.2;76.3;2.9;TOTAL;8
PIURA;PAITA;22.6;27.8;19.6;76.5;0.9;2024;49;22.2;27.4;19.1;77;1.6;TOTAL;1
PIURA;PIURA;24.4;31.6;19.6;68.5;3.9;2024;49;23.3;30.2;18.7;71;1.4;TOTAL;63
PIURA;SECHURA;22.5;27.9;19.5;77.1;1.4;2024;49;21.9;27.1;18.9;78;1.5;TOTAL;17
PIURA;SULLANA;24.7;32.2;19.8;66;2.1;2024;49;23.7;30.7;19;69.4;1.1;TOTAL;3
PIURA;TALARA;23.1;29.1;19.6;72.4;1;2024;49;22.6;28.5;19.1;74.3;0.7;;
PIURA;AYABACA;19.1;24;15.6;76.7;7.8;2024;50;18.2;23;14.8;83.2;5.8;;
PIURA;HUANCABAMBA;16.2;20.4;13.2;85.6;4;2024;50;16;20.5;12.5;85.5;7.1;;
PIURA;MORROPON;22.9;28.9;18.5;71.5;3.1;2024;50;21.9;27.5;17.6;76.5;2.7;TOTAL;22
PIURA;PAITA;22.7;28.1;19.5;74.5;1.7;2024;50;22.5;27.6;19.5;77.1;1.5;TOTAL;5
PIURA;PIURA;24.5;31.6;19.6;66.5;1.2;2024;50;23.7;30.5;19.2;70.9;1.4;TOTAL;46
PIURA;SECHURA;22.3;27.7;19.1;76.4;2.2;2024;50;22.2;27.4;19.2;77.8;1.4;TOTAL;10
PIURA;SULLANA;25;32.4;20.1;63.7;0.7;2024;50;23.9;30.8;19.5;69.9;1.1;TOTAL;1
PIURA;TALARA;23.5;29.6;20;69.3;1.4;2024;50;22.8;28.5;19.5;74.6;1;;
PIURA;AYABACA;19.3;24.7;15.6;75.9;3.8;2024;51;18.1;22.8;14.7;83.6;4.5;;
PIURA;HUANCABAMBA;16.7;21.1;13.4;83;2.3;2024;51;15.9;20.4;12.4;85.7;4.6;TOTAL;1
PIURA;MORROPON;23.2;29.4;18.4;69;0.9;2024;51;22.2;27.7;17.9;76.8;1.8;TOTAL;14
PIURA;PAITA;22.5;27.7;19.3;75.3;0.4;2024;51;22.9;27.9;19.9;77.1;1.4;TOTAL;5
PIURA;PIURA;24.5;31.6;19.3;66.1;0.7;2024;51;24.1;30.7;19.6;70.9;1;TOTAL;31
PIURA;SECHURA;22.3;27.6;18.9;76.1;0.7;2024;51;22.8;27.9;19.7;77.3;0.7;TOTAL;4
PIURA;SULLANA;24.9;32.3;20;63.7;0.9;2024;51;24.2;30.9;19.8;70.1;0.9;TOTAL;4
PIURA;TALARA;23.3;29.1;19.8;69.7;0.6;2024;51;23.2;28.8;19.9;74.5;0.9;;
PIURA;AYABACA;18.5;23.4;15.7;84;29.5;2024;52;18.2;22.9;15;84.1;6.5;;
PIURA;HUANCABAMBA;16.1;20.1;13.5;91.2;14.1;2024;52;16;20.6;12.6;85.7;7.9;;
PIURA;MORROPON;22.6;28.3;19;76.5;9.9;2024;52;22.5;27.8;18.4;77.2;3.6;TOTAL;5
PIURA;PAITA;23.4;28.6;20.6;73.7;11.1;2024;52;23.4;28.4;20.4;77.2;1.6;TOTAL;1
PIURA;PIURA;24.4;31;20.5;70;8.1;2024;52;24.6;31;20.2;71.1;2;TOTAL;24
PIURA;SECHURA;22.8;27.6;20.2;76.9;7.2;2024;52;23.3;28.3;20.2;77.5;1.3;TOTAL;2
PIURA;SULLANA;24.8;31.8;20.7;66.5;9.9;2024;52;24.5;30.9;20.4;70.9;1.8;TOTAL;4
PIURA;TALARA;23.9;29.7;20.7;70;7.5;2024;52;23.5;29;20.4;75.1;1.4;TOTAL;1
PIURA;AYABACA;17.9;22.1;15.6;89.3;53.2;2025;1;18.3;22.8;15.2;84.5;5.8;;
PIURA;HUANCABAMBA;15.7;19.4;13.4;92.3;32.5;2025;1;16.1;20.5;12.8;85.9;5.7;;
PIURA;MORROPON;22;26.3;19.1;84.8;31.4;2025;1;22.7;28;18.8;77.5;3.3;TOTAL;2
PIURA;PAITA;23.1;27.4;20.6;80.3;11.8;2025;1;23.8;28.7;20.9;76.9;1.5;;
PIURA;PIURA;23.8;28.9;20.4;78.4;17.4;2025;1;25;31.3;20.8;70.8;2.1;TOTAL;26
PIURA;SECHURA;22.4;26.1;20.1;84.2;15.9;2025;1;23.7;28.7;20.7;77.2;1.1;TOTAL;4
PIURA;SULLANA;24.2;29.7;20.8;75;12.8;2025;1;24.8;31;20.8;71.1;1.9;TOTAL;1
PIURA;TALARA;23.6;28.3;20.7;77.4;9.7;2025;1;23.9;29.2;20.9;75.1;1.4;;
PIURA;AYABACA;18.4;22.2;15.8;87.6;42.6;2025;2;18.2;22.7;15.1;84.6;7;;
PIURA;HUANCABAMBA;16.2;19.9;13.5;90.2;38.1;2025;2;16;20.5;12.8;85.9;6.2;;
PIURA;MORROPON;22.6;26.7;19.4;81.5;21;2025;2;22.9;28.1;18.9;77.2;3.8;TOTAL;2
PIURA;PAITA;24;28.9;21.2;76.9;9;2025;2;24.1;29;21.2;76.8;1.3;;
PIURA;PIURA;24.6;30.2;20.9;74.6;11.8;2025;2;25.2;31.6;21;70.6;2.2;TOTAL;28
PIURA;SECHURA;23.5;28.4;20.6;79.3;4.9;2025;2;24;29;21;77.2;1.4;TOTAL;6
PIURA;SULLANA;24.7;30.2;21.1;73;10.3;2025;2;24.9;30.9;21;71.6;2.2;TOTAL;9
PIURA;TALARA;24.3;29.3;21.4;74.3;7.5;2025;2;24.1;29.2;21.1;75.1;1.1;TOTAL;3
PIURA;AYABACA;18.4;23;15.2;81;45.5;2025;3;18.1;22.6;15.1;85.3;8.5;;
PIURA;HUANCABAMBA;16.1;20.6;12.6;83.7;12.5;2025;3;16;20.4;12.7;86.5;6.7;;
PIURA;MORROPON;23.7;28.9;19.5;71;8;2025;3;23;28.2;19.1;76.9;4.8;;
PIURA;PAITA;24.2;29.5;20.9;73.3;1.7;2025;3;24.4;29.2;21.6;76.5;2.7;TOTAL;2
PIURA;PIURA;25.9;32.6;21;64.6;5.5;2025;3;25.5;31.7;21.4;70;3.5;TOTAL;34
PIURA;SECHURA;24.1;29.8;20.3;72.2;3.1;2025;3;24.4;29.3;21.3;76.4;2;TOTAL;1
PIURA;SULLANA;25.7;32.2;21.2;65.4;14.8;2025;3;25.1;30.9;21.3;71.7;3.8;TOTAL;8
PIURA;TALARA;24.8;30.5;21.3;68.9;5;2025;3;24.3;29.3;21.4;75;2.4;;
PIURA;AYABACA;18.8;24.1;14.7;76.3;16.9;2025;4;18.3;22.7;15.3;85.4;7.7;;
PIURA;HUANCABAMBA;16;20.6;12.3;83.8;6.4;2025;4;16.1;20.5;13;86.5;6.1;TOTAL;2
PIURA;MORROPON;23.6;29.7;18.8;69.5;3.3;2025;4;23.2;28.3;19.4;77.1;5.2;TOTAL;5
PIURA;PAITA;23.7;29.3;19.9;73.6;0.7;2025;4;24.8;29.6;21.9;75.6;1.3;TOTAL;3
PIURA;PIURA;25.5;32.9;20;64.2;0.7;2025;4;25.8;32;21.7;69.5;2.3;TOTAL;40
PIURA;SECHURA;23.5;29.1;19.7;75.4;0.4;2025;4;24.8;29.7;21.7;75.3;1.2;TOTAL;5
PIURA;SULLANA;25.6;33;20.3;62.5;0.5;2025;4;25.2;30.9;21.5;72.1;2.8;TOTAL;3
PIURA;TALARA;24.4;30.6;20.4;67.7;0.6;2025;4;24.6;29.4;21.7;75.1;1.1;;
PIURA;AYABACA;19;24;15.4;80;14.7;2025;5;18.2;22.4;15.5;87.9;8.3;;
PIURA;HUANCABAMBA;16.4;21.1;13.2;84.9;4.7;2025;5;16.2;20.4;13.2;88.4;6.5;;
PIURA;MORROPON;24.2;30.1;19.7;70.5;7.3;2025;5;23.2;27.8;19.8;80;7.1;TOTAL;1
PIURA;PAITA;24.6;29.9;21.5;72.8;2;2025;5;25.1;29.6;22.5;76.2;3.9;TOTAL;1
PIURA;PIURA;26.5;33.4;21.7;63.5;3.4;2025;5;25.9;31.5;22.2;71.9;5.7;TOTAL;34
PIURA;SECHURA;24.5;29.6;21.2;74.1;4.5;2025;5;25.2;29.9;22.3;75.5;4.9;TOTAL;2
PIURA;SULLANA;26.4;33.5;21.9;62.6;3.2;2025;5;25.2;30.4;21.9;75;6.4;TOTAL;2
PIURA;TALARA;24.9;30.6;21.7;68.7;2.7;2025;5;24.8;29.1;22.1;76.8;5.2;;
PIURA;AYABACA;18.7;22.9;16;86.4;40.4;2025;6;18.1;22.1;15.6;89.1;15.9;;
PIURA;HUANCABAMBA;16.3;20.2;13.4;89.8;25.7;2025;6;16.2;20.3;13.4;88.9;10.8;;
PIURA;MORROPON;24.3;29.3;20.7;73.9;22.1;2025;6;23.1;27.4;19.9;82;13.1;TOTAL;2
PIURA;PAITA;25.1;30;22.3;74;7.5;2025;6;25.3;29.5;22.7;77.3;6.8;;
PIURA;PIURA;26.7;33;22.7;67;15.6;2025;6;25.8;30.9;22.4;74.3;10.7;TOTAL;41
PIURA;SECHURA;25.2;30;22.2;74.4;9.4;2025;6;25.4;29.9;22.6;76.1;4.1;TOTAL;3
PIURA;SULLANA;26.3;32.3;22.6;68;10.3;2025;6;25;29.8;22;77.6;13.3;TOTAL;3
PIURA;TALARA;25.5;30.5;22.4;70.6;5.9;2025;6;24.9;29;22.3;78;8.5;TOTAL;1
PIURA;AYABACA;18.2;22.5;16;91.3;132.5;2025;7;18.3;22.5;15.5;87.8;8.9;;
PIURA;HUANCABAMBA;16.2;20.1;13.9;91.7;67.2;2025;7;16.2;20.5;13.1;87.4;5.8;;
PIURA;MORROPON;23.6;27.7;20.9;84;50.7;2025;7;23.4;28;20;80;6.3;TOTAL;2
PIURA;PAITA;26.1;30.5;23.4;77.7;5;2025;7;25.7;30.2;22.9;75.7;1.5;;
PIURA;PIURA;26.3;31.4;23;76.1;24;2025;7;26.3;31.8;22.6;71.9;3.2;TOTAL;42
PIURA;SECHURA;26.5;31.3;23.4;74;3.7;2025;7;25.8;30.6;22.7;74.6;0.8;TOTAL;2
PIURA;SULLANA;25.5;30.6;22.4;79.1;42.8;2025;7;25.4;30.4;22.1;75.7;3.9;TOTAL;5
PIURA;TALARA;25.7;29.9;23;78.1;5.4;2025;7;25.2;29.5;22.5;76.6;1.8;TOTAL;2
PIURA;AYABACA;18;22;15.7;91.6;89.9;2025;8;18.2;22.3;15.6;89.3;16;;
PIURA;HUANCABAMBA;16;19.8;13.9;90.6;34.7;2025;8;16.2;20.3;13.4;89.2;10.3;;
PIURA;MORROPON;23.5;27.3;20.9;82.7;32.2;2025;8;23.3;27.6;20.1;81.5;11.5;TOTAL;1
PIURA;PAITA;26.3;30.9;23.9;73.7;7.4;2025;8;25.8;30.2;23;75.7;4.3;;
PIURA;PIURA;26.3;31.1;23.1;73.9;24.4;2025;8;26.1;31.4;22.6;73.3;8.2;TOTAL;33
PIURA;SECHURA;26.4;31;23.7;72.6;3.1;2025;8;25.9;30.5;22.9;74.7;3;TOTAL;2
PIURA;SULLANA;25.2;30.1;22.5;80.1;70.7;2025;8;25.3;30.3;22.1;76.5;11.9;TOTAL;3
PIURA;TALARA;25.5;29.7;23.1;78.5;27.6;2025;8;25.2;29.6;22.6;76.7;5.9;TOTAL;1
PIURA;AYABACA;18.4;22.2;16.3;93;103.9;2025;9;18.3;22.5;15.6;88.9;20.2;;
PIURA;HUANCABAMBA;16.5;20.2;14.3;92;38.6;2025;9;16.3;20.5;13.4;88.7;13.3;;
PIURA;MORROPON;23.2;27.2;20.8;88.6;43.3;2025;9;23.3;27.7;20.1;81.6;19;TOTAL;2
PIURA;PAITA;25.9;29.8;23.7;81.3;26;2025;9;25.7;30.1;23;76;6.5;TOTAL;3
PIURA;PIURA;25.6;30.3;22.8;82.5;43.8;2025;9;26.1;31.5;22.5;73.6;13.5;TOTAL;30
PIURA;SECHURA;25.4;29.4;23;82.6;21.8;2025;9;25.8;30.5;22.8;74.7;4.9;TOTAL;4
PIURA;SULLANA;25;29.5;22.6;84.7;88.5;2025;9;25.4;30.4;22.1;76.5;15.7;TOTAL;7
PIURA;TALARA;25.2;28.9;23.2;84.2;45.3;2025;9;25.2;29.6;22.6;76.8;9.1;;
PIURA;AYABACA;18.2;22.1;16.1;91.5;63.8;2025;10;18.4;22.5;15.7;88.8;18.1;;
PIURA;HUANCABAMBA;16.4;20;14.1;90.4;44.1;2025;10;16.3;20.5;13.4;88.6;13.3;;
PIURA;MORROPON;23.7;27.3;21.2;86.3;29.5;2025;10;23.4;27.7;20.2;81.8;18.5;TOTAL;1
PIURA;PAITA;27.3;31.5;24.4;74;4.8;2025;10;25.8;30.3;23.1;75.6;9.1;TOTAL;2
PIURA;PIURA;26.4;31.1;23.4;79.2;14.5;2025;10;26.2;31.5;22.7;73.5;14.5;TOTAL;35
PIURA;SECHURA;26.9;31.5;24;75.5;3.5;2025;10;26;30.8;22.9;74.1;7.4;TOTAL;1
PIURA;SULLANA;25.4;29.8;22.8;82.9;27.5;2025;10;25.4;30.4;22.3;76.9;16.1;TOTAL;6
PIURA;TALARA;25.9;29.7;23.4;80.9;12.3;2025;10;25.4;29.8;22.7;76.4;10;;
PIURA;AYABACA;18.1;22.2;15.7;91;68.3;2025;11;18.3;22.5;15.6;89;17.5;;
PIURA;HUANCABAMBA;16.1;19.9;13.5;91;38.5;2025;11;16.3;20.5;13.3;88.4;12.8;;
PIURA;MORROPON;23.5;27.7;20.3;81.6;29.9;2025;11;23.4;27.8;20.2;81.8;16.4;;
PIURA;PAITA;26;30.3;23.2;72.4;2.3;2025;11;25.8;30.3;23;75.5;5.7;;
PIURA;PIURA;26.2;31.2;22.6;71.6;15.6;2025;11;26.3;31.6;22.7;73.1;10.2;TOTAL;33
PIURA;SECHURA;25.9;30.4;22.9;71.2;3.5;2025;11;25.8;30.6;22.9;74.8;6;TOTAL;3
PIURA;SULLANA;25.3;30.2;22.2;77;12.3;2025;11;25.4;30.4;22.2;76.7;13.6;TOTAL;4
PIURA;TALARA;25.5;30;22.7;74.5;3.7;2025;11;25.3;29.7;22.7;76.4;7.9;;
PIURA;AYABACA;18.6;23.1;15.6;88.1;24.1;2025;12;18.3;22.4;15.7;90;25.4;;
PIURA;HUANCABAMBA;16.5;20.8;13.4;88.7;15.7;2025;12;16.2;20.3;13.4;89.6;18.1;;
PIURA;MORROPON;23.5;28.1;20;81.6;11.2;2025;12;23.2;27.5;20.1;82.9;28.8;TOTAL;1
PIURA;PAITA;25.5;30.5;22.6;72.8;0.9;2025;12;25.5;30;22.9;76.5;10.5;TOTAL;1
PIURA;PIURA;26.1;31.8;22.2;70.5;5.1;2025;12;26;31.2;22.5;74.7;22;TOTAL;27
PIURA;SECHURA;25.5;30.8;22.2;71;2;2025;12;25.5;30.1;22.6;76.4;7.8;TOTAL;4
PIURA;SULLANA;25.5;30.8;22;74.4;6.5;2025;12;25.3;30.3;22.2;77.7;24.2;TOTAL;3
PIURA;TALARA;25.4;30.3;22.4;73.2;1.4;2025;12;25.2;29.6;22.5;77.1;11.8;;
PIURA;AYABACA;18.9;23.4;16.1;89.8;46;2025;13;18.3;22.6;15.5;89.1;18.1;;
PIURA;HUANCABAMBA;16.8;20.7;14.1;89.6;14.5;2025;13;16.3;20.5;13.2;88.7;13.8;TOTAL;1
PIURA;MORROPON;23.9;28.3;20.6;81.7;38.3;2025;13;23.2;27.6;19.9;82.5;17.9;;
PIURA;PAITA;25.7;30.3;23.1;74.6;12.8;2025;13;25.3;29.9;22.5;76.2;9.1;;
PIURA;PIURA;26.4;31.8;22.7;72.5;42.3;2025;13;25.8;31.3;22.2;74.4;14.1;TOTAL;47
PIURA;SECHURA;25.5;30.1;22.6;73.6;13.1;2025;13;25.1;29.8;22.2;76.6;7.9;TOTAL;2
PIURA;SULLANA;25.7;31;22.4;77.4;83.5;2025;13;25.3;30.5;22;76.7;15.8;TOTAL;8
PIURA;TALARA;25.6;30;22.9;76.7;41.2;2025;13;25;29.6;22.3;76.5;11.7;;
PIURA;AYABACA;18.5;22.2;16.3;92.2;97.1;2025;14;18.4;22.6;15.5;88.6;19;;
PIURA;HUANCABAMBA;16.4;20.4;14.3;93.2;48.1;2025;14;16.3;20.6;13.2;88.2;15.3;;
PIURA;MORROPON;22.9;26.7;20.6;90.3;70.8;2025;14;23.1;27.6;19.6;82.2;15.1;TOTAL;1
PIURA;PAITA;24.6;28.3;22.3;86.5;16.4;2025;14;24.8;29.6;22;76.4;5.6;TOTAL;1
PIURA;PIURA;24.7;29;22;86.6;37.8;2025;14;25.5;31.1;21.7;74.8;9.9;TOTAL;39
PIURA;SECHURA;24;27.4;22;87;7.9;2025;14;24.3;29;21.5;78.6;3.6;TOTAL;4
PIURA;SULLANA;24.7;29.3;22;86;63.8;2025;14;25.1;30.4;21.7;76.6;14.8;TOTAL;7
PIURA;TALARA;24.8;28.7;22.5;85.9;33.3;2025;14;24.8;29.6;22;76;8.1;TOTAL;2
PIURA;AYABACA;18.5;22.5;16;91.4;52.8;2025;15;18.3;22.5;15.5;88.4;14.1;;
PIURA;HUANCABAMBA;16.4;20.4;13.7;91;24.2;2025;15;16.3;20.5;13.2;88.3;11;;
PIURA;MORROPON;22.8;26.8;19.8;88;20.5;2025;15;23;27.6;19.5;81.2;10.3;TOTAL;2
PIURA;PAITA;23.9;27.8;21.4;84.2;3.6;2025;15;24.6;29.4;21.7;75.8;3.7;TOTAL;2
PIURA;PIURA;24.3;28.9;21.1;83.9;5;2025;15;25.4;31.1;21.6;73.4;7;TOTAL;32
PIURA;SECHURA;23.1;27.1;20.8;86;2.9;2025;15;24.1;29;21.2;77.7;3.2;TOTAL;2
PIURA;SULLANA;24.4;29;21.5;84.3;27.4;2025;15;25.1;30.4;21.6;75.3;9.7;TOTAL;6
PIURA;TALARA;24.5;28.7;21.8;82.6;18.3;2025;15;24.8;29.6;21.8;74.7;4.3;TOTAL;1
PIURA;AYABACA;18.7;23;15.7;87.6;14.5;2025;16;18.4;22.7;15.2;87.1;7.3;;
PIURA;HUANCABAMBA;16.5;21;13;87.5;4.5;2025;16;16.2;20.6;12.9;87.3;6.5;;
PIURA;MORROPON;22.3;26.6;19;83.6;3.7;2025;16;22.9;27.7;19.1;80;3.5;TOTAL;2
PIURA;PAITA;23.8;28.7;20.8;76;1.1;2025;16;24.2;29.3;21.2;75.5;1.2;TOTAL;1
PIURA;PIURA;24;29.3;20.3;77.2;1.1;2025;16;25.2;31.2;21.1;72.3;2;TOTAL;15
PIURA;SECHURA;23.1;27.9;20.1;78.8;0.9;2025;16;23.6;28.6;20.7;77.9;1.2;TOTAL;3
PIURA;SULLANA;24.2;29.3;20.6;77.7;1.1;2025;16;25;30.6;21.2;73.9;2.4;TOTAL;9
PIURA;TALARA;24.3;29.3;21.2;75.1;0.9;2025;16;24.6;29.7;21.5;73.9;1.3;;
PIURA;AYABACA;18.4;22.3;15.7;89.7;64.7;2025;17;18.3;22.6;15.2;87.1;7.9;;
PIURA;HUANCABAMBA;16.4;20.2;13.7;89.7;18.5;2025;17;16.2;20.5;12.9;87.4;6.8;;
PIURA;MORROPON;22.6;26.7;19.3;81.7;6.5;2025;17;22.7;27.5;18.9;79.8;4.6;TOTAL;1
PIURA;PAITA;24.4;29.4;21.3;71.8;1.3;2025;17;24;28.9;21;75.5;1.4;TOTAL;2
PIURA;PIURA;24.7;29.9;20.8;73;3.6;2025;17;24.9;30.8;20.8;72.3;2;TOTAL;21
PIURA;SECHURA;23.3;27.9;20.4;77;1.5;2025;17;23.3;28.2;20.4;78.1;1.4;;
PIURA;SULLANA;24.8;29.5;21.1;74.1;9.2;2025;17;24.9;30.4;21.1;73.7;2.6;TOTAL;5
PIURA;TALARA;24.7;29.6;21.6;71.5;3.8;2025;17;24.4;29.5;21.3;73.8;1.4;TOTAL;1
PIURA;AYABACA;17.9;21.8;15.1;90.6;68.6;2025;18;18.4;22.8;15.1;85.9;4.7;;
PIURA;HUANCABAMBA;15.8;19.6;12.7;91.3;30.2;2025;18;16.2;20.7;12.8;86.5;4.7;;
PIURA;MORROPON;21.7;25.9;18.5;83.3;25;2025;18;22.6;27.6;18.7;79.1;2.1;;
PIURA;PAITA;23.1;27.5;20.4;73.8;5.8;2025;18;23.8;28.9;20.7;75.6;1.2;TOTAL;1
PIURA;PIURA;23.3;28.3;19.9;76.5;15.9;2025;18;24.7;30.9;20.5;72;1.3;TOTAL;14
PIURA;SECHURA;22.2;26;19.8;78.5;6.6;2025;18;23.1;28;20.2;78.1;1.2;TOTAL;1
PIURA;SULLANA;23.8;28.9;20.2;74.4;27.7;2025;18;24.8;30.6;20.8;72.8;1.4;TOTAL;6
PIURA;TALARA;23.7;28.5;20.8;72.3;13.7;2025;18;24.2;29.6;21;73.6;1.3;TOTAL;2
PIURA;AYABACA;18;22.2;14.8;;25.6;2025;19;18.5;23.1;15.1;84.6;6.4;;
PIURA;HUANCABAMBA;15.9;20;12.6;;23.7;2025;19;16.3;20.9;12.7;85.4;7.3;;
PIURA;MORROPON;21.8;26.2;18.1;;29.7;2025;19;22.5;27.7;18.4;78.4;3.9;TOTAL;3
PIURA;PAITA;23.1;28.2;19.8;;7.1;2025;19;23.4;28.5;20.4;76;2.1;;
PIURA;PIURA;23.5;29.1;19.5;;11.6;2025;19;24.4;30.7;20.1;71.7;2.8;TOTAL;14
PIURA;SECHURA;21.5;25.5;19.2;;10.5;2025;19;22.8;27.7;19.9;78.1;2;TOTAL;1
PIURA;SULLANA;24;29.4;20;;4.9;2025;19;24.7;30.7;20.5;72.1;3;TOTAL;8
PIURA;TALARA;24;29.4;20.7;;7.5;2025;19;24;29.4;20.8;73.7;2.5;TOTAL;1
PIURA;AYABACA;18.2;22.7;15.1;;41.1;2025;20;18.4;23.1;14.9;84;4.2;;
PIURA;HUANCABAMBA;15.9;20.5;12.4;;10.5;2025;20;16.1;20.8;12.5;84.7;3.9;;
PIURA;MORROPON;22;27.2;17.9;;9.9;2025;20;22.1;27.3;18;78.3;2.1;;
PIURA;PAITA;23;28.4;20.1;;3.3;2025;20;23.1;28.1;20;76.1;1.5;;
PIURA;PIURA;24;30.4;19.6;;4.1;2025;20;24;30.3;19.7;71.8;1;TOTAL;15
PIURA;SECHURA;22;27;19.1;;2.2;2025;20;22.4;27.2;19.6;78.3;1;;
PIURA;SULLANA;24.3;30.2;20.3;;12.7;2025;20;24.3;30.4;20.1;71.8;1.2;TOTAL;9
PIURA;TALARA;23.8;29.2;20.7;;7.2;2025;20;23.6;29.1;20.4;73.8;1.1;TOTAL;1
PIURA;AYABACA;18.4;22.9;15.1;;26.3;2025;21;18.1;22.7;14.7;84.4;4.3;;
PIURA;HUANCABAMBA;16.3;20.8;13;;9.2;2025;21;15.9;20.5;12.4;85.4;4.7;;
PIURA;MORROPON;21.9;26.7;17.9;;5.8;2025;21;21.7;26.9;17.6;78.1;2.4;TOTAL;2
PIURA;PAITA;22.9;27.9;19.7;;1.8;2025;21;22.6;27.6;19.6;76.5;1.5;TOTAL;1
PIURA;PIURA;23.7;29.6;19.2;;1.9;2025;21;23.5;29.7;19.2;71.8;1.5;TOTAL;12
PIURA;SECHURA;22;26.6;19.2;;2;2025;21;22;26.7;19.2;78.7;1.5;;
PIURA;SULLANA;24.2;29.8;19.8;;2.8;2025;21;23.9;30;19.6;71.5;1.9;TOTAL;8
PIURA;TALARA;23.5;28.9;20.3;;4.5;2025;21;23.2;28.7;19.9;73.9;2.1;;
PIURA;AYABACA;18.6;23.1;15.5;;8.1;2025;22;18;22.9;14.5;82.6;3.2;;
PIURA;HUANCABAMBA;16.3;20.8;13.1;;1;2025;22;15.8;20.6;12;84;3.9;;
PIURA;MORROPON;22;27.1;17.9;;1.6;2025;22;21.5;26.8;17.3;77.5;1.4;TOTAL;1
PIURA;PAITA;22.7;27.7;19.7;;0.3;2025;22;22.2;27.2;19.2;76.8;1;;
PIURA;PIURA;23.7;29.9;19.2;;0.7;2025;22;23.2;29.5;18.8;71.7;1;TOTAL;17
PIURA;SECHURA;21.9;26.6;19;;0.3;2025;22;21.6;26.3;18.8;78.7;0.8;TOTAL;1
PIURA;SULLANA;24.2;30.1;19.8;;0.3;2025;22;23.6;29.9;19.2;71.1;0.8;TOTAL;3
PIURA;TALARA;23.3;28.8;20.1;;0.7;2025;22;22.8;28.4;19.5;74;0.7;;
PIURA;AYABACA;18.1;23.3;14;79.7;6;2025;23;18.1;23.1;14.3;81.3;2.4;;
PIURA;HUANCABAMBA;15.7;21.2;11.4;80.4;1.3;2025;23;15.7;20.8;11.8;83;3.4;;
PIURA;MORROPON;21.5;27;17;77.1;1.2;2025;23;21.3;26.8;17;77.1;1.1;;
PIURA;PAITA;22.5;27.6;19.6;77.7;0.2;2025;23;22;26.9;19;77.2;0.7;;
PIURA;PIURA;23.4;29.6;19;72;0.4;2025;23;23;29.3;18.6;71.9;0.6;TOTAL;7
PIURA;SECHURA;21.9;26.5;19.2;78.8;0.3;2025;23;21.4;26.1;18.7;79;0.8;TOTAL;1
PIURA;SULLANA;23.7;29.7;19.3;71.9;0;2025;23;23.4;29.8;19;70.9;0.5;TOTAL;7
PIURA;TALARA;22.9;28.4;19.6;75.6;0;2025;23;22.6;28.2;19.3;74.3;0.5;TOTAL;2
PIURA;AYABACA;17.9;22.2;14.8;86;11;2025;24;18;23.2;14;79.6;2.6;;
PIURA;HUANCABAMBA;15.7;19.9;12.5;87.1;3.6;2025;24;15.6;20.9;11.4;81.5;3.1;TOTAL;1
PIURA;MORROPON;21.4;26;17.6;79.5;4.5;2025;24;20.9;26.4;16.5;76.9;1.4;;
PIURA;PAITA;22.4;27.4;19.6;78.5;0.4;2025;24;21.5;26.4;18.5;77.7;0.5;;
PIURA;PIURA;23.3;28.8;19.4;73.6;0.8;2025;24;22.5;28.9;18.1;72;0.9;TOTAL;8
PIURA;SECHURA;22;26.2;19.5;80;1.8;2025;24;21;25.6;18.3;79.1;0.7;TOTAL;2
PIURA;SULLANA;23.5;29.2;19.6;73.2;0.4;2025;24;23;29.4;18.5;71;0.9;TOTAL;4
PIURA;TALARA;22.6;28;19.6;77;0.5;2025;24;22.1;27.8;18.8;74.8;0.8;;
PIURA;AYABACA;17.9;22.3;14.8;84.6;12.1;2025;25;17.9;23.1;14.1;79.5;1.6;;
PIURA;HUANCABAMBA;15.5;20.2;12.3;85.6;3.9;2025;25;15.5;20.8;11.5;81.1;2.2;TOTAL;1
PIURA;MORROPON;20.3;24.8;17.1;83.2;4.8;2025;25;20.7;26;16.5;77.5;1.2;TOTAL;1
PIURA;PAITA;21.5;25.6;18.9;78.8;0.7;2025;25;21.3;26;18.4;78;0.7;;
PIURA;PIURA;21.7;26.7;18.3;79.1;2.6;2025;25;22.2;28.3;18;72.8;0.6;TOTAL;15
PIURA;SECHURA;20.7;24.3;18.6;83.1;2.6;2025;25;20.8;25.2;18.2;79.5;0.7;;
PIURA;SULLANA;22.5;27.8;18.6;74.5;1.8;2025;25;22.8;29.1;18.3;71.2;0.5;TOTAL;6
PIURA;TALARA;22.2;27;19.2;75.5;1.7;2025;25;22;27.6;18.7;74.8;0.7;;
PIURA;AYABACA;17.6;22.5;14;83.4;6;2025;26;17.8;23.2;13.9;78.5;1.6;;
PIURA;HUANCABAMBA;15.4;20.5;11.4;84.1;1.4;2025;26;15.4;20.9;11.2;80.3;1.9;;
PIURA;MORROPON;20.3;25.4;16.4;80.5;1.5;2025;26;20.5;25.9;16.2;77.5;0.8;;
PIURA;PAITA;21.4;26.5;18.7;78.7;0.6;2025;26;21.1;25.9;18.1;78.1;0.4;;
PIURA;PIURA;22.1;28.2;18.3;75.1;0.5;2025;26;22;28.2;17.7;72.8;0.5;TOTAL;6
PIURA;SECHURA;20.9;25.4;18.4;80.6;0.4;2025;26;20.6;25.1;17.9;79.6;0.6;TOTAL;1
PIURA;SULLANA;22.6;28.7;18.6;73.6;0.5;2025;26;22.6;29;18.1;71.2;0.5;TOTAL;1
PIURA;TALARA;21.9;27.4;18.9;76.7;0.4;2025;26;21.7;27.3;18.4;75;0.5;;
PIURA;AYABACA;17.7;22.5;14.2;79;4.8;2025;27;17.8;23.4;13.6;77.3;1.4;;
PIURA;HUANCABAMBA;15.1;20.3;11.4;80.1;1;2025;27;15.3;21;10.9;79.2;1.7;;
PIURA;MORROPON;20.7;25.9;16.7;77.8;0.4;2025;27;20.2;25.8;15.9;77.3;0.8;;
PIURA;PAITA;21.3;26;18.5;78.6;0.3;2025;27;20.8;25.6;17.9;78.3;0.4;;
PIURA;PIURA;22.2;28.3;18;73.8;0.2;2025;27;21.8;28;17.5;72.9;0.3;TOTAL;9
PIURA;SECHURA;20.8;25.3;18.2;80;0.7;2025;27;20.3;24.8;17.7;79.7;0.4;;
PIURA;SULLANA;22.8;29;18.4;71.8;0;2025;27;22.3;28.9;17.8;71.3;0.3;TOTAL;1
PIURA;TALARA;22.1;27.6;18.8;74.9;0.1;2025;27;21.5;27.1;18.1;75.1;0.4;;
PIURA;AYABACA;17.2;23.3;12.6;74.2;2.3;2025;28;17.8;23.4;13.6;76.8;1.9;TOTAL;2
PIURA;HUANCABAMBA;14.6;20.8;9.5;75.6;0.4;2025;28;15.3;21.1;10.9;78.6;2;;
PIURA;MORROPON;19.7;25.5;15;75.9;0.2;2025;28;20.1;25.7;15.7;77;1.1;;
PIURA;PAITA;20.7;25.3;17.7;77.1;0;2025;28;20.5;25.3;17.5;78.3;1.2;;
PIURA;PIURA;21.3;27.6;17;72.8;0;2025;28;21.5;27.8;17.2;72.7;1.1;TOTAL;6
PIURA;SECHURA;20;24.4;17.4;79.6;0.1;2025;28;20;24.5;17.4;79.5;0.9;TOTAL;1
PIURA;SULLANA;21.9;28.2;17.2;70.8;0;2025;28;22.1;28.8;17.5;70.8;1;TOTAL;6
PIURA;TALARA;21.4;26.7;17.9;74.1;0;2025;28;21.2;26.9;17.8;75;0.8;;
PIURA;AYABACA;18.3;24.7;13.3;70.9;2.2;2025;29;17.8;23.6;13.5;75.5;1;;
PIURA;HUANCABAMBA;15.8;21.9;10.9;73.2;0.2;2025;29;15.3;21.2;10.7;77.5;1.5;;
PIURA;MORROPON;20.1;26;15.3;74.4;0.2;2025;29;19.9;25.6;15.5;76.8;0.5;;
PIURA;PAITA;20.5;25.2;17.4;77;0.1;2025;29;20.3;25.1;17.3;78.4;0.4;;
PIURA;PIURA;21.5;27.9;16.9;71.7;0.1;2025;29;21.3;27.7;17;72.8;0.3;TOTAL;5
PIURA;SECHURA;20;24.4;17.4;78.6;0.2;2025;29;19.8;24.4;17.2;79.5;0.5;;
PIURA;SULLANA;22.1;29;16.9;69.1;0;2025;29;22;28.7;17.3;70.7;0.2;TOTAL;4
PIURA;TALARA;21.2;27;17.5;73.1;0;2025;29;21.1;26.8;17.6;75;0.2;;
PIURA;AYABACA;18.5;25.2;13.3;69.2;2.2;2025;30;18;23.9;13.6;74.8;1;;
PIURA;HUANCABAMBA;15.9;22.1;10.6;73;0.3;2025;30;15.4;21.4;10.9;76.8;2;;
PIURA;MORROPON;20.9;27.1;15.6;71.7;0.4;2025;30;20;25.7;15.6;76.9;0.6;TOTAL;1
PIURA;PAITA;20.6;25.9;17.2;77.3;0.1;2025;30;20.3;25.1;17.3;78.5;0.2;;
PIURA;PIURA;22;29.1;17;69.7;0;2025;30;21.3;27.7;17;73;0.2;TOTAL;2
PIURA;SECHURA;20.3;25.1;17.4;78;0.4;2025;30;19.8;24.3;17.2;79.6;0.2;;
PIURA;SULLANA;22.6;29.9;17.3;67.6;0;2025;30;22;28.7;17.3;70.8;0.2;TOTAL;2
PIURA;TALARA;21.4;27.5;17.6;72.7;0;2025;30;21;26.8;17.6;75.1;0.2;;
PIURA;AYABACA;18.9;25.1;14.6;71.7;6.8;2025;31;17.9;24.1;13.2;73.8;1;;
PIURA;HUANCABAMBA;16.3;22.3;11.9;75.1;2.3;2025;31;15.4;21.6;10.5;75.6;1.2;;
PIURA;MORROPON;21.2;27;16.5;72.4;2.5;2025;31;19.7;25.5;15.2;76.6;0.8;;
PIURA;PAITA;20.6;25.4;17.6;77.9;0.4;2025;31;20;24.8;17.1;78.5;0.2;;
PIURA;PIURA;22.1;28.8;17.4;70.5;0.5;2025;31;21.1;27.5;16.7;72.9;0.3;TOTAL;4
PIURA;SECHURA;20.3;25;17.5;78.7;0.9;2025;31;19.6;24.1;16.9;79.4;0.4;;
PIURA;SULLANA;22.7;29.7;17.8;68.4;0.8;2025;31;21.7;28.6;17;70.8;0.1;TOTAL;2
PIURA;TALARA;21.4;27.1;17.9;73.8;0.2;2025;31;20.8;26.6;17.3;75.1;0.1;;
PIURA;AYABACA;18.2;24;14;73.2;7.4;2025;32;18;24.3;13.3;72.9;1;;
PIURA;HUANCABAMBA;15.6;21.5;10.8;74.9;4.9;2025;32;15.5;21.7;10.7;75.1;1.3;;
PIURA;MORROPON;20.6;26.2;16.2;75.1;4.2;2025;32;19.8;25.8;15.2;76;0.6;TOTAL;2
PIURA;PAITA;20.4;25.3;17.3;79.5;0.7;2025;32;20;24.9;17;78;0.2;;
PIURA;PIURA;21.7;27.8;17.2;73.1;0.8;2025;32;21.1;27.8;16.6;72.2;0.2;TOTAL;3
PIURA;SECHURA;20;24.6;17.3;80.8;1;2025;32;19.6;24.3;16.9;78.8;0.1;;
PIURA;SULLANA;22.4;28.8;17.8;70.9;0.6;2025;32;21.8;28.9;17;70;0.1;TOTAL;4
PIURA;TALARA;21.3;26.8;18;75.5;0.7;2025;32;20.8;26.7;17.3;74.7;0.1;TOTAL;1
PIURA;AYABACA;18.4;24;14.2;72.7;5.5;2025;33;18.1;24.4;13.3;73.2;0.9;TOTAL;1
PIURA;HUANCABAMBA;15.7;21.1;11.7;77.4;4;2025;33;15.6;21.8;10.7;75.4;1.6;;
PIURA;MORROPON;20.6;26.3;16;73.6;4;2025;33;20;25.9;15.2;76;0.7;;
PIURA;PAITA;20.4;25.5;17.2;78.1;0.9;2025;33;20;25;17;78.2;0.2;TOTAL;1
PIURA;PIURA;21.7;28.3;17;71.2;1.3;2025;33;21.2;27.9;16.7;72.2;0.2;;
PIURA;SECHURA;20;24.5;17.2;79.1;0.6;2025;33;19.6;24.4;16.9;78.8;0.2;;
PIURA;SULLANA;22.3;29.1;17.4;69.6;0.7;2025;33;21.9;28.9;17.1;70.2;0.2;TOTAL;8
PIURA;TALARA;21.1;27.1;17.5;74.6;0.3;2025;33;20.8;26.7;17.3;75;0.1;;
PIURA;AYABACA;18.5;24.7;13.7;72.3;3.4;2025;34;18.1;24.4;13.3;73;0.8;;
PIURA;HUANCABAMBA;16;21.9;11.2;76.3;1.9;2025;34;15.7;21.9;10.8;75.2;1.3;;
PIURA;MORROPON;20.3;26.1;15.5;73.2;0.9;2025;34;20;25.9;15.3;75.9;0.8;;
PIURA;PAITA;20.2;25.2;17.3;76.8;0;2025;34;19.9;25;16.9;78.1;0.2;TOTAL;1
PIURA;PIURA;21.5;27.9;16.9;70.3;0.3;2025;34;21.2;27.9;16.7;72;0.4;TOTAL;4
PIURA;SECHURA;19.8;24.4;17.1;77.7;0.9;2025;34;19.5;24.4;16.8;78.8;0.4;;
PIURA;SULLANA;22;28.7;17.2;68.7;0.1;2025;34;21.9;29;17.1;70;0.2;TOTAL;1
PIURA;TALARA;20.9;26.8;17.4;73.4;0.1;2025;34;20.7;26.7;17.2;74.8;0.1;;
PIURA;AYABACA;18.4;25.1;13.4;68.1;3.3;2025;35;18.2;24.4;13.6;73.8;0.9;;
PIURA;HUANCABAMBA;16;22.5;10.8;70.4;1.6;2025;35;15.8;21.9;11.1;75.8;2;;
PIURA;MORROPON;20;26.3;14.9;71.8;0.5;2025;35;20;26;15.4;76;1.1;TOTAL;1
PIURA;PAITA;19.9;25.1;16.6;76.2;0;2025;35;20;25.1;16.9;78;0.2;;
PIURA;PIURA;21.1;28;16.2;70;0.1;2025;35;21.3;28;16.7;71.8;0.3;TOTAL;2
PIURA;SECHURA;19.5;24.4;16.6;77.2;0.2;2025;35;19.6;24.5;16.8;78.5;0.4;;
PIURA;SULLANA;21.7;28.8;16.5;68.2;0;2025;35;21.9;29.1;17.1;69.9;0.1;TOTAL;4
PIURA;TALARA;20.7;26.8;16.9;72.6;0;2025;35;20.7;26.7;17.2;74.8;0.1;;
PIURA;AYABACA;18.5;25.2;13.3;68.7;6.4;2025;36;18.2;24.3;13.6;74.5;2.2;;
PIURA;HUANCABAMBA;15.9;22.4;10.8;72.7;2.5;2025;36;15.9;21.8;11.1;76.4;3.8;;
PIURA;MORROPON;20.1;26.5;14.9;70.6;1.1;2025;36;20.2;26.2;15.5;75.8;1.6;;
PIURA;PAITA;19.6;24.9;16.4;75.8;0.1;2025;36;20.1;25.2;17;77.8;0.4;;
PIURA;PIURA;21.1;28;16;68.7;0.4;2025;36;21.5;28.3;16.9;71.4;0.5;TOTAL;1
PIURA;SECHURA;19.2;24.2;16.2;76.9;0.7;2025;36;19.7;24.7;16.8;78.4;0.5;;
PIURA;SULLANA;21.7;28.9;16.6;67;0.5;2025;36;22.1;29.3;17.3;69.6;0.5;TOTAL;6
PIURA;TALARA;20.6;26.8;16.9;71.9;0.7;2025;36;20.9;26.8;17.3;74.7;0.4;;
PIURA;AYABACA;19;25.7;14.3;67.9;6.5;2025;37;18.3;24.4;13.6;74.7;3;;
PIURA;HUANCABAMBA;16.4;22.6;11.9;73.1;3.6;2025;37;15.9;21.9;11.2;76.7;5;;
PIURA;MORROPON;20.6;27;15.6;69.9;2;2025;37;20.3;26.3;15.6;75.5;2.1;;
PIURA;PAITA;19.9;25.3;16.6;75.6;0.1;2025;37;20.1;25.3;17;77.5;0.4;;
PIURA;PIURA;21.5;28.7;16.4;67.9;0.2;2025;37;21.5;28.4;16.9;71.1;0.7;TOTAL;6
PIURA;SECHURA;19.5;24.6;16.4;77;0.7;2025;37;19.7;24.8;16.8;78.3;0.8;;
PIURA;SULLANA;22.2;29.6;17.1;66.4;1.1;2025;37;22.2;29.4;17.4;69.4;0.6;TOTAL;6
PIURA;TALARA;20.8;26.9;17.2;71.7;2;2025;37;20.9;26.9;17.4;74.4;0.4;;
PIURA;AYABACA;19;25.1;14.3;71.4;6.1;2025;38;18.3;24.2;13.8;76.2;1.7;;
PIURA;HUANCABAMBA;16.5;22.4;12;75.3;6.2;2025;38;16;21.8;11.5;77.8;2.7;;
PIURA;MORROPON;21.7;28.1;16.5;69.7;0.7;2025;38;20.5;26.4;15.8;75.7;1.4;;
PIURA;PAITA;20.7;26.3;17.5;76.1;0.3;2025;38;20.3;25.6;17.2;77.2;0.9;;
PIURA;PIURA;22.7;30.1;17.4;67.4;0.2;2025;38;21.7;28.7;17.1;71;0.6;TOTAL;2
PIURA;SECHURA;20.3;25.8;17.2;77;0.2;2025;38;19.8;24.9;16.9;78.3;0.6;;
PIURA;SULLANA;23.3;30.8;18.1;65.8;0.3;2025;38;22.4;29.6;17.6;69.2;0.8;TOTAL;1
PIURA;TALARA;21.8;28.2;18.1;71.6;0.8;2025;38;21.1;27.2;17.6;74.2;0.6;;
PIURA;AYABACA;18.9;24.8;14.9;76.1;14.3;2025;39;18.2;23.9;14;77.7;2.2;;
PIURA;HUANCABAMBA;16.6;22.2;12.7;78.4;5.9;2025;39;16;21.5;11.7;79.4;3.6;;
PIURA;MORROPON;21.1;27.5;16.5;73.9;3.9;2025;39;20.5;26.5;15.9;75.6;1.2;;
PIURA;PAITA;20.6;26.1;17.7;77;1.2;2025;39;20.3;25.5;17.2;77.3;0.4;;
PIURA;PIURA;22.2;29.6;17.5;70.4;0.4;2025;39;21.7;28.7;17;70.9;0.4;TOTAL;2
PIURA;SECHURA;20.3;25.6;17.4;77.4;1.5;2025;39;19.8;25;16.9;78.1;0.6;;
PIURA;SULLANA;22.7;30.8;17.9;68.6;1.5;2025;39;22.4;29.6;17.6;69.3;0.4;TOTAL;3
PIURA;TALARA;21.2;27.8;17.9;74.2;2.2;2025;39;21.1;27.1;17.6;74.2;0.3;;
PIURA;AYABACA;18.4;23.5;14.6;77.6;10;2025;40;18.3;23.9;14.1;78;2;;
PIURA;HUANCABAMBA;16.2;21.2;12.2;79.9;10.5;2025;40;16;21.5;11.8;80.3;3.7;;
PIURA;MORROPON;21.5;27.4;16.8;73.9;4.9;2025;40;20.7;26.6;16;75.4;1.3;TOTAL;2
PIURA;PAITA;21;26.3;18;77.3;2.1;2025;40;20.4;25.7;17.3;76.9;0.3;;
PIURA;PIURA;22.7;29.6;18;70.2;1.3;2025;40;21.9;28.9;17.1;70.5;0.5;;
PIURA;SECHURA;20.6;25.8;17.8;78.5;6.6;2025;40;19.9;25.1;17;78.1;0.3;;
PIURA;SULLANA;23.1;30.3;18.4;69;0.3;2025;40;22.5;29.8;17.7;68.7;0.5;TOTAL;2
PIURA;TALARA;21.6;27.6;18.4;74.6;2.6;2025;40;21.2;27.3;17.7;73.8;0.3;;
PIURA;AYABACA;18.4;24;14.2;76.7;11.4;2025;41;18.1;23.6;14;79.2;3.9;;
PIURA;HUANCABAMBA;16.2;21.5;12.1;78.6;3.6;2025;41;15.9;21.2;11.8;80.9;4.9;;
PIURA;MORROPON;21.4;27.7;16.5;72.3;2.2;2025;41;20.7;26.7;16;75.4;2;TOTAL;2
PIURA;PAITA;20.8;26.2;17.7;76.4;3.6;2025;41;20.4;25.8;17.3;76.9;0.8;;
PIURA;PIURA;22.4;29.8;17.5;69.8;2.6;2025;41;21.9;29;17.2;70.5;1.1;TOTAL;1
PIURA;SECHURA;20.1;25.3;17.3;78.6;3.3;2025;41;20;25.2;17;78;0.9;;
PIURA;SULLANA;23.1;30.5;18.3;67.3;3.1;2025;41;22.5;29.9;17.7;68.7;0.7;TOTAL;4
PIURA;TALARA;21.8;27.9;18.2;72.4;4.7;2025;41;21.2;27.3;17.7;73.8;0.9;;
PIURA;AYABACA;18;22.9;14.5;81;27.4;2025;42;18;23.4;13.9;79.1;5.3;;
PIURA;HUANCABAMBA;15.8;20.3;12.4;85;26.5;2025;42;15.8;21;11.7;80.6;8.7;;
PIURA;MORROPON;21.3;27.4;16.5;73;9.7;2025;42;20.6;26.6;16;75.6;4.7;;
PIURA;PAITA;20.3;25.6;17.4;77.8;2;2025;42;20.4;25.7;17.3;77.4;1.4;;
PIURA;PIURA;22.1;29.5;17.3;70.5;1.2;2025;42;21.8;28.9;17.1;71;2.5;TOTAL;2
PIURA;SECHURA;20;25.2;17.1;78.9;1.9;2025;42;20;25.2;17.1;78.3;2.1;;
PIURA;SULLANA;22.7;30.1;17.8;68.8;0.4;2025;42;22.4;29.8;17.6;69.2;1.7;TOTAL;1
PIURA;TALARA;21.2;27.2;17.9;74.1;2.1;2025;42;21.1;27.2;17.6;74.5;1.3;;
PIURA;AYABACA;18.5;23.6;14.5;79;6.7;2025;43;18;23.2;14.1;80.9;4.5;;
PIURA;HUANCABAMBA;16.2;21;12.3;83.1;5.7;2025;43;15.8;20.8;11.9;83.1;8.2;;
PIURA;MORROPON;21.6;27.6;16.9;73.5;1.6;2025;43;20.7;26.8;16.2;76;3.2;;
PIURA;PAITA;21.1;26.5;18.1;77.3;2.5;2025;43;20.6;26;17.6;77.3;0.9;;
PIURA;PIURA;22.7;29.7;18;70.1;1.1;2025;43;22.1;29.3;17.4;70.8;1.4;TOTAL;4
PIURA;SECHURA;20.7;25.7;17.8;78.5;2.5;2025;43;20.3;25.7;17.4;77.8;1.4;;
PIURA;SULLANA;23.2;30.6;18.4;68.3;0.4;2025;43;22.5;30;17.8;69.4;0.6;TOTAL;5
PIURA;TALARA;21.8;28;18.5;73.9;2.4;2025;43;21.3;27.4;17.8;74.5;0.6;;
PIURA;AYABACA;18.5;23.4;15.2;82.6;27.7;2025;44;18;23.2;14.1;80.9;2.6;;
PIURA;HUANCABAMBA;16.2;20.4;13;87;12.2;2025;44;15.8;20.8;11.9;82.3;5.1;;
PIURA;MORROPON;21.4;27;17;75.5;13.7;2025;44;20.8;26.9;16.2;75.6;1.4;TOTAL;1
PIURA;PAITA;21;26;18.1;77.1;1.5;2025;44;20.9;26.3;17.9;77.1;0.5;;
PIURA;PIURA;22.5;29.2;17.8;70.7;3.4;2025;44;22.2;29.4;17.5;70.6;0.5;TOTAL;2
PIURA;SECHURA;20.6;25.5;17.8;77.8;1.8;2025;44;20.6;25.9;17.6;77.8;0.7;;
PIURA;SULLANA;23.1;30.2;18.4;68.8;4.2;2025;44;22.8;30.2;17.9;69.2;0.3;TOTAL;3
PIURA;TALARA;21.6;27.5;18.3;74.5;2.3;2025;44;21.5;27.7;18;74.4;0.4;;
PIURA;AYABACA;18.2;23;15.1;85.1;46.9;2025;45;17.9;23.1;14.1;81.6;5.3;;
PIURA;HUANCABAMBA;16;20.5;12.9;87.2;35.6;2025;45;15.8;20.7;12;83.4;8.2;;
PIURA;MORROPON;21.3;26.9;17.2;77.5;22.7;2025;45;20.7;26.6;16.3;76.4;3.4;TOTAL;3
PIURA;PAITA;20.7;25.3;18.2;80.7;30.4;2025;45;20.9;26.2;17.8;77.4;0.9;;
PIURA;PIURA;22.1;28.5;18;75;22.4;2025;45;22.1;29.2;17.6;71.3;1.4;TOTAL;2
PIURA;SECHURA;20.7;25.6;17.9;79.5;17.5;2025;45;20.5;25.7;17.6;78.2;1.3;;
PIURA;SULLANA;22.5;29.3;18.3;73.6;9.5;2025;45;22.7;29.9;17.9;69.5;0.6;TOTAL;5
PIURA;TALARA;21.5;27.4;18.3;76.6;8.2;2025;45;21.4;27.6;18;74.5;0.5;;
PIURA;AYABACA;18.4;23.1;15.3;84.3;13.8;2025;46;18;23.2;14.1;81.1;5.4;;
PIURA;HUANCABAMBA;16.3;20.5;13.1;87.8;7.6;2025;46;15.8;20.9;11.7;82.5;8.8;;
PIURA;MORROPON;21.4;27.1;17.3;77.7;6.2;2025;46;21;27.1;16.4;75.7;2.8;;
PIURA;PAITA;21.4;26.6;18.3;77.3;0.4;2025;46;21.2;26.5;18.1;77.3;0.9;TOTAL;1
PIURA;PIURA;22.5;29.2;18.1;73.8;3.6;2025;46;22.5;29.6;17.8;71;1.1;TOTAL;2
PIURA;SECHURA;20.7;25.5;18;80.5;1.2;2025;46;20.9;26.2;17.9;77.7;0.9;;
PIURA;SULLANA;23.3;30.3;18.7;71;3.2;2025;46;22.9;30.2;18.1;69.6;0.7;TOTAL;8
PIURA;TALARA;22.1;28;18.6;74.7;1.4;2025;46;21.6;27.8;18.2;74.7;0.7;;
PIURA;AYABACA;18.1;22.6;15.1;86.2;13.1;2025;47;17.9;23.1;13.9;80.3;4.4;;
PIURA;HUANCABAMBA;15.9;20;12.9;89.8;16.8;2025;47;15.7;20.7;11.6;81.8;5.6;;
PIURA;MORROPON;20.9;26.3;17.2;80.6;4.5;2025;47;21;27;16.4;75.4;2.6;TOTAL;1
PIURA;PAITA;21;26.2;18.4;79.4;0.8;2025;47;21.2;26.5;18.1;77.6;1.2;;
PIURA;PIURA;22.1;28.9;18.1;75.2;1.1;2025;47;22.5;29.5;17.8;71;1.2;TOTAL;5
PIURA;SECHURA;20.6;25.4;18;81.1;1.1;2025;47;21;26.2;18;78.2;1.6;;
PIURA;SULLANA;22.7;29.9;18.4;72.7;0.5;2025;47;23;30.2;18.2;69.4;1.2;TOTAL;2
PIURA;TALARA;21.6;27.5;18.5;76.5;0.3;2025;47;21.8;27.8;18.2;74.6;0.9;;
PIURA;AYABACA;18.7;23.5;15.5;82.9;16.8;2025;48;18.1;23.2;14.2;81.2;3.9;;
PIURA;HUANCABAMBA;16.3;20.7;13.3;87.9;6.5;2025;48;15.9;20.8;12;83;5.5;;
PIURA;MORROPON;22.1;27.7;17.9;75.8;2.6;2025;48;21.3;27.2;16.8;75.9;2;TOTAL;1
PIURA;PAITA;22.1;27.2;19.3;75.7;0.6;2025;48;21.7;27;18.6;76.9;0.8;;
PIURA;PIURA;23.6;30.4;19;69.3;0.6;2025;48;22.9;29.9;18.3;70.9;1.1;TOTAL;1
PIURA;SECHURA;21.8;27;18.8;76.6;0.1;2025;48;21.4;26.7;18.4;77.7;1;TOTAL;1
PIURA;SULLANA;24.1;31.1;19.6;67.5;0.4;2025;48;23.3;30.5;18.6;69.2;1;;
PIURA;TALARA;22.6;28.4;19.4;72.7;0.3;2025;48;22.2;28.2;18.7;74;0.6;TOTAL;1
PIURA;AYABACA;18.2;24.1;13.2;74.9;1.5;2025;49;18.1;23.1;14.4;81.9;4.6;;
PIURA;HUANCABAMBA;15.6;21.4;10;76.5;0.1;2025;49;15.8;20.6;12.1;83.8;6;;
PIURA;MORROPON;22.2;29.1;16.6;70.9;0.3;2025;49;21.6;27.3;17.2;76.3;2.9;TOTAL;1
PIURA;PAITA;21.8;27.2;18.7;77.5;0.1;2025;49;22.2;27.4;19.1;77;1.6;;
PIURA;PIURA;23.8;31.5;18.5;68.2;0.1;2025;49;23.3;30.2;18.7;71;1.4;TOTAL;1
PIURA;SECHURA;21.8;27.3;18.4;77.8;0.1;2025;49;21.9;27.1;18.9;78;1.5;;
PIURA;SULLANA;24.1;31.9;18.9;67;0;2025;49;23.7;30.7;19;69.4;1.1;TOTAL;1
PIURA;TALARA;22.4;28.7;18.8;73.7;0;2025;49;22.6;28.5;19.1;74.3;0.7;;
PIURA;AYABACA;18.3;24.6;12.9;69.9;2;2025;50;18.2;23;14.8;83.2;5.8;;
PIURA;HUANCABAMBA;15.8;21.7;10.4;74.4;0.8;2025;50;16;20.5;12.5;85.5;7.1;;
PIURA;MORROPON;21.2;28.4;15.3;68.8;0.3;2025;50;21.9;27.5;17.6;76.5;2.7;TOTAL;1
PIURA;PAITA;20.7;26.4;17.2;77.2;0;2025;50;22.5;27.6;19.5;77.1;1.5;;
PIURA;PIURA;22.5;30.3;17.1;67.5;0.5;2025;50;23.7;30.5;19.2;70.9;1.4;;
PIURA;SECHURA;20.8;26.4;17.1;77.5;0.1;2025;50;22.2;27.4;19.2;77.8;1.4;;
PIURA;SULLANA;22.9;31.2;17.3;64.6;0.5;2025;50;23.9;30.8;19.5;69.9;1.1;TOTAL;1
PIURA;TALARA;21.4;27.9;17.3;71.6;0.1;2025;50;22.8;28.5;19.5;74.6;1;;
PIURA;AYABACA;18.6;23.7;15;77.5;7.4;2025;51;18.1;22.8;14.7;83.6;4.5;;
PIURA;HUANCABAMBA;16.1;20.8;12.5;86;5;2025;51;15.9;20.4;12.4;85.7;4.6;;
PIURA;MORROPON;22.4;28.5;17.7;70.3;5.2;2025;51;22.2;27.7;17.9;76.8;1.8;TOTAL;1
PIURA;PAITA;22.2;27.3;19;74.6;4;2025;51;22.9;27.9;19.9;77.1;1.4;;
PIURA;PIURA;23.8;30.8;19;66.7;3.1;2025;51;24.1;30.7;19.6;70.9;1;;
PIURA;SECHURA;22;27.2;18.5;76.2;2.6;2025;51;22.8;27.9;19.7;77.3;0.7;;
PIURA;SULLANA;24;31.4;19.5;64.6;1.7;2025;51;24.2;30.9;19.8;70.1;0.9;TOTAL;2
PIURA;TALARA;22.5;28.3;19.1;70.6;1.7;2025;51;23.2;28.8;19.9;74.5;0.9;;
PIURA;AYABACA;18.7;24.4;13.9;74.3;1.8;2025;52;18.2;22.9;15;84.1;6.5;;
PIURA;HUANCABAMBA;16;21.5;10.7;78.3;0.8;2025;52;16;20.6;12.6;85.7;7.9;;
PIURA;MORROPON;22.9;29.9;16.7;68.1;0.6;2025;52;22.5;27.8;18.4;77.2;3.6;TOTAL;2
PIURA;PAITA;22.5;28;18.9;75.6;0.1;2025;52;23.4;28.4;20.4;77.2;1.6;;
PIURA;PIURA;24.3;32;18.6;66.2;0;2025;52;24.6;31;20.2;71.1;2;TOTAL;1
PIURA;SECHURA;22.1;27.8;18.3;77.1;0;2025;52;23.3;28.3;20.2;77.5;1.3;;
PIURA;SULLANA;24.6;32.4;19.2;64;0.4;2025;52;24.5;30.9;20.4;70.9;1.8;TOTAL;1
PIURA;TALARA;23.2;29.5;19.4;70.3;0.4;2025;52;23.5;29;20.4;75.1;1.4;;
PIURA;AYABACA;18.9;24.4;14.8;75.1;8.8;2025;53;18.5;23.3;15.2;82.5;4;;
PIURA;HUANCABAMBA;16.4;21.6;12.3;81.4;7.1;2025;53;16.3;21.1;12.6;83.7;3.2;;
PIURA;MORROPON;22.7;29.1;17.5;69.2;2.2;2025;53;23;28.5;18.7;76.2;1.9;TOTAL;1
PIURA;PAITA;22.7;28.3;19.2;74.7;0.8;2025;53;23.7;28.7;20.8;77.5;0.8;;
PIURA;PIURA;24.3;31.5;19.2;65.9;0.8;2025;53;25;31.6;20.7;71;1.5;TOTAL;2
PIURA;SECHURA;22.4;27.9;19;76.1;2.9;2025;53;23.8;28.9;20.6;77.2;0.5;;
PIURA;SULLANA;24.7;32.2;19.7;64;1.6;2025;53;24.9;31.4;20.8;70.9;1.2;;
PIURA;TALARA;23.2;29.4;19.5;70.5;1.8;2025;53;23.9;29.3;20.8;75;1;;
PIURA;AYABACA;18.5;23.1;15.6;80.4;13.8;2026;1;18.3;22.8;15.2;84.5;5.8;;
PIURA;HUANCABAMBA;16.7;20.5;14.1;86.1;11.5;2026;1;16.1;20.5;12.8;85.9;5.7;;
PIURA;MORROPON;22.6;28.1;18.7;72;7.8;2026;1;22.7;28;18.8;77.5;3.3;TOTAL;4
PIURA;PAITA;23.6;29.2;20.5;72.5;6;2026;1;23.8;28.7;20.9;76.9;1.5;;
PIURA;PIURA;24.8;31.4;20.5;66.1;5.5;2026;1;25;31.3;20.8;70.8;2.1;TOTAL;1
PIURA;SECHURA;23.4;28.5;20.2;74.2;7.8;2026;1;23.7;28.7;20.7;77.2;1.1;;
PIURA;SULLANA;24.9;31.8;20.7;64.6;3.7;2026;1;24.8;31;20.8;71.1;1.9;TOTAL;2
PIURA;TALARA;23.8;29.7;20.5;69.6;4.3;2026;1;23.9;29.2;20.9;75.1;1.4;;
PIURA;AYABACA;18;22.2;15.4;87.2;32.9;2026;2;18.2;22.7;15.1;84.6;7;;
PIURA;HUANCABAMBA;16.3;20.4;13.8;90.4;11.5;2026;2;16;20.5;12.8;85.9;6.2;;
PIURA;MORROPON;22.1;26.8;18.9;81.8;17.5;2026;2;22.9;28.1;18.9;77.2;3.8;TOTAL;3
PIURA;PAITA;24.2;29;21.7;75.3;6.8;2026;2;24.1;29;21.2;76.8;1.3;;
PIURA;PIURA;24.6;30.1;21.2;74.3;8.8;2026;2;25.2;31.6;21;70.6;2.2;TOTAL;4
PIURA;SECHURA;24;28.3;21.4;77.5;4.4;2026;2;24;29;21;77.2;1.4;TOTAL;2
PIURA;SULLANA;24.7;30.5;21.2;72.5;13.3;2026;2;24.9;30.9;21;71.6;2.2;TOTAL;3
PIURA;TALARA;24;29;21.3;75.5;9;2026;2;24.1;29.2;21.1;75.1;1.1;;
PIURA;AYABACA;18.7;23.3;15.8;84.2;11.5;2026;3;18.1;22.6;15.1;85.3;8.5;;
PIURA;HUANCABAMBA;17;21.2;14;87;5.5;2026;3;16;20.4;12.7;86.5;6.7;;
PIURA;MORROPON;23.4;28.4;19.8;76.7;2.4;2026;3;23;28.2;19.1;76.9;4.8;TOTAL;1
PIURA;PAITA;25.3;30.4;22.1;73.4;0.3;2026;3;24.4;29.2;21.6;76.5;2.7;;
PIURA;PIURA;26.3;32.5;22.1;68;0.5;2026;3;25.5;31.7;21.4;70;3.5;TOTAL;5
PIURA;SECHURA;25.1;30.4;21.7;74.9;0.5;2026;3;24.4;29.3;21.3;76.4;2;;
PIURA;SULLANA;25.9;31.7;22.1;69.4;0.3;2026;3;25.1;30.9;21.3;71.7;3.8;TOTAL;1
PIURA;TALARA;25.1;30;22.1;73;0.6;2026;3;24.3;29.3;21.4;75;2.4;;
PIURA;AYABACA;18.1;22.1;15.7;87.3;35.2;2026;4;18.3;22.7;15.3;85.4;7.7;;
PIURA;HUANCABAMBA;16.5;20.1;14.2;89.8;15.8;2026;4;16.1;20.5;13;86.5;6.1;;
PIURA;MORROPON;23;27.4;19.8;78.1;10.2;2026;4;23.2;28.3;19.4;77.1;5.2;TOTAL;2
PIURA;PAITA;25.4;30.4;22.6;74.4;1.1;2026;4;24.8;29.6;21.9;75.6;1.3;;
PIURA;PIURA;26.3;31.9;22.5;68.4;2.3;2026;4;25.8;32;21.7;69.5;2.3;TOTAL;4
PIURA;SECHURA;25.6;30.5;22.4;73.8;0.7;2026;4;24.8;29.7;21.7;75.3;1.2;TOTAL;1
PIURA;SULLANA;25.5;31.1;22.3;72.1;1.4;2026;4;25.2;30.9;21.5;72.1;2.8;TOTAL;7
PIURA;TALARA;25.1;30.2;22.4;73.3;1.9;2026;4;24.6;29.4;21.7;75.1;1.1;;
PIURA;AYABACA;17.9;21.9;15.7;89.8;45.8;2026;5;18.2;22.4;15.5;87.9;8.3;;
PIURA;HUANCABAMBA;16.5;20.3;14.3;91.4;70.2;2026;5;16.2;20.4;13.2;88.4;6.5;;
PIURA;MORROPON;22.8;27.2;19.8;80.3;34.1;2026;5;23.2;27.8;19.8;80;7.1;TOTAL;7
PIURA;PAITA;26;30.7;22.9;73.1;4.3;2026;5;25.1;29.6;22.5;76.2;3.9;;
PIURA;PIURA;25.8;31.2;22.3;71.6;10.4;2026;5;25.9;31.5;22.2;71.9;5.7;TOTAL;5
PIURA;SECHURA;25.7;30.7;22.7;72.2;5.7;2026;5;25.2;29.9;22.3;75.5;4.9;;
PIURA;SULLANA;25.4;30.4;22;73.6;7.9;2026;5;25.2;30.4;21.9;75;6.4;TOTAL;4
PIURA;TALARA;25.4;30.2;22.4;73.9;6.1;2026;5;24.8;29.1;22.1;76.8;5.2;;
PIURA;AYABACA;18.2;22;15.8;88.7;27.5;2026;6;18.1;22.1;15.6;89.1;15.9;;
PIURA;HUANCABAMBA;16.7;20.3;14.5;90.9;13.2;2026;6;16.2;20.3;13.4;88.9;10.8;;
PIURA;MORROPON;23;27.3;20.3;81.1;27.1;2026;6;23.1;27.4;19.9;82;13.1;TOTAL;9
PIURA;PAITA;26.3;30.9;23.3;71.6;7.5;2026;6;25.3;29.5;22.7;77.3;6.8;TOTAL;1
PIURA;PIURA;26.2;31.4;22.8;70.8;11.7;2026;6;25.8;30.9;22.4;74.3;10.7;TOTAL;5
PIURA;SECHURA;26;30.5;23.2;71.6;6.9;2026;6;25.4;29.9;22.6;76.1;4.1;;
PIURA;SULLANA;25.6;30.5;22.3;73.6;13.2;2026;6;25;29.8;22;77.6;13.3;TOTAL;4
PIURA;TALARA;25.5;29.9;22.7;75.3;11.5;2026;6;24.9;29;22.3;78;8.5;;
PIURA;AYABACA;17.9;22;15.4;90.6;53.6;2026;7;18.3;22.5;15.5;87.8;8.9;;
PIURA;HUANCABAMBA;16.5;20.5;13.6;89.3;26.5;2026;7;16.2;20.5;13.1;87.4;5.8;;
PIURA;MORROPON;22.4;26.4;19.6;87;51.8;2026;7;23.4;28;20;80;6.3;TOTAL;5
PIURA;PAITA;25.8;30;23.2;78.8;67;2026;7;25.7;30.2;22.9;75.7;1.5;;
PIURA;PIURA;25.4;30.2;22.3;80;52.8;2026;7;26.3;31.8;22.6;71.9;3.2;TOTAL;7
PIURA;SECHURA;26;30.7;23.1;75.4;34.2;2026;7;25.8;30.6;22.7;74.6;0.8;TOTAL;4
PIURA;SULLANA;24.7;29.6;22;83.3;101.7;2026;7;25.4;30.4;22.1;75.7;3.9;TOTAL;4
PIURA;TALARA;24.8;28.6;22.5;83.4;112.2;2026;7;25.2;29.5;22.5;76.6;1.8;;
PIURA;AYABACA;18.3;22.4;15.9;91.2;50.8;2026;8;18.2;22.3;15.6;89.3;16;;
PIURA;HUANCABAMBA;16.8;20.7;14.2;90.2;41.5;2026;8;16.2;20.3;13.4;89.2;10.3;;
PIURA;MORROPON;22.7;26.6;20.3;89;42.4;2026;8;23.3;27.6;20.1;81.5;11.5;TOTAL;10
PIURA;PAITA;26.4;29.8;24.1;82.5;23.1;2026;8;25.8;30.2;23;75.7;4.3;;
PIURA;PIURA;25.7;29.8;23.1;84.1;35.1;2026;8;26.1;31.4;22.6;73.3;8.2;TOTAL;25
PIURA;SECHURA;26.3;30.2;23.8;81.5;26.5;2026;8;25.9;30.5;22.9;74.7;3;TOTAL;7
PIURA;SULLANA;25.1;29.3;22.7;85.8;65.8;2026;8;25.3;30.3;22.1;76.5;11.9;TOTAL;10
PIURA;TALARA;25.2;28.4;23.2;86.9;52.9;2026;8;25.2;29.6;22.6;76.7;5.9;TOTAL;1
PIURA;AYABACA;18.4;22;16.4;92.3;20.4;2026;9;18.3;22.5;15.6;88.9;20.2;;
PIURA;HUANCABAMBA;17.1;20.7;14.9;91.9;5.2;2026;9;16.3;20.5;13.4;88.7;13.3;;
PIURA;MORROPON;22.6;26.1;20.4;88.8;13.8;2026;9;23.3;27.7;20.1;81.6;19;TOTAL;19
PIURA;PAITA;26.1;29.9;24;79.3;5.1;2026;9;25.7;30.1;23;76;6.5;;
PIURA;PIURA;25.5;29.5;23;82.1;11.6;2026;9;26.1;31.5;22.5;73.6;13.5;TOTAL;35
PIURA;SECHURA;26.1;29.9;23.9;78.7;5.5;2026;9;25.8;30.5;22.8;74.7;4.9;TOTAL;2
PIURA;SULLANA;24.8;29;22.6;84.5;16.1;2026;9;25.4;30.4;22.1;76.5;15.7;TOTAL;23
PIURA;TALARA;25;28.3;23.1;85.2;15.1;2026;9;25.2;29.6;22.6;76.8;9.1;TOTAL;1
PIURA;AYABACA;18.2;22.1;16.1;93;61.7;2026;10;18.4;22.5;15.7;88.8;18.1;;
PIURA;HUANCABAMBA;16.8;20.5;14.6;93.1;52.8;2026;10;16.3;20.5;13.4;88.6;13.3;TOTAL;1
PIURA;MORROPON;22.5;26.3;20.2;89.5;49.8;2026;10;23.4;27.7;20.2;81.8;18.5;TOTAL;46
PIURA;PAITA;26.3;30.4;23.5;77;2.6;2026;10;25.8;30.3;23.1;75.6;9.1;TOTAL;1
PIURA;PIURA;25.4;29.7;22.6;82.1;16.8;2026;10;26.2;31.5;22.7;73.5;14.5;TOTAL;23
PIURA;SECHURA;25.7;29.7;23.1;80.1;0.6;2026;10;26;30.8;22.9;74.1;7.4;TOTAL;5
PIURA;SULLANA;25.1;29.4;22.5;82.9;19.4;2026;10;25.4;30.4;22.3;76.9;16.1;TOTAL;10
PIURA;TALARA;25.4;29.2;23;81.5;4.1;2026;10;25.4;29.8;22.7;76.4;10;;
PIURA;AYABACA;18.7;23;15.8;85.8;3.7;2026;11;18.3;22.5;15.6;89;17.5;;
PIURA;HUANCABAMBA;17.2;21.5;13.7;84.3;19.5;2026;11;16.3;20.5;13.3;88.4;12.8;TOTAL;1
PIURA;MORROPON;23.5;27.7;19.9;81.1;7.5;2026;11;23.4;27.8;20.2;81.8;16.4;TOTAL;63
PIURA;PAITA;26.9;32;23.5;71.6;0.1;2026;11;25.8;30.3;23;75.5;5.7;;
PIURA;PIURA;26.8;31.9;23;72.7;0.5;2026;11;26.3;31.6;22.7;73.1;10.2;TOTAL;42
PIURA;SECHURA;26.7;31.8;23.1;73.2;0;2026;11;25.8;30.6;22.9;74.8;6;;
PIURA;SULLANA;26.1;31.1;22.7;75.6;1;2026;11;25.4;30.4;22.2;76.7;13.6;TOTAL;14
PIURA;TALARA;26;30.4;22.9;75.6;0.5;2026;11;25.3;29.7;22.7;76.4;7.9;;
PIURA;AYABACA;18.4;22.8;15.2;84.5;2.5;2026;12;18.3;22.4;15.7;90;25.4;;
PIURA;HUANCABAMBA;16.9;21.2;13.1;84.5;3.1;2026;12;16.2;20.3;13.4;89.6;18.1;TOTAL;2
PIURA;MORROPON;23.3;27.9;19.1;77.2;0.5;2026;12;23.2;27.5;20.1;82.9;28.8;TOTAL;93
PIURA;PAITA;26;31.3;22.3;70.9;0;2026;12;25.5;30;22.9;76.5;10.5;;
PIURA;PIURA;26.5;32.2;22.1;68;0;2026;12;26;31.2;22.5;74.7;22;TOTAL;36
PIURA;SECHURA;25.9;31.3;22.2;72.5;0;2026;12;25.5;30.1;22.6;76.4;7.8;TOTAL;4
PIURA;SULLANA;25.9;31.3;21.8;70.7;0.1;2026;12;25.3;30.3;22.2;77.7;24.2;TOTAL;15
PIURA;TALARA;25.5;30.6;21.9;71.6;0;2026;12;25.2;29.6;22.5;77.1;11.8;;
PIURA;AYABACA;18.7;23.2;15.6;85.3;3.1;2026;13;18.3;22.6;15.5;89.1;18.1;;
PIURA;HUANCABAMBA;17;21.1;13.9;86.2;4;2026;13;16.3;20.5;13.2;88.7;13.8;;
PIURA;MORROPON;23.5;28.4;19.6;77.4;1.3;2026;13;23.2;27.6;19.9;82.5;17.9;TOTAL;92
PIURA;PAITA;26;31.6;22.6;71.3;0;2026;13;25.3;29.9;22.5;76.2;9.1;TOTAL;2
PIURA;PIURA;26.8;32.9;22.4;67.4;0.2;2026;13;25.8;31.3;22.2;74.4;14.1;TOTAL;38
PIURA;SECHURA;25.9;31.3;22.4;72.9;0;2026;13;25.1;29.8;22.2;76.6;7.9;TOTAL;1
PIURA;SULLANA;26.1;31.7;22;70.4;0.3;2026;13;25.3;30.5;22;76.7;15.8;TOTAL;24
PIURA;TALARA;25.6;30.8;22.2;71.4;0.1;2026;13;25;29.6;22.3;76.5;11.7;TOTAL;1
PIURA;AYABACA;18.9;23.2;15.6;84.8;1.4;2026;14;18.4;22.6;15.5;88.6;19;TOTAL;2
PIURA;HUANCABAMBA;17.2;21.5;14.1;85.5;2.2;2026;14;16.3;20.6;13.2;88.2;15.3;;
PIURA;MORROPON;23.8;28.5;19.8;75.9;0.9;2026;14;23.1;27.6;19.6;82.2;15.1;TOTAL;165
PIURA;PAITA;26.4;31.8;23;68.8;0.2;2026;14;24.8;29.6;22;76.4;5.6;TOTAL;4
PIURA;PIURA;27.1;32.9;22.7;65.4;0.7;2026;14;25.5;31.1;21.7;74.8;9.9;TOTAL;86
PIURA;SECHURA;25.9;31.2;22.6;70.8;0.4;2026;14;24.3;29;21.5;78.6;3.6;TOTAL;2
PIURA;SULLANA;26.4;31.9;22.4;69.3;0.8;2026;14;25.1;30.4;21.7;76.6;14.8;TOTAL;68
PIURA;TALARA;26;31.3;22.7;69.7;0.2;2026;14;24.8;29.6;22;76;8.1;TOTAL;2
PIURA;AYABACA;18.8;22.7;16.3;89;36.3;2026;15;18.3;22.5;15.5;88.4;14.1;TOTAL;5
PIURA;HUANCABAMBA;17.3;21.2;14.7;87.6;18.2;2026;15;16.3;20.5;13.2;88.3;11;TOTAL;2
PIURA;MORROPON;23.7;28.2;20.4;78.7;9.9;2026;15;23;27.6;19.5;81.2;10.3;TOTAL;237
PIURA;PAITA;25.9;31.1;23.1;72.5;0;2026;15;24.6;29.4;21.7;75.8;3.7;TOTAL;7
PIURA;PIURA;26.5;32.2;22.7;70.7;4.4;2026;15;25.4;31.1;21.6;73.4;7;TOTAL;111
PIURA;SECHURA;25.6;30.8;22.6;73.8;0;2026;15;24.1;29;21.2;77.7;3.2;TOTAL;4
PIURA;SULLANA;26;31.5;22.6;73.1;11.9;2026;15;25.1;30.4;21.6;75.3;9.7;TOTAL;90
PIURA;TALARA;26;31.1;23.2;71.4;2.6;2026;15;24.8;29.6;21.8;74.7;4.3;;
PIURA;AYABACA;18.2;23;15.1;85.8;8.2;2026;16;18.4;22.7;15.2;87.1;7.3;TOTAL;7
PIURA;HUANCABAMBA;16.7;21.6;12.6;81.1;1.6;2026;16;16.2;20.6;12.9;87.3;6.5;TOTAL;1
PIURA;MORROPON;23.2;28.7;18.7;74.9;1.6;2026;16;22.9;27.7;19.1;80;3.5;TOTAL;272
PIURA;PAITA;25.4;31;21.9;72.3;0;2026;16;24.2;29.3;21.2;75.5;1.2;TOTAL;16
PIURA;PIURA;25.9;32.3;21.4;69.4;0.3;2026;16;25.2;31.2;21.1;72.3;2;TOTAL;109
PIURA;SECHURA;24.8;30.2;21.4;74.5;0;2026;16;23.6;28.6;20.7;77.9;1.2;;
PIURA;SULLANA;25.5;31.5;21.4;72.8;0.9;2026;16;25;30.6;21.2;73.9;2.4;TOTAL;87
PIURA;TALARA;25.6;31.1;22;71;0;2026;16;24.6;29.7;21.5;73.9;1.3;TOTAL;4
PIURA;AYABACA;18.1;22.2;15.2;89.3;22.1;2026;17;18.3;22.6;15.2;87.1;7.9;TOTAL;2
PIURA;HUANCABAMBA;16.7;20.7;13.7;88.8;21.4;2026;17;16.2;20.5;12.9;87.4;6.8;TOTAL;2
PIURA;MORROPON;21.7;26.3;18.4;82.5;15.7;2026;17;22.7;27.5;18.9;79.8;4.6;TOTAL;177
PIURA;PAITA;23.7;28.2;20.9;77.4;4.2;2026;17;24;28.9;21;75.5;1.4;TOTAL;2
PIURA;PIURA;24;29.1;20.5;76.1;8.5;2026;17;24.9;30.8;20.8;72.3;2;TOTAL;64
PIURA;SECHURA;23.2;27.5;20.6;79.3;0.7;2026;17;23.3;28.2;20.4;78.1;1.4;TOTAL;3
PIURA;SULLANA;24.2;29.3;20.6;75.8;7.7;2026;17;24.9;30.4;21.1;73.7;2.6;TOTAL;53
PIURA;TALARA;24.5;30;21;72.5;1.9;2026;17;24.4;29.5;21.3;73.8;1.4;TOTAL;3
PIURA;AYABACA;;;;;9.6;2026;18;18.4;22.8;15.1;85.9;4.7;;
PIURA;HUANCABAMBA;;;;;8.9;2026;18;16.2;20.7;12.8;86.5;4.7;;
PIURA;MORROPON;;;;;8.8;2026;18;22.6;27.6;18.7;79.1;2.1;;
PIURA;PAITA;;;;;0.4;2026;18;23.8;28.9;20.7;75.6;1.2;;
PIURA;PIURA;;;;;3.4;2026;18;24.7;30.9;20.5;72;1.3;;
PIURA;SECHURA;;;;;0.2;2026;18;23.1;28;20.2;78.1;1.2;;
PIURA;SULLANA;;;;;4.2;2026;18;24.8;30.6;20.8;72.8;1.4;;
PIURA;TALARA;;;;;1.8;2026;18;24.2;29.6;21;73.6;1.3;;
PIURA;AYABACA;;;;;;2026;19;18.5;23.1;15.1;84.6;6.4;;
PIURA;HUANCABAMBA;;;;;;2026;19;16.3;20.9;12.7;85.4;7.3;;
PIURA;MORROPON;;;;;;2026;19;22.5;27.7;18.4;78.4;3.9;;
PIURA;PAITA;;;;;;2026;19;23.4;28.5;20.4;76;2.1;;
PIURA;PIURA;;;;;;2026;19;24.4;30.7;20.1;71.7;2.8;;
PIURA;SECHURA;;;;;;2026;19;22.8;27.7;19.9;78.1;2;;
PIURA;SULLANA;;;;;;2026;19;24.7;30.7;20.5;72.1;3;;
PIURA;TALARA;;;;;;2026;19;24;29.4;20.8;73.7;2.5;;
PIURA;AYABACA;;;;;;2026;20;18.4;23.1;14.9;84;4.2;;
PIURA;HUANCABAMBA;;;;;;2026;20;16.1;20.8;12.5;84.7;3.9;;
PIURA;MORROPON;;;;;;2026;20;22.1;27.3;18;78.3;2.1;;
PIURA;PAITA;;;;;;2026;20;23.1;28.1;20;76.1;1.5;;
PIURA;PIURA;;;;;;2026;20;24;30.3;19.7;71.8;1;;
PIURA;SECHURA;;;;;;2026;20;22.4;27.2;19.6;78.3;1;;
PIURA;SULLANA;;;;;;2026;20;24.3;30.4;20.1;71.8;1.2;;
PIURA;TALARA;;;;;;2026;20;23.6;29.1;20.4;73.8;1.1;;
PIURA;AYABACA;;;;;;2026;21;18.1;22.7;14.7;84.4;4.3;;
PIURA;HUANCABAMBA;;;;;;2026;21;15.9;20.5;12.4;85.4;4.7;;
PIURA;MORROPON;;;;;;2026;21;21.7;26.9;17.6;78.1;2.4;;
PIURA;PAITA;;;;;;2026;21;22.6;27.6;19.6;76.5;1.5;;
PIURA;PIURA;;;;;;2026;21;23.5;29.7;19.2;71.8;1.5;;
PIURA;SECHURA;;;;;;2026;21;22;26.7;19.2;78.7;1.5;;
PIURA;SULLANA;;;;;;2026;21;23.9;30;19.6;71.5;1.9;;
PIURA;TALARA;;;;;;2026;21;23.2;28.7;19.9;73.9;2.1;;
PIURA;AYABACA;;;;;;2026;22;18;22.9;14.5;82.6;3.2;;
PIURA;HUANCABAMBA;;;;;;2026;22;15.8;20.6;12;84;3.9;;
PIURA;MORROPON;;;;;;2026;22;21.5;26.8;17.3;77.5;1.4;;
PIURA;PAITA;;;;;;2026;22;22.2;27.2;19.2;76.8;1;;
PIURA;PIURA;;;;;;2026;22;23.2;29.5;18.8;71.7;1;;
PIURA;SECHURA;;;;;;2026;22;21.6;26.3;18.8;78.7;0.8;;
PIURA;SULLANA;;;;;;2026;22;23.6;29.9;19.2;71.1;0.8;;
PIURA;TALARA;;;;;;2026;22;22.8;28.4;19.5;74;0.7;;
PIURA;AYABACA;;;;;;2026;23;18.1;23.1;14.3;81.3;2.4;;
PIURA;HUANCABAMBA;;;;;;2026;23;15.7;20.8;11.8;83;3.4;;
PIURA;MORROPON;;;;;;2026;23;21.3;26.8;17;77.1;1.1;;
PIURA;PAITA;;;;;;2026;23;22;26.9;19;77.2;0.7;;
PIURA;PIURA;;;;;;2026;23;23;29.3;18.6;71.9;0.6;;
PIURA;SECHURA;;;;;;2026;23;21.4;26.1;18.7;79;0.8;;
PIURA;SULLANA;;;;;;2026;23;23.4;29.8;19;70.9;0.5;;
PIURA;TALARA;;;;;;2026;23;22.6;28.2;19.3;74.3;0.5;;
PIURA;AYABACA;;;;;;2026;24;18;23.2;14;79.6;2.6;;
PIURA;HUANCABAMBA;;;;;;2026;24;15.6;20.9;11.4;81.5;3.1;;
PIURA;MORROPON;;;;;;2026;24;20.9;26.4;16.5;76.9;1.4;;
PIURA;PAITA;;;;;;2026;24;21.5;26.4;18.5;77.7;0.5;;
PIURA;PIURA;;;;;;2026;24;22.5;28.9;18.1;72;0.9;;
PIURA;SECHURA;;;;;;2026;24;21;25.6;18.3;79.1;0.7;;
PIURA;SULLANA;;;;;;2026;24;23;29.4;18.5;71;0.9;;
PIURA;TALARA;;;;;;2026;24;22.1;27.8;18.8;74.8;0.8;;
PIURA;AYABACA;;;;;;2026;25;17.9;23.1;14.1;79.5;1.6;;
PIURA;HUANCABAMBA;;;;;;2026;25;15.5;20.8;11.5;81.1;2.2;;
PIURA;MORROPON;;;;;;2026;25;20.7;26;16.5;77.5;1.2;;
PIURA;PAITA;;;;;;2026;25;21.3;26;18.4;78;0.7;;
PIURA;PIURA;;;;;;2026;25;22.2;28.3;18;72.8;0.6;;
PIURA;SECHURA;;;;;;2026;25;20.8;25.2;18.2;79.5;0.7;;
PIURA;SULLANA;;;;;;2026;25;22.8;29.1;18.3;71.2;0.5;;
PIURA;TALARA;;;;;;2026;25;22;27.6;18.7;74.8;0.7;;
PIURA;AYABACA;;;;;;2026;26;17.8;23.2;13.9;78.5;1.6;;
PIURA;HUANCABAMBA;;;;;;2026;26;15.4;20.9;11.2;80.3;1.9;;
PIURA;MORROPON;;;;;;2026;26;20.5;25.9;16.2;77.5;0.8;;
PIURA;PAITA;;;;;;2026;26;21.1;25.9;18.1;78.1;0.4;;
PIURA;PIURA;;;;;;2026;26;22;28.2;17.7;72.8;0.5;;
PIURA;SECHURA;;;;;;2026;26;20.6;25.1;17.9;79.6;0.6;;
PIURA;SULLANA;;;;;;2026;26;22.6;29;18.1;71.2;0.5;;
PIURA;TALARA;;;;;;2026;26;21.7;27.3;18.4;75;0.5;;
PIURA;AYABACA;;;;;;2026;27;17.8;23.4;13.6;77.3;1.4;;
PIURA;HUANCABAMBA;;;;;;2026;27;15.3;21;10.9;79.2;1.7;;
PIURA;MORROPON;;;;;;2026;27;20.2;25.8;15.9;77.3;0.8;;
PIURA;PAITA;;;;;;2026;27;20.8;25.6;17.9;78.3;0.4;;
PIURA;PIURA;;;;;;2026;27;21.8;28;17.5;72.9;0.3;;
PIURA;SECHURA;;;;;;2026;27;20.3;24.8;17.7;79.7;0.4;;
PIURA;SULLANA;;;;;;2026;27;22.3;28.9;17.8;71.3;0.3;;
PIURA;TALARA;;;;;;2026;27;21.5;27.1;18.1;75.1;0.4;;
PIURA;AYABACA;;;;;;2026;28;17.8;23.4;13.6;76.8;1.9;;
PIURA;HUANCABAMBA;;;;;;2026;28;15.3;21.1;10.9;78.6;2;;
PIURA;MORROPON;;;;;;2026;28;20.1;25.7;15.7;77;1.1;;
PIURA;PAITA;;;;;;2026;28;20.5;25.3;17.5;78.3;1.2;;
PIURA;PIURA;;;;;;2026;28;21.5;27.8;17.2;72.7;1.1;;
PIURA;SECHURA;;;;;;2026;28;20;24.5;17.4;79.5;0.9;;
PIURA;SULLANA;;;;;;2026;28;22.1;28.8;17.5;70.8;1;;
PIURA;TALARA;;;;;;2026;28;21.2;26.9;17.8;75;0.8;;
PIURA;AYABACA;;;;;;2026;29;17.8;23.6;13.5;75.5;1;;
PIURA;HUANCABAMBA;;;;;;2026;29;15.3;21.2;10.7;77.5;1.5;;
PIURA;MORROPON;;;;;;2026;29;19.9;25.6;15.5;76.8;0.5;;
PIURA;PAITA;;;;;;2026;29;20.3;25.1;17.3;78.4;0.4;;
PIURA;PIURA;;;;;;2026;29;21.3;27.7;17;72.8;0.3;;
PIURA;SECHURA;;;;;;2026;29;19.8;24.4;17.2;79.5;0.5;;
PIURA;SULLANA;;;;;;2026;29;22;28.7;17.3;70.7;0.2;;
PIURA;TALARA;;;;;;2026;29;21.1;26.8;17.6;75;0.2;;
PIURA;AYABACA;;;;;;2026;30;18;23.9;13.6;74.8;1;;
PIURA;HUANCABAMBA;;;;;;2026;30;15.4;21.4;10.9;76.8;2;;
PIURA;MORROPON;;;;;;2026;30;20;25.7;15.6;76.9;0.6;;
PIURA;PAITA;;;;;;2026;30;20.3;25.1;17.3;78.5;0.2;;
PIURA;PIURA;;;;;;2026;30;21.3;27.7;17;73;0.2;;
PIURA;SECHURA;;;;;;2026;30;19.8;24.3;17.2;79.6;0.2;;
PIURA;SULLANA;;;;;;2026;30;22;28.7;17.3;70.8;0.2;;
PIURA;TALARA;;;;;;2026;30;21;26.8;17.6;75.1;0.2;;
PIURA;AYABACA;;;;;;2026;31;17.9;24.1;13.2;73.8;1;;
PIURA;HUANCABAMBA;;;;;;2026;31;15.4;21.6;10.5;75.6;1.2;;
PIURA;MORROPON;;;;;;2026;31;19.7;25.5;15.2;76.6;0.8;;
PIURA;PAITA;;;;;;2026;31;20;24.8;17.1;78.5;0.2;;
PIURA;PIURA;;;;;;2026;31;21.1;27.5;16.7;72.9;0.3;;
PIURA;SECHURA;;;;;;2026;31;19.6;24.1;16.9;79.4;0.4;;
PIURA;SULLANA;;;;;;2026;31;21.7;28.6;17;70.8;0.1;;
PIURA;TALARA;;;;;;2026;31;20.8;26.6;17.3;75.1;0.1;;
PIURA;AYABACA;;;;;;2026;32;18;24.3;13.3;72.9;1;;
PIURA;HUANCABAMBA;;;;;;2026;32;15.5;21.7;10.7;75.1;1.3;;
PIURA;MORROPON;;;;;;2026;32;19.8;25.8;15.2;76;0.6;;
PIURA;PAITA;;;;;;2026;32;20;24.9;17;78;0.2;;
PIURA;PIURA;;;;;;2026;32;21.1;27.8;16.6;72.2;0.2;;
PIURA;SECHURA;;;;;;2026;32;19.6;24.3;16.9;78.8;0.1;;
PIURA;SULLANA;;;;;;2026;32;21.8;28.9;17;70;0.1;;
PIURA;TALARA;;;;;;2026;32;20.8;26.7;17.3;74.7;0.1;;
PIURA;AYABACA;;;;;;2026;33;18.1;24.4;13.3;73.2;0.9;;
PIURA;HUANCABAMBA;;;;;;2026;33;15.6;21.8;10.7;75.4;1.6;;
PIURA;MORROPON;;;;;;2026;33;20;25.9;15.2;76;0.7;;
PIURA;PAITA;;;;;;2026;33;20;25;17;78.2;0.2;;
PIURA;PIURA;;;;;;2026;33;21.2;27.9;16.7;72.2;0.2;;
PIURA;SECHURA;;;;;;2026;33;19.6;24.4;16.9;78.8;0.2;;
PIURA;SULLANA;;;;;;2026;33;21.9;28.9;17.1;70.2;0.2;;
PIURA;TALARA;;;;;;2026;33;20.8;26.7;17.3;75;0.1;;
PIURA;AYABACA;;;;;;2026;34;18.1;24.4;13.3;73;0.8;;
PIURA;HUANCABAMBA;;;;;;2026;34;15.7;21.9;10.8;75.2;1.3;;
PIURA;MORROPON;;;;;;2026;34;20;25.9;15.3;75.9;0.8;;
PIURA;PAITA;;;;;;2026;34;19.9;25;16.9;78.1;0.2;;
PIURA;PIURA;;;;;;2026;34;21.2;27.9;16.7;72;0.4;;
PIURA;SECHURA;;;;;;2026;34;19.5;24.4;16.8;78.8;0.4;;
PIURA;SULLANA;;;;;;2026;34;21.9;29;17.1;70;0.2;;
PIURA;TALARA;;;;;;2026;34;20.7;26.7;17.2;74.8;0.1;;
PIURA;AYABACA;;;;;;2026;35;18.2;24.4;13.6;73.8;0.9;;
PIURA;HUANCABAMBA;;;;;;2026;35;15.8;21.9;11.1;75.8;2;;
PIURA;MORROPON;;;;;;2026;35;20;26;15.4;76;1.1;;
PIURA;PAITA;;;;;;2026;35;20;25.1;16.9;78;0.2;;
PIURA;PIURA;;;;;;2026;35;21.3;28;16.7;71.8;0.3;;
PIURA;SECHURA;;;;;;2026;35;19.6;24.5;16.8;78.5;0.4;;
PIURA;SULLANA;;;;;;2026;35;21.9;29.1;17.1;69.9;0.1;;
PIURA;TALARA;;;;;;2026;35;20.7;26.7;17.2;74.8;0.1;;
PIURA;AYABACA;;;;;;2026;36;18.2;24.3;13.6;74.5;2.2;;
PIURA;HUANCABAMBA;;;;;;2026;36;15.9;21.8;11.1;76.4;3.8;;
PIURA;MORROPON;;;;;;2026;36;20.2;26.2;15.5;75.8;1.6;;
PIURA;PAITA;;;;;;2026;36;20.1;25.2;17;77.8;0.4;;
PIURA;PIURA;;;;;;2026;36;21.5;28.3;16.9;71.4;0.5;;
PIURA;SECHURA;;;;;;2026;36;19.7;24.7;16.8;78.4;0.5;;
PIURA;SULLANA;;;;;;2026;36;22.1;29.3;17.3;69.6;0.5;;
PIURA;TALARA;;;;;;2026;36;20.9;26.8;17.3;74.7;0.4;;
PIURA;AYABACA;;;;;;2026;37;18.3;24.4;13.6;74.7;3;;
PIURA;HUANCABAMBA;;;;;;2026;37;15.9;21.9;11.2;76.7;5;;
PIURA;MORROPON;;;;;;2026;37;20.3;26.3;15.6;75.5;2.1;;
PIURA;PAITA;;;;;;2026;37;20.1;25.3;17;77.5;0.4;;
PIURA;PIURA;;;;;;2026;37;21.5;28.4;16.9;71.1;0.7;;
PIURA;SECHURA;;;;;;2026;37;19.7;24.8;16.8;78.3;0.8;;
PIURA;SULLANA;;;;;;2026;37;22.2;29.4;17.4;69.4;0.6;;
PIURA;TALARA;;;;;;2026;37;20.9;26.9;17.4;74.4;0.4;;
PIURA;AYABACA;;;;;;2026;38;18.3;24.2;13.8;76.2;1.7;;
PIURA;HUANCABAMBA;;;;;;2026;38;16;21.8;11.5;77.8;2.7;;
PIURA;MORROPON;;;;;;2026;38;20.5;26.4;15.8;75.7;1.4;;
PIURA;PAITA;;;;;;2026;38;20.3;25.6;17.2;77.2;0.9;;
PIURA;PIURA;;;;;;2026;38;21.7;28.7;17.1;71;0.6;;
PIURA;SECHURA;;;;;;2026;38;19.8;24.9;16.9;78.3;0.6;;
PIURA;SULLANA;;;;;;2026;38;22.4;29.6;17.6;69.2;0.8;;
PIURA;TALARA;;;;;;2026;38;21.1;27.2;17.6;74.2;0.6;;
PIURA;AYABACA;;;;;;2026;39;18.2;23.9;14;77.7;2.2;;
PIURA;HUANCABAMBA;;;;;;2026;39;16;21.5;11.7;79.4;3.6;;
PIURA;MORROPON;;;;;;2026;39;20.5;26.5;15.9;75.6;1.2;;
PIURA;PAITA;;;;;;2026;39;20.3;25.5;17.2;77.3;0.4;;
PIURA;PIURA;;;;;;2026;39;21.7;28.7;17;70.9;0.4;;
PIURA;SECHURA;;;;;;2026;39;19.8;25;16.9;78.1;0.6;;
PIURA;SULLANA;;;;;;2026;39;22.4;29.6;17.6;69.3;0.4;;
PIURA;TALARA;;;;;;2026;39;21.1;27.1;17.6;74.2;0.3;;
PIURA;AYABACA;;;;;;2026;40;18.3;23.9;14.1;78;2;;
PIURA;HUANCABAMBA;;;;;;2026;40;16;21.5;11.8;80.3;3.7;;
PIURA;MORROPON;;;;;;2026;40;20.7;26.6;16;75.4;1.3;;
PIURA;PAITA;;;;;;2026;40;20.4;25.7;17.3;76.9;0.3;;
PIURA;PIURA;;;;;;2026;40;21.9;28.9;17.1;70.5;0.5;;
PIURA;SECHURA;;;;;;2026;40;19.9;25.1;17;78.1;0.3;;
PIURA;SULLANA;;;;;;2026;40;22.5;29.8;17.7;68.7;0.5;;
PIURA;TALARA;;;;;;2026;40;21.2;27.3;17.7;73.8;0.3;;
PIURA;AYABACA;;;;;;2026;41;18.1;23.6;14;79.2;3.9;;
PIURA;HUANCABAMBA;;;;;;2026;41;15.9;21.2;11.8;80.9;4.9;;
PIURA;MORROPON;;;;;;2026;41;20.7;26.7;16;75.4;2;;
PIURA;PAITA;;;;;;2026;41;20.4;25.8;17.3;76.9;0.8;;
PIURA;PIURA;;;;;;2026;41;21.9;29;17.2;70.5;1.1;;
PIURA;SECHURA;;;;;;2026;41;20;25.2;17;78;0.9;;
PIURA;SULLANA;;;;;;2026;41;22.5;29.9;17.7;68.7;0.7;;
PIURA;TALARA;;;;;;2026;41;21.2;27.3;17.7;73.8;0.9;;
PIURA;AYABACA;;;;;;2026;42;18;23.4;13.9;79.1;5.3;;
PIURA;HUANCABAMBA;;;;;;2026;42;15.8;21;11.7;80.6;8.7;;
PIURA;MORROPON;;;;;;2026;42;20.6;26.6;16;75.6;4.7;;
PIURA;PAITA;;;;;;2026;42;20.4;25.7;17.3;77.4;1.4;;
PIURA;PIURA;;;;;;2026;42;21.8;28.9;17.1;71;2.5;;
PIURA;SECHURA;;;;;;2026;42;20;25.2;17.1;78.3;2.1;;
PIURA;SULLANA;;;;;;2026;42;22.4;29.8;17.6;69.2;1.7;;
PIURA;TALARA;;;;;;2026;42;21.1;27.2;17.6;74.5;1.3;;
PIURA;AYABACA;;;;;;2026;43;18;23.2;14.1;80.9;4.5;;
PIURA;HUANCABAMBA;;;;;;2026;43;15.8;20.8;11.9;83.1;8.2;;
PIURA;MORROPON;;;;;;2026;43;20.7;26.8;16.2;76;3.2;;
PIURA;PAITA;;;;;;2026;43;20.6;26;17.6;77.3;0.9;;
PIURA;PIURA;;;;;;2026;43;22.1;29.3;17.4;70.8;1.4;;
PIURA;SECHURA;;;;;;2026;43;20.3;25.7;17.4;77.8;1.4;;
PIURA;SULLANA;;;;;;2026;43;22.5;30;17.8;69.4;0.6;;
PIURA;TALARA;;;;;;2026;43;21.3;27.4;17.8;74.5;0.6;;
PIURA;AYABACA;;;;;;2026;44;18;23.2;14.1;80.9;2.6;;
PIURA;HUANCABAMBA;;;;;;2026;44;15.8;20.8;11.9;82.3;5.1;;
PIURA;MORROPON;;;;;;2026;44;20.8;26.9;16.2;75.6;1.4;;
PIURA;PAITA;;;;;;2026;44;20.9;26.3;17.9;77.1;0.5;;
PIURA;PIURA;;;;;;2026;44;22.2;29.4;17.5;70.6;0.5;;
PIURA;SECHURA;;;;;;2026;44;20.6;25.9;17.6;77.8;0.7;;
PIURA;SULLANA;;;;;;2026;44;22.8;30.2;17.9;69.2;0.3;;
PIURA;TALARA;;;;;;2026;44;21.5;27.7;18;74.4;0.4;;
PIURA;AYABACA;;;;;;2026;45;17.9;23.1;14.1;81.6;5.3;;
PIURA;HUANCABAMBA;;;;;;2026;45;15.8;20.7;12;83.4;8.2;;
PIURA;MORROPON;;;;;;2026;45;20.7;26.6;16.3;76.4;3.4;;
PIURA;PAITA;;;;;;2026;45;20.9;26.2;17.8;77.4;0.9;;
PIURA;PIURA;;;;;;2026;45;22.1;29.2;17.6;71.3;1.4;;
PIURA;SECHURA;;;;;;2026;45;20.5;25.7;17.6;78.2;1.3;;
PIURA;SULLANA;;;;;;2026;45;22.7;29.9;17.9;69.5;0.6;;
PIURA;TALARA;;;;;;2026;45;21.4;27.6;18;74.5;0.5;;
PIURA;AYABACA;;;;;;2026;46;18;23.2;14.1;81.1;5.4;;
PIURA;HUANCABAMBA;;;;;;2026;46;15.8;20.9;11.7;82.5;8.8;;
PIURA;MORROPON;;;;;;2026;46;21;27.1;16.4;75.7;2.8;;
PIURA;PAITA;;;;;;2026;46;21.2;26.5;18.1;77.3;0.9;;
PIURA;PIURA;;;;;;2026;46;22.5;29.6;17.8;71;1.1;;
PIURA;SECHURA;;;;;;2026;46;20.9;26.2;17.9;77.7;0.9;;
PIURA;SULLANA;;;;;;2026;46;22.9;30.2;18.1;69.6;0.7;;
PIURA;TALARA;;;;;;2026;46;21.6;27.8;18.2;74.7;0.7;;
PIURA;AYABACA;;;;;;2026;47;17.9;23.1;13.9;80.3;4.4;;
PIURA;HUANCABAMBA;;;;;;2026;47;15.7;20.7;11.6;81.8;5.6;;
PIURA;MORROPON;;;;;;2026;47;21;27;16.4;75.4;2.6;;
PIURA;PAITA;;;;;;2026;47;21.2;26.5;18.1;77.6;1.2;;
PIURA;PIURA;;;;;;2026;47;22.5;29.5;17.8;71;1.2;;
PIURA;SECHURA;;;;;;2026;47;21;26.2;18;78.2;1.6;;
PIURA;SULLANA;;;;;;2026;47;23;30.2;18.2;69.4;1.2;;
PIURA;TALARA;;;;;;2026;47;21.8;27.8;18.2;74.6;0.9;;
PIURA;AYABACA;;;;;;2026;48;18.1;23.2;14.2;81.2;3.9;;
PIURA;HUANCABAMBA;;;;;;2026;48;15.9;20.8;12;83;5.5;;
PIURA;MORROPON;;;;;;2026;48;21.3;27.2;16.8;75.9;2;;
PIURA;PAITA;;;;;;2026;48;21.7;27;18.6;76.9;0.8;;
PIURA;PIURA;;;;;;2026;48;22.9;29.9;18.3;70.9;1.1;;
PIURA;SECHURA;;;;;;2026;48;21.4;26.7;18.4;77.7;1;;
PIURA;SULLANA;;;;;;2026;48;23.3;30.5;18.6;69.2;1;;
PIURA;TALARA;;;;;;2026;48;22.2;28.2;18.7;74;0.6;;
PIURA;AYABACA;;;;;;2026;49;18.1;23.1;14.4;81.9;4.6;;
PIURA;HUANCABAMBA;;;;;;2026;49;15.8;20.6;12.1;83.8;6;;
PIURA;MORROPON;;;;;;2026;49;21.6;27.3;17.2;76.3;2.9;;
PIURA;PAITA;;;;;;2026;49;22.2;27.4;19.1;77;1.6;;
PIURA;PIURA;;;;;;2026;49;23.3;30.2;18.7;71;1.4;;
PIURA;SECHURA;;;;;;2026;49;21.9;27.1;18.9;78;1.5;;
PIURA;SULLANA;;;;;;2026;49;23.7;30.7;19;69.4;1.1;;
PIURA;TALARA;;;;;;2026;49;22.6;28.5;19.1;74.3;0.7;;
PIURA;AYABACA;;;;;;2026;50;18.2;23;14.8;83.2;5.8;;
PIURA;HUANCABAMBA;;;;;;2026;50;16;20.5;12.5;85.5;7.1;;
PIURA;MORROPON;;;;;;2026;50;21.9;27.5;17.6;76.5;2.7;;
PIURA;PAITA;;;;;;2026;50;22.5;27.6;19.5;77.1;1.5;;
PIURA;PIURA;;;;;;2026;50;23.7;30.5;19.2;70.9;1.4;;
PIURA;SECHURA;;;;;;2026;50;22.2;27.4;19.2;77.8;1.4;;
PIURA;SULLANA;;;;;;2026;50;23.9;30.8;19.5;69.9;1.1;;
PIURA;TALARA;;;;;;2026;50;22.8;28.5;19.5;74.6;1;;
PIURA;AYABACA;;;;;;2026;51;18.1;22.8;14.7;83.6;4.5;;
PIURA;HUANCABAMBA;;;;;;2026;51;15.9;20.4;12.4;85.7;4.6;;
PIURA;MORROPON;;;;;;2026;51;22.2;27.7;17.9;76.8;1.8;;
PIURA;PAITA;;;;;;2026;51;22.9;27.9;19.9;77.1;1.4;;
PIURA;PIURA;;;;;;2026;51;24.1;30.7;19.6;70.9;1;;
PIURA;SECHURA;;;;;;2026;51;22.8;27.9;19.7;77.3;0.7;;
PIURA;SULLANA;;;;;;2026;51;24.2;30.9;19.8;70.1;0.9;;
PIURA;TALARA;;;;;;2026;51;23.2;28.8;19.9;74.5;0.9;;
PIURA;AYABACA;;;;;;2026;52;18.2;22.9;15;84.1;6.5;;
PIURA;HUANCABAMBA;;;;;;2026;52;16;20.6;12.6;85.7;7.9;;
PIURA;MORROPON;;;;;;2026;52;22.5;27.8;18.4;77.2;3.6;;
PIURA;PAITA;;;;;;2026;52;23.4;28.4;20.4;77.2;1.6;;
PIURA;PIURA;;;;;;2026;52;24.6;31;20.2;71.1;2;;
PIURA;SECHURA;;;;;;2026;52;23.3;28.3;20.2;77.5;1.3;;
PIURA;SULLANA;;;;;;2026;52;24.5;30.9;20.4;70.9;1.8;;
PIURA;TALARA;;;;;;2026;52;23.5;29;20.4;75.1;1.4;;
